# File exported by ZBrush version 2025
# www.zbrush.com
#Vertex Count 8066
#UV Vertex Count 8384
#Face Count 8192
#Auto scale x=1.000000 y=1.000000 z=1.000000
#Auto offset x=0.000000 y=0.000000 z=0.000000
mtllib Right Lung Superior Lobe.mtl
usemtl defaultMat
v 1.18812453 3.19407701 3.04405736
v 1.31090354 3.1339457 2.86030864
v 1.3000102 3.14384079 2.86183142
v 1.288401 3.15418338 2.86411786
v 1.27608895 3.16494989 2.86716055
v 1.26310324 3.17609214 2.87092042
v 1.24948108 3.18756985 2.87537384
v 1.23528289 3.19930076 2.88044548
v 1.22061741 3.2111206 2.88601398
v 1.20554328 3.22300815 2.89206504
v 1.19014954 3.234869 2.89853644
v 1.17456924 3.24658489 2.90532326
v 1.15891706 3.25805616 2.91235256
v 1.14332199 3.26917696 2.91954469
v 1.12792396 3.27984333 2.9268229
v 1.11283683 3.28997373 2.93412971
v 1.09819328 3.29949259 2.94140195
v 1.08409225 3.30834746 2.94860696
v 1.07062983 3.31650233 2.95571208
v 1.0578953 3.32391214 2.96268463
v 1.0459485 3.33057522 2.96952271
v 1.034832 3.33649087 2.97622585
v 1.02458369 3.34166812 2.98278904
v 1.01521718 3.34613752 2.98923444
v 1.00673949 3.34991478 2.99558401
v 0.99914729 3.35303258 3.00184917
v 0.99242764 3.3555336 3.00805592
v 0.98657369 3.35745334 3.01423263
v 0.98156166 3.35890698 3.02042555
v 0.97738069 3.35955262 3.02655005
v 0.97400289 3.35965204 3.03269481
v 0.97141033 3.35922098 3.03887152
v 0.96958249 3.35827755 3.04510617
v 0.96849244 3.35683322 3.05140113
v 0.9681189 3.3549056 3.05777406
v 0.96844196 3.3525052 3.06422591
v 0.96943765 3.34963131 3.07075548
v 0.97107601 3.34630131 3.07735943
v 0.97333383 3.34252357 3.08402681
v 0.97618329 3.33831071 3.09074187
v 0.97958779 3.33367252 3.09747982
v 0.98351091 3.32863402 3.10422229
v 0.98791515 3.32321238 3.11093115
v 0.99275863 3.31743454 3.11757135
v 0.99799078 3.31133246 3.12412214
v 1.0035752 3.30493426 3.13052988
v 1.00946104 3.29827928 3.1367731
v 1.0156064 3.29140234 3.1428163
v 1.02196502 3.28433394 3.14862299
v 1.02850031 3.27711725 3.15416336
v 1.03517127 3.26979112 3.1594119
v 1.04193854 3.26239323 3.1643517
v 1.04876995 3.25495934 3.16895794
v 1.05564081 3.24752259 3.17321729
v 1.06252408 3.24012303 3.1771121
v 1.06939256 3.2327876 3.18063306
v 1.07623684 3.22554731 3.18376946
v 1.08303582 3.21842479 3.18651866
v 1.08978056 3.21144199 3.18887472
v 1.09647142 3.20461368 3.19083046
v 1.10309672 3.19796633 3.19238328
v 1.10965108 3.19150924 3.19353723
v 1.11614334 3.18524384 3.19429278
v 1.12257266 3.17919588 3.19464707
v 1.1289407 3.17335605 3.19460535
v 1.1352514 3.16773557 3.19417381
v 1.14151573 3.1623218 3.19335222
v 1.14773905 3.15712976 3.19214439
v 1.15392839 3.1521368 3.1905601
v 1.16009438 3.14734721 3.18859863
v 1.16623997 3.14274406 3.18627905
v 1.17237663 3.1383202 3.18360042
v 1.17851448 3.13406515 3.18057513
v 1.18465852 3.12996268 3.17721271
v 1.19081819 3.12599349 3.17352056
v 1.19699454 3.122159 3.16951203
v 1.20320165 3.11842155 3.16520166
v 1.20943963 3.11478519 3.16060185
v 1.21571719 3.11122226 3.15571498
v 1.22203779 3.1077218 3.15056753
v 1.22840559 3.10427022 3.14516949
v 1.23481679 3.10084748 3.13953805
v 1.24127554 3.0974493 3.13369083
v 1.24778032 3.09405732 3.12763238
v 1.25433313 3.09067177 3.12139034
v 1.26091635 3.0872879 3.11497616
v 1.26753377 3.08389949 3.10840773
v 1.27417278 3.08050942 3.10169363
v 1.2808237 3.07712125 3.09485912
v 1.28747284 3.07374334 3.08790993
v 1.29410481 3.07038021 3.0808649
v 1.30070233 3.06705331 3.07373881
v 1.30724978 3.06376576 3.06653666
v 1.31372702 3.06054329 3.05927658
v 1.32010924 3.05740118 3.05196952
v 1.32637965 3.05435681 3.04462528
v 1.33251059 3.05144095 3.03725695
v 1.33848059 3.04866957 3.02987623
v 1.34426355 3.04606938 3.02249193
v 1.34983503 3.04365587 3.01511478
v 1.3551774 3.04145073 3.00775384
v 1.36026418 3.0394752 3.00041437
v 1.36506795 3.03775501 2.99310755
v 1.36956858 3.03630638 2.9858427
v 1.37373817 3.03515195 2.97864031
v 1.37756073 3.03430557 2.97148346
v 1.38100397 3.03378057 2.96439528
v 1.38404536 3.03359699 2.9573791
v 1.38666272 3.03376483 2.95044112
v 1.38883459 3.03429722 2.94358897
v 1.3905344 3.03520178 2.93683028
v 1.39174032 3.03649306 2.93017792
v 1.39243435 3.03818225 2.92363452
v 1.39259243 3.04027843 2.91722536
v 1.39219999 3.04278755 2.91096091
v 1.39123439 3.04572439 2.90487718
v 1.38968312 3.0490899 2.89899611
v 1.3875314 3.05289006 2.89335084
v 1.38476693 3.05713582 2.88799047
v 1.38137662 3.06182909 2.88295102
v 1.37730157 3.06685948 2.87816548
v 1.37261736 3.072407 2.87385225
v 1.36728978 3.07842826 2.87002158
v 1.36129748 3.08489799 2.86669659
v 1.35463178 3.09180188 2.86388993
v 1.34729373 3.09922981 2.86175012
v 1.33926212 3.10716676 2.86029338
v 1.33052814 3.11559748 2.85955143
v 1.32107567 3.1245253 2.85955023
v 1.44079923 3.04404425 2.64559721
v 1.42043221 3.06392812 2.64943862
v 1.39842176 3.08490395 2.65524292
v 1.37479233 3.10683012 2.66289877
v 1.34957063 3.12963008 2.67236018
v 1.32282519 3.15315294 2.68349552
v 1.29465901 3.17720508 2.69611525
v 1.26523375 3.20153307 2.70995903
v 1.23472821 3.22591066 2.72478056
v 1.20336675 3.25007605 2.74030375
v 1.17144691 3.27366375 2.75620722
v 1.13935124 3.29622054 2.77212858
v 1.10736417 3.31755113 2.78791379
v 1.07572317 3.33758401 2.80346489
v 1.04471099 3.35617041 2.81865668
v 1.01458668 3.3732078 2.83340239
v 0.98559457 3.38864755 2.84763932
v 0.95793116 3.40250515 2.86135792
v 0.93178087 3.41473794 2.87455916
v 0.90731167 3.42523312 2.88722968
v 0.88457059 3.43421769 2.89946675
v 0.86361348 3.44178819 2.91133332
v 0.84446233 3.44804835 2.92290735
v 0.82712572 3.453094 2.93425273
v 0.81158101 3.45702981 2.94545245
v 0.79780209 3.45995378 2.95657587
v 0.78575962 3.46194887 2.96767902
v 0.7754153 3.46309518 2.97882676
v 0.76672524 3.46344947 2.99007535
v 0.75965219 3.46305799 3.00147557
v 0.75414592 3.46195793 3.01307225
v 0.75017154 3.46018385 3.02490139
v 0.74767923 3.45775485 3.03699016
v 0.74662637 3.45469522 3.04937052
v 0.74696975 3.4510827 3.06207037
v 0.74869316 3.44668602 3.07499647
v 0.75175714 3.44141078 3.08809757
v 0.75609612 3.43543958 3.10141181
v 0.7616536 3.42876482 3.11489868
v 0.76836633 3.42137193 3.12850904
v 0.77617728 3.41326451 3.14217639
v 0.78502118 3.40444374 3.15583801
v 0.79480254 3.39492225 3.1694231
v 0.80545276 3.38472461 3.18284702
v 0.81688022 3.37387657 3.19604325
v 0.82900822 3.36241579 3.2089281
v 0.84173548 3.35038685 3.22144007
v 0.85497212 3.33783626 3.2335
v 0.86861151 3.32483744 3.24504113
v 0.88256526 3.31145191 3.25600338
v 0.89673876 3.29775834 3.26634335
v 0.91105407 3.28382754 3.2760055
v 0.9254415 3.26974082 3.28496122
v 0.93982541 3.25557947 3.29318642
v 0.95416611 3.24142336 3.30064988
v 0.96840572 3.22735047 3.30734491
v 0.98251372 3.21341776 3.31325101
v 0.99646163 3.19970035 3.31836938
v 1.010239 3.18624782 3.32269001
v 1.02382361 3.17312288 3.32621312
v 1.03721511 3.16036176 3.32894349
v 1.05041134 3.14800238 3.33088731
v 1.0634154 3.13607239 3.33204937
v 1.0762372 3.12460112 3.33242988
v 1.08889174 3.11359262 3.3320496
v 1.1013931 3.10305976 3.33090663
v 1.11375188 3.09299683 3.32902145
v 1.12599158 3.08339476 3.32639741
v 1.1381278 3.07424116 3.32305288
v 1.15018165 3.06551742 3.31900095
v 1.16217136 3.05719041 3.31425213
v 1.17411053 3.04923653 3.3088231
v 1.18602228 3.04162383 3.30273151
v 1.19791913 3.03431773 3.29599976
v 1.20981526 3.02726936 3.28863573
v 1.22173237 3.02045464 3.28066539
v 1.23367178 3.01381897 3.27210736
v 1.24565088 3.00733971 3.26298975
v 1.25768601 3.00096488 3.25331449
v 1.26977527 2.99466037 3.2431209
v 1.28192806 2.98838996 3.23242092
v 1.29414045 2.9821341 3.22124934
v 1.3064171 2.97586488 3.20962572
v 1.31874573 2.96956801 3.19758296
v 1.33112371 2.96322774 3.18514251
v 1.34353542 2.95684146 3.17233705
v 1.35596001 2.95040559 3.1592009
v 1.36838924 2.94394254 3.1457448
v 1.38079071 2.9374628 3.13200426
v 1.39313983 2.93098449 3.11801147
v 1.40540468 2.92453241 3.10379719
v 1.41755354 2.91814017 3.08938717
v 1.42955374 2.91184139 3.07479739
v 1.4413681 2.90569448 3.0600605
v 1.45296061 2.89973354 3.04519438
v 1.46429133 2.8940165 3.03022193
v 1.4753189 2.88857698 3.01517081
v 1.48600316 2.88346719 3.00006413
v 1.49630487 2.87873029 2.98492002
v 1.50619316 2.87439131 2.96975898
v 1.51562511 2.87049651 2.95459437
v 1.52456522 2.86708188 2.93944549
v 1.53297305 2.86418032 2.92432951
v 1.54081165 2.86183118 2.90926122
v 1.5480448 2.8600533 2.89424729
v 1.55463457 2.85887098 2.87930345
v 1.56054508 2.85830307 2.86443018
v 1.5657432 2.85836863 2.84963631
v 1.57018959 2.85908794 2.83493137
v 1.57384753 2.86047983 2.82032537
v 1.5764997 2.8626337 2.80593085
v 1.57835614 2.86545968 2.79163026
v 1.57933938 2.86899662 2.7774775
v 1.57939255 2.87327337 2.7635312
v 1.57822978 2.87838435 2.74995827
v 1.57609868 2.8842535 2.73669457
v 1.57301163 2.89090037 2.72379756
v 1.56878054 2.89837884 2.71143794
v 1.56335103 2.90670108 2.6997118
v 1.5569036 2.9158771 2.68867349
v 1.54933083 2.92596054 2.67848801
v 1.54056465 2.93698835 2.66930651
v 1.53050684 2.9489789 2.66126918
v 1.51915442 2.96201777 2.65455746
v 1.50644207 2.97614288 2.64932131
v 1.49230611 2.99138665 2.64569544
v 1.47669088 3.00777554 2.64379835
v 1.45954 3.02532339 2.64373517
v 1.57301127 2.93425941 2.41256499
v 1.54536736 2.96233153 2.41626572
v 1.51499128 2.99233984 2.42354035
v 1.48186516 3.02424168 2.4343996
v 1.44596779 3.05792832 2.44882655
v 1.4073106 3.09315228 2.46670484
v 1.3659836 3.1295607 2.48776435
v 1.32223415 3.16655945 2.51143384
v 1.27642428 3.20354104 2.5369935
v 1.2290374 3.23982095 2.56363487
v 1.18048739 3.27499914 2.59082007
v 1.13136792 3.30839228 2.61782383
v 1.08222055 3.33952641 2.64415645
v 1.03354251 3.36814713 2.66949629
v 0.98586386 3.39399385 2.69357204
v 0.93959462 3.41707372 2.71631431
v 0.89517706 3.43725252 2.73766732
v 0.85309028 3.45422911 2.75754666
v 0.81343287 3.46853232 2.77621531
v 0.77637934 3.48038053 2.79382967
v 0.74204057 3.48999309 2.81057238
v 0.71044677 3.4976387 2.82665205
v 0.68157142 3.50364279 2.84227895
v 0.65551835 3.50789213 2.85749173
v 0.63211584 3.51092577 2.87256288
v 0.6114242 3.51259589 2.88751792
v 0.59329044 3.51328682 2.9025588
v 0.57763153 3.51315498 2.91782069
v 0.56435269 3.51234102 2.93342447
v 0.55349779 3.51060915 2.94933962
v 0.54492443 3.50823402 2.96572327
v 0.53856635 3.50524854 2.98263812
v 0.53437256 3.50167012 3.00011682
v 0.53228688 3.49750399 3.01818728
v 0.53225797 3.49273228 3.03684568
v 0.53423112 3.48733806 3.05608892
v 0.53815853 3.48129797 3.075881
v 0.54395234 3.47468113 3.09622979
v 0.55166894 3.46700215 3.11685752
v 0.56119936 3.45836353 3.13772916
v 0.57241845 3.44882059 3.15879368
v 0.58523941 3.43833327 3.17992568
v 0.59955519 3.42686748 3.20099616
v 0.61526703 3.414402 3.2218883
v 0.63226246 3.40093278 3.24248051
v 0.65039241 3.38646078 3.26263904
v 0.66952455 3.37100529 3.28223896
v 0.68957704 3.35448479 3.30115914
v 0.71036112 3.33712053 3.31932973
v 0.731745 3.31885838 3.33661389
v 0.75353372 3.29991936 3.35294151
v 0.77559864 3.28033876 3.36821675
v 0.79779714 3.26029086 3.38238644
v 0.82001388 3.23984789 3.39539265
v 0.84212428 3.21927356 3.4072237
v 0.86404866 3.19867634 3.41784906
v 0.88571667 3.17817688 3.42725586
v 0.90707784 3.15790057 3.43544101
v 0.92808967 3.13797211 3.44241356
v 0.94872772 3.11849927 3.448179
v 0.96898299 3.09958386 3.45275449
v 0.9888525 3.08129739 3.4561491
v 1.00834143 3.06372308 3.45839381
v 1.02746796 3.04690599 3.45950388
v 1.04625928 3.03089284 3.45949435
v 1.06473875 3.01569032 3.45839357
v 1.08293914 3.00130963 3.45621728
v 1.10089552 2.98773217 3.45298028
v 1.11863815 2.97493958 3.44870638
v 1.13620448 2.96290183 3.44341087
v 1.15363049 2.95158052 3.43711423
v 1.1709342 2.9408648 3.42983198
v 1.18815016 2.93071699 3.42157745
v 1.20530402 2.92109394 3.4123826
v 1.22243022 2.91191911 3.40226721
v 1.23956978 2.90312862 3.39124679
v 1.25668716 2.89459753 3.37935805
v 1.27387046 2.8863058 3.36660981
v 1.29100143 2.87809538 3.35307645
v 1.30817639 2.86997747 3.33875751
v 1.32539415 2.86189293 3.32370066
v 1.3426578 2.85377454 3.30793261
v 1.35996782 2.84560179 3.29148078
v 1.37731707 2.83735299 3.27437615
v 1.39469325 2.82900667 3.25666165
v 1.41208481 2.82055497 3.23835492
v 1.42946219 2.81201124 3.2195115
v 1.44679975 2.80341053 3.2001605
v 1.46407318 2.7947607 3.18034577
v 1.48123908 2.78609824 3.16010928
v 1.4982655 2.77749157 3.13948679
v 1.51510405 2.76897835 3.11852335
v 1.53170621 2.76062226 3.09726333
v 1.54803299 2.75249028 3.075737
v 1.56402695 2.74463701 3.05398106
v 1.57954847 2.73721337 3.03210663
v 1.59451854 2.73029375 3.01017427
v 1.60902845 2.72382688 2.98809695
v 1.6230762 2.71784448 2.96586799
v 1.6365844 2.71240901 2.94353199
v 1.64937174 2.70765447 2.92121315
v 1.66158306 2.70348548 2.89878892
v 1.67312419 2.69998335 2.87631654
v 1.68393838 2.69717431 2.85381412
v 1.69395315 2.69510579 2.83129787
v 1.70317983 2.69375515 2.8087306
v 1.71157538 2.69313406 2.78611636
v 1.71908927 2.6932497 2.76345419
v 1.7256118 2.69418215 2.74083828
v 1.73113691 2.69591546 2.71822881
v 1.73548877 2.69856286 2.69576811
v 1.73885035 2.7019732 2.67319965
v 1.7410233 2.70628881 2.65076136
v 1.74164211 2.71178388 2.62892437
v 1.74133789 2.71795916 2.60688352
v 1.73958349 2.7252345 2.58537817
v 1.7364732 2.73354196 2.56432819
v 1.73216307 2.7427659 2.54360675
v 1.72639548 2.75310373 2.52362608
v 1.719244 2.76452755 2.50440359
v 1.71061861 2.77714538 2.48622345
v 1.70041298 2.79106736 2.46936249
v 1.68845725 2.80641865 2.4541347
v 1.67456758 2.82332539 2.44088697
v 1.65868973 2.84185957 2.4298253
v 1.64069604 2.86212539 2.42123937
v 1.62052559 2.88421154 2.41530656
v 1.59801757 2.90822506 2.41231966
v 1.70033729 2.81596231 2.18560314
v 1.6677699 2.8489573 2.18482065
v 1.63157177 2.88499355 2.18886232
v 1.59146666 2.92411041 2.19826746
v 1.54734396 2.96624612 2.21321511
v 1.49911475 3.01120352 2.23380613
v 1.4467448 3.0585246 2.26004695
v 1.39046502 3.10694837 2.29139256
v 1.33062779 3.15607023 2.32693338
v 1.26778912 3.20477581 2.36548328
v 1.20270073 3.25190186 2.40563035
v 1.13625681 3.29643774 2.4459145
v 1.06948304 3.33739161 2.48496317
v 1.00326812 3.37418174 2.52192926
v 0.93847036 3.40638566 2.55626869
v 0.87581205 3.43392944 2.58778548
v 0.81587278 3.45694518 2.61654901
v 0.75910872 3.47569751 2.64277577
v 0.70579624 3.49071002 2.66681408
v 0.65620595 3.50231409 2.68897271
v 0.61052042 3.51078724 2.70956754
v 0.56877338 3.51649379 2.72896194
v 0.5308063 3.52007269 2.74759316
v 0.49655273 3.52187848 2.76574039
v 0.46586871 3.52232289 2.78369903
v 0.43862965 3.5216887 2.80170917
v 0.41475707 3.52010703 2.81993007
v 0.39413759 3.51771211 2.83853173
v 0.37659385 3.51474356 2.85771727
v 0.36202061 3.51129674 2.87761879
v 0.35031396 3.50744748 2.89835262
v 0.34137454 3.50324893 2.92000937
v 0.33511409 3.49874925 2.94266152
v 0.33147901 3.4939239 2.96632838
v 0.3305574 3.48847103 2.99088859
v 0.33217054 3.48257923 3.01642537
v 0.33619159 3.47635507 3.04298234
v 0.34288078 3.46910142 3.07017993
v 0.35197976 3.46113276 3.09810519
v 0.36336231 3.45249223 3.12669706
v 0.37720418 3.44247984 3.15549778
v 0.39323756 3.43137574 3.1845231
v 0.41133803 3.41909289 3.21357965
v 0.43148857 3.40540957 3.24245357
v 0.45342779 3.39037966 3.27097559
v 0.47711989 3.37381148 3.29897379
v 0.50218093 3.35597896 3.32630586
v 0.52856749 3.33663582 3.35273885
v 0.55606555 3.31589865 3.37815284
v 0.58447933 3.29391527 3.40241861
v 0.61359763 3.27075338 3.42537856
v 0.64320027 3.24651241 3.44688653
v 0.67310321 3.22123146 3.46680021
v 0.70305502 3.1952703 3.48508381
v 0.73288703 3.16882753 3.50168037
v 0.76245641 3.14211511 3.51655125
v 0.79163563 3.11535215 3.52970004
v 0.8203299 3.08878827 3.54113364
v 0.84846442 3.06266021 3.55089879
v 0.87599533 3.03715562 3.55902481
v 0.90290063 3.0124197 3.56554198
v 0.92917257 2.98855662 3.57048964
v 0.95482438 2.96577572 3.57393527
v 0.97987985 2.94415879 3.57592344
v 1.00438463 2.92380023 3.57650828
v 1.02838814 2.90471148 3.57572054
v 1.05194544 2.88687658 3.57358932
v 1.07510817 2.87026524 3.57013535
v 1.09793269 2.85482883 3.56538987
v 1.12047326 2.84050798 3.55937624
v 1.14278566 2.82723307 3.55211329
v 1.16492295 2.81491422 3.54362249
v 1.18691074 2.80344033 3.5339086
v 1.20878708 2.79271888 3.52299404
v 1.23060214 2.7826488 3.51090002
v 1.25239288 2.77311301 3.49765586
v 1.27419006 2.76400208 3.48328113
v 1.29604303 2.7551999 3.4677937
v 1.3179512 2.74659204 3.45122003
v 1.33983206 2.73806953 3.43360638
v 1.36177814 2.72956037 3.41498303
v 1.38375091 2.72099804 3.39539766
v 1.40570914 2.71231126 3.37491416
v 1.42754685 2.70346713 3.35363817
v 1.44936871 2.69441771 3.33157682
v 1.47116136 2.68517017 3.30876779
v 1.49290359 2.67574143 3.28523993
v 1.5144993 2.66616797 3.26107358
v 1.53600728 2.65646529 3.23626089
v 1.55733275 2.64668989 3.21089172
v 1.57852375 2.63690567 3.18495225
v 1.59950506 2.62719321 3.15850639
v 1.62014257 2.61761641 3.13165807
v 1.64045584 2.60826301 3.10441231
v 1.66036641 2.59921312 3.07682871
v 1.67980527 2.59058213 3.04894757
v 1.69869196 2.58244943 3.02081441
v 1.71699404 2.5748918 2.99245905
v 1.73461079 2.56794619 2.96394038
v 1.75153493 2.56171417 2.93525385
v 1.76769173 2.55623006 2.90642786
v 1.78302431 2.55154538 2.87748479
v 1.79748642 2.54771471 2.84843444
v 1.81102645 2.54476141 2.8192811
v 1.82358527 2.54270172 2.79002761
v 1.8351202 2.54153561 2.7606728
v 1.8455944 2.54128098 2.73117995
v 1.85490679 2.54189825 2.70154714
v 1.86310911 2.54344248 2.67170357
v 1.87011611 2.54591655 2.64174532
v 1.87568974 2.54942059 2.6121149
v 1.88000917 2.55382919 2.58224678
v 1.88288712 2.55930137 2.55260968
v 1.8845011 2.56570982 2.52269053
v 1.88481223 2.57304573 2.49254226
v 1.88365423 2.58144664 2.46259236
v 1.88102674 2.59091019 2.43289065
v 1.87680649 2.60153865 2.40378809
v 1.87106609 2.61319899 2.3750894
v 1.86371898 2.62596249 2.34708762
v 1.8546648 2.63993382 2.32010579
v 1.84375369 2.65526866 2.29453182
v 1.83081305 2.67213797 2.27073216
v 1.81562864 2.69075179 2.24917244
v 1.79810512 2.71121501 2.23003149
v 1.77804815 2.73372888 2.21365094
v 1.75525164 2.75852656 2.20043158
v 1.72947084 2.78584933 2.1908307
v 1.81858694 2.69887304 1.98519957
v 1.78269851 2.73331284 1.9764899
v 1.74256634 2.77152109 1.97309899
v 1.69776904 2.81385088 1.97587621
v 1.64800655 2.86054015 1.98540842
v 1.59300744 2.91168713 2.00222468
v 1.53235983 2.96678018 2.02745652
v 1.46612596 3.02491617 2.06087303
v 1.39454138 3.0850532 2.10182786
v 1.31814241 3.1457014 2.14902687
v 1.23781025 3.20483803 2.20063281
v 1.15486037 3.26051163 2.25404119
v 1.07057678 3.31162023 2.30704069
v 0.98649305 3.35688018 2.35749888
v 0.90399688 3.39560961 2.40403747
v 0.82428151 3.42758798 2.4459896
v 0.74847513 3.45272231 2.48309707
v 0.67700028 3.47194719 2.51602244
v 0.61027741 3.48598337 2.54534077
v 0.54858166 3.4955616 2.57167029
v 0.49195325 3.50147891 2.59569764
v 0.44030064 3.50446152 2.61808133
v 0.39349415 3.50511765 2.63937425
v 0.35145098 3.50384855 2.6599853
v 0.31388235 3.50126075 2.68039488
v 0.28066545 3.4976139 2.70089364
v 0.25154838 3.49327063 2.72180843
v 0.22628267 3.48849868 2.74342012
v 0.20467294 3.48348355 2.76595377
v 0.18662609 3.47823262 2.78953647
v 0.17198294 3.47282123 2.81432175
v 0.16057381 3.46732139 2.84045195
v 0.15227656 3.4617536 2.86801266
v 0.14691191 3.45619463 2.897089
v 0.14475499 3.45013904 2.92743849
v 0.14563641 3.44368672 2.9591186
v 0.14941084 3.43691372 2.99216079
v 0.15615591 3.42953538 3.02638578
v 0.16586002 3.42138671 3.06163168
v 0.17838421 3.41249489 3.097826
v 0.19367799 3.40270614 3.13475132
v 0.21206928 3.39140367 3.17195963
v 0.23333169 3.37853574 3.20924711
v 0.257171 3.36410689 3.24643254
v 0.28317707 3.34811353 3.28327775
v 0.31139242 3.33030915 3.31954741
v 0.3414781 3.31079697 3.35507464
v 0.37335473 3.28940558 3.3895781
v 0.40683046 3.2660439 3.42279338
v 0.44165873 3.24082207 3.45453906
v 0.47757443 3.21386194 3.48461699
v 0.51427346 3.18528914 3.51280593
v 0.55146014 3.15524983 3.53890562
v 0.58883357 3.1240077 3.56278634
v 0.62611174 3.09191179 3.58438229
v 0.66307044 3.05919194 3.60362315
v 0.69949775 3.02629137 3.62054657
v 0.73522943 2.99369454 3.63523912
v 0.77015841 2.96179318 3.6477921
v 0.8042168 2.93085098 3.65827417
v 0.83737069 2.9011085 3.66677284
v 0.86962318 2.87276482 3.67338204
v 0.90100252 2.84599065 3.67819213
v 0.93155628 2.82087659 3.68128395
v 0.96134793 2.79747867 3.68272805
v 0.99045699 2.77578949 3.68256378
v 1.01896786 2.75577044 3.68082642
v 1.04696524 2.73735332 3.67754411
v 1.07453417 2.72046208 3.67274975
v 1.10174965 2.7050004 3.66647529
v 1.12867593 2.69086575 3.65873122
v 1.1553781 2.67794132 3.64953923
v 1.1819117 2.66610837 3.63892793
v 1.20831215 2.65523362 3.62691402
v 1.23462545 2.64519143 3.61352324
v 1.26089215 2.63584017 3.59876704
v 1.28714942 2.62703967 3.58267045
v 1.31339192 2.61856603 3.56519794
v 1.33967948 2.61033034 3.5464127
v 1.36602127 2.60217571 3.5263338
v 1.39243412 2.59403491 3.50502371
v 1.4188894 2.58578252 3.48252773
v 1.44537091 2.57728862 3.45888686
v 1.4718399 2.56839442 3.43413734
v 1.49832475 2.55925846 3.40840196
v 1.52471089 2.54955387 3.38171148
v 1.55099749 2.53945446 3.35418319
v 1.5771228 2.52893185 3.32588052
v 1.60306561 2.51808762 3.2968285
v 1.62883043 2.50714039 3.26704406
v 1.65435302 2.49613595 3.23658442
v 1.67958474 2.48520302 3.20549202
v 1.70443737 2.47442531 3.1738491
v 1.72882461 2.46382141 3.14172911
v 1.75270748 2.45362401 3.10915184
v 1.776021 2.44393539 3.07616639
v 1.79866945 2.43482255 3.04281687
v 1.82056403 2.42637276 3.00916338
v 1.84164822 2.41870236 2.97521519
v 1.86181175 2.41185188 2.94108939
v 1.88100624 2.40589928 2.90675973
v 1.89917469 2.40093231 2.87225174
v 1.91624593 2.39701581 2.83758497
v 1.93216335 2.39417862 2.80276227
v 1.94688582 2.39245367 2.76777195
v 1.9603697 2.39185786 2.73259496
v 1.97256684 2.39238381 2.69720387
v 1.98342812 2.39400935 2.66156101
v 1.99291861 2.39670991 2.62561535
v 2.00098872 2.40043067 2.58932328
v 2.00759506 2.40542912 2.55297136
v 2.01270222 2.41171002 2.51655602
v 2.01636529 2.41915345 2.47980499
v 2.0185368 2.42774796 2.44278311
v 2.01916027 2.43745923 2.40558075
v 2.01824355 2.44810366 2.36805391
v 2.01573014 2.45966148 2.33039355
v 2.01150274 2.47217011 2.29297399
v 2.0053966 2.48576641 2.25636863
v 1.99741697 2.50034713 2.22055172
v 1.98744261 2.51599931 2.18590712
v 1.97543168 2.53275466 2.15250778
v 1.96124005 2.55076742 2.12066888
v 1.94467568 2.57024693 2.09081029
v 1.9255464 2.59141349 2.06331706
v 1.90364253 2.61452055 2.03852677
v 1.87871766 2.63988089 2.01686739
v 1.85048985 2.66785454 1.99884355
v 1.92988061 2.58515596 1.81234598
v 1.89113307 2.61904096 1.79481101
v 1.8476684 2.65698242 1.78292608
v 1.79912805 2.69949984 1.77721846
v 1.74504935 2.74712276 1.77859449
v 1.68498444 2.80025601 1.78795194
v 1.6183362 2.85893893 1.80680227
v 1.54490828 2.92274093 1.83549463
v 1.46454155 2.99083519 1.87446045
v 1.3774178 3.06126761 1.92351543
v 1.28431606 3.13163566 1.98091018
v 1.18656778 3.19891071 2.04396891
v 1.08587634 3.26094865 2.1092658
v 0.98431706 3.31556248 2.17332267
v 0.88397967 3.36148715 2.23327231
v 0.78677839 3.39825177 2.28724861
v 0.69419461 3.42616391 2.33463478
v 0.60729306 3.44604158 2.37567758
v 0.52665984 3.45908737 2.41124486
v 0.45263958 3.46643734 2.44231462
v 0.38514843 3.46939754 2.47001838
v 0.32400891 3.4690206 2.49533152
v 0.26890641 3.46620702 2.51912021
v 0.21952933 3.4616425 2.54207849
v 0.17551566 3.45594763 2.56480574
v 0.13662323 3.44948005 2.58772587
v 0.10258132 3.44254326 2.61121416
v 0.07302393 3.43545579 2.63563346
v 0.04774444 3.42834591 2.66123843
v 0.02652232 3.4213047 2.68824911
v 0.00911689 3.41442585 2.7168684
v -0.00460595 3.40768623 2.74723768
v -0.01473618 3.40100503 2.77943778
v -0.02141054 3.39434266 2.81353831
v -0.02472563 3.38761997 2.84954285
v -0.02474525 3.38072705 2.88739943
v -0.02153476 3.37353634 2.9270122
v -0.01518165 3.36590862 2.96825552
v -0.00575768 3.35771203 3.01096749
v 0.0072458 3.34834957 3.0546956
v 0.02384866 3.33782744 3.09933185
v 0.04376303 3.3261578 3.14471149
v 0.06698367 3.31302928 3.19045972
v 0.09338606 3.29788279 3.23602461
v 0.12257777 3.28083324 3.28130626
v 0.15423837 3.26178693 3.3260262
v 0.18843141 3.24053239 3.36993169
v 0.22501188 3.21692657 3.41272616
v 0.26362302 3.19094181 3.45406293
v 0.30407419 3.16250729 3.49360537
v 0.3460848 3.13171935 3.53107929
v 0.38926392 3.09875178 3.56616878
v 0.43318462 3.06385397 3.59859609
v 0.47742781 3.02741575 3.62818479
v 0.52161461 2.9899168 3.65485739
v 0.56542021 2.95189333 3.67861437
v 0.60858589 2.91384196 3.69950842
v 0.65085971 2.87633562 3.71772742
v 0.69206726 2.83989906 3.73346519
v 0.73211056 2.80486178 3.74679088
v 0.77097129 2.77155375 3.75786137
v 0.80867594 2.74018144 3.76679754
v 0.84529388 2.71086621 3.77368021
v 0.88091349 2.68364405 3.77857303
v 0.91564321 2.65849447 3.78152895
v 0.9495936 2.63536119 3.78258442
v 0.98288017 2.61415839 3.78176999
v 1.01554119 2.59475803 3.77908062
v 1.04772293 2.57709217 3.77459073
v 1.07957243 2.56106877 3.76835966
v 1.11114358 2.54654026 3.76039338
v 1.14250493 2.53338789 3.75072145
v 1.17374813 2.52147913 3.73938274
v 1.20489549 2.51066422 3.72639155
v 1.23597419 2.50079131 3.71176791
v 1.26701247 2.49169588 3.69553208
v 1.29803323 2.48322415 3.67772269
v 1.32905829 2.47521066 3.65838432
v 1.36011278 2.46749639 3.63755416
v 1.39120173 2.4598906 3.61525201
v 1.42231655 2.45220637 3.59151315
v 1.45344245 2.44432473 3.56643271
v 1.48456752 2.43615698 3.54009985
v 1.51568245 2.42759466 3.51254296
v 1.54677057 2.41862368 3.48382949
v 1.57778954 2.40915107 3.45401501
v 1.60869038 2.39911556 3.42316269
v 1.63941395 2.38852095 3.39136457
v 1.66991818 2.37749004 3.35870385
v 1.70015704 2.36612939 3.32525134
v 1.73006069 2.35444998 3.29106688
v 1.75958311 2.34270334 3.25619101
v 1.78861689 2.33106041 3.2206645
v 1.81705617 2.31964922 3.18453526
v 1.84483814 2.30865049 3.14780783
v 1.8718276 2.29815459 3.11059832
v 1.89793574 2.28828477 3.07294416
v 1.92308497 2.27922391 3.03489923
v 1.94718408 2.27111673 2.99652528
v 1.97012567 2.26404595 2.95789241
v 1.99185288 2.25808787 2.91902852
v 2.01230287 2.25331544 2.87996673
v 2.03138566 2.24974036 2.84069991
v 2.04913425 2.2474823 2.80123519
v 2.06555771 2.24655413 2.76151418
v 2.08064818 2.24710249 2.72153544
v 2.09436821 2.24909901 2.68125915
v 2.106673 2.25245189 2.64059329
v 2.11753654 2.2571187 2.59945368
v 2.12691783 2.2630434 2.55777049
v 2.13469886 2.27025961 2.51561927
v 2.14079499 2.27881836 2.47298646
v 2.14501714 2.28865289 2.43007445
v 2.14765548 2.29951787 2.3863666
v 2.14856386 2.31141018 2.3421247
v 2.14746642 2.32435655 2.29795169
v 2.14442729 2.3381915 2.2538228
v 2.13956689 2.35273242 2.20954394
v 2.13282942 2.36801457 2.16541624
v 2.1241064 2.38405418 2.12179327
v 2.11330199 2.40090012 2.07898712
v 2.10023546 2.41867661 2.03748917
v 2.08475279 2.43750262 1.99763703
v 2.06667113 2.45754313 1.95979714
v 2.04582238 2.47899246 1.92422461
v 2.02199411 2.50210762 1.89123916
v 1.99492776 2.52722311 1.86126339
v 1.96433138 2.55474615 1.8347851
v 2.03606867 2.47360563 1.66418123
v 1.9944992 2.50607132 1.63824248
v 1.94806146 2.5423603 1.61745858
v 1.8961085 2.58328008 1.6031661
v 1.83837401 2.62946534 1.59549379
v 1.77423465 2.68163681 1.59569692
v 1.70307505 2.74031806 1.60506665
v 1.62409675 2.8055768 1.62569189
v 1.53712046 2.8769381 1.65780806
v 1.4419713 2.95317959 1.70198559
v 1.33895695 3.03175544 1.75790536
v 1.22906005 3.10991525 1.82352685
v 1.11394834 3.1836121 1.8959248
v 0.99605631 3.24925732 1.97078287
v 0.87829959 3.30407047 2.04345107
v 0.76342368 3.34709835 2.11032271
v 0.65372681 3.37860584 2.16940903
v 0.55099129 3.39959788 2.22014975
v 0.45613765 3.41186714 2.2633636
v 0.36949288 3.41729927 2.30042672
v 0.29099193 3.41761326 2.33280539
v 0.22038605 3.41418552 2.36181545
v 0.15715435 3.40823507 2.38867497
v 0.10077808 3.40064239 2.41436171
v 0.0507494 3.39208412 2.43965649
v 0.00661019 3.38305068 2.46516156
v -0.0320702 3.37389421 2.49136233
v -0.06570907 3.36488151 2.51866436
v -0.09461908 3.35614657 2.5473864
v -0.1189042 3.34764862 2.5777719
v -0.13896708 3.33955144 2.61009383
v -0.1549548 3.33179783 2.64452695
v -0.16706535 3.32434535 2.68121552
v -0.17536437 3.31704187 2.72024536
v -0.17995537 3.3097651 2.76164269
v -0.1809221 3.30236029 2.80535554
v -0.17832224 3.29463052 2.85126256
v -0.17218434 3.28634643 2.8992002
v -0.16254334 3.27728319 2.94893026
v -0.14941018 3.26725721 3.00016665
v -0.13261579 3.25623989 3.05272436
v -0.11176884 3.24353075 3.10595512
v -0.08728591 3.22916102 3.15967321
v -0.05931888 3.21291065 3.21356391
v -0.02800806 3.19425654 3.26709365
v 0.00647415 3.1732223 3.32012176
v 0.04402833 3.14959955 3.37232136
v 0.08447711 3.12323164 3.42334699
v 0.12745559 3.094033 3.47276067
v 0.17274944 3.06193852 3.52010083
v 0.22000244 3.02709651 3.5649662
v 0.2687456 2.98979258 3.60698628
v 0.31853616 2.95033097 3.6458013
v 0.3688454 2.90921378 3.68123292
v 0.41909095 2.86715483 3.71338486
v 0.4688121 2.82489728 3.74236655
v 0.51768118 2.78309631 3.76831579
v 0.56548106 2.74232387 3.7913239
v 0.61206364 2.7030816 3.81150746
v 0.65735781 2.66574525 3.82896161
v 0.70135402 2.63056993 3.84378933
v 0.74410116 2.5977137 3.85607934
v 0.78568702 2.56723189 3.86591363
v 0.82603341 2.53913593 3.87321901
v 0.86549127 2.51339936 3.87825918
v 0.90423345 2.48988437 3.88111567
v 0.94237649 2.46843171 3.8818047
v 0.9799782 2.44896078 3.88031077
v 1.0171628 2.43129324 3.87666606
v 1.05400633 2.41531062 3.87089371
v 1.09055864 2.40092945 3.86301088
v 1.12690305 2.38796639 3.85306215
v 1.16309285 2.37629127 3.84108781
v 1.19916975 2.36575961 3.82712364
v 1.23516941 2.35622048 3.81120634
v 1.27112329 2.34751892 3.79337024
v 1.30706167 2.33949136 3.77365446
v 1.34301805 2.33195161 3.75211262
v 1.37901806 2.32472515 3.72880435
v 1.41507434 2.31764149 3.70380306
v 1.45118451 2.31053614 3.6772027
v 1.48733377 2.30326628 3.6491115
v 1.52349782 2.29571628 3.6196475
v 1.55964112 2.28778243 3.58891248
v 1.59571468 2.27938985 3.55701518
v 1.63165938 2.27044677 3.5240612
v 1.66741848 2.26087117 3.49012351
v 1.70293974 2.25070095 3.45524931
v 1.73814177 2.2399249 3.41950297
v 1.77294516 2.2286241 3.38292956
v 1.80727016 2.21694994 3.34555864
v 1.84098506 2.20497608 3.30747795
v 1.8739351 2.19294095 3.26878356
v 1.90603578 2.18095445 3.22944355
v 1.93724656 2.16922235 3.18940734
v 1.96739733 2.15810656 3.14883232
v 1.99626994 2.14784407 3.10789227
v 2.02385759 2.13847518 3.0665462
v 2.05007576 2.1301217 3.02484965
v 2.07487464 2.12292504 2.98285317
v 2.09828496 2.11705398 2.94056177
v 2.12040591 2.11263918 2.89790654
v 2.14116954 2.1097846 2.85491657
v 2.16044759 2.10855031 2.81169939
v 2.17838573 2.10892343 2.76813077
v 2.19489812 2.11085295 2.72418046
v 2.20997953 2.114331 2.67979455
v 2.22366309 2.11931157 2.63485789
v 2.23569917 2.12574744 2.58946871
v 2.24615454 2.13353943 2.54337334
v 2.25490379 2.14264845 2.496454
v 2.26183843 2.15305137 2.44860768
v 2.26682329 2.164644 2.39983582
v 2.26984143 2.17733192 2.35019469
v 2.2711122 2.19099211 2.29947161
v 2.27011251 2.20547342 2.24840283
v 2.26702189 2.22073268 2.19705534
v 2.261909 2.23671317 2.14554357
v 2.25473761 2.25338602 2.09414339
v 2.24545002 2.27075123 2.04310846
v 2.23391175 2.28883719 1.99279189
v 2.21992754 2.30767846 1.94364106
v 2.20331406 2.32734489 1.89602804
v 2.18385386 2.34795141 1.85038232
v 2.16135454 2.36967444 1.80701994
v 2.1355369 2.39275336 1.76647198
v 2.10624694 2.41748905 1.72883415
v 2.07319688 2.44427585 1.69457006
v 2.13932752 2.36175012 1.534693
v 2.09474873 2.39264655 1.50153398
v 2.04514813 2.42690062 1.47316384
v 1.99005997 2.46530842 1.45030212
v 1.92877626 2.50880861 1.43432402
v 1.86090242 2.5582242 1.42564261
v 1.78572785 2.61438274 1.42562222
v 1.7024436 2.67788004 1.43602466
v 1.61042738 2.74878549 1.45821523
v 1.50915253 2.82638669 1.49361419
v 1.39863932 2.90891408 1.54242408
v 1.27942884 2.99346661 1.60397982
v 1.15288806 3.07640028 1.67589032
v 1.02121412 3.15291476 1.75488829
v 0.88765013 3.21837973 1.83600223
v 0.75577485 3.27017736 1.9141103
v 0.62900042 3.30755591 1.98520529
v 0.50995159 3.33162546 2.04726576
v 0.40015387 3.34474182 2.10025715
v 0.30030679 3.34941339 2.14528679
v 0.21041525 3.34795737 2.18400669
v 0.13001416 3.34231829 2.21815514
v 0.05842306 3.33400368 2.24928164
v -0.00505406 3.32406067 2.27864313
v -0.06110463 3.31324958 2.30725359
v -0.11038327 3.30214691 2.33591651
v -0.15346702 3.29114961 2.36525154
v -0.19087748 3.2805221 2.39574098
v -0.22304074 3.27040076 2.42776608
v -0.25031048 3.26084399 2.46165418
v -0.27296784 3.25185012 2.49768471
v -0.29124689 3.24336767 2.5360856
v -0.30537456 3.23533105 2.57704591
v -0.31547269 3.22758293 2.6207087
v -0.32169726 3.21999001 2.66716265
v -0.32383692 3.21222138 2.71638727
v -0.32207027 3.2041037 2.76826834
v -0.31646576 3.1953957 2.82262277
v -0.30701711 3.18580007 2.87916731
v -0.2936632 3.17501926 2.93756532
v -0.27603644 3.16275572 2.99746871
v -0.25458645 3.148741 3.05836105
v -0.22949712 3.13268542 3.11979842
v -0.20051188 3.1142807 3.18143558
v -0.16778732 3.09326577 3.24291348
v -0.13099196 3.06933951 3.30388641
v -0.09076876 3.04245758 3.364012
v -0.04727822 3.01250076 3.42290329
v -0.00070707 2.97940135 3.48002934
v 0.04846058 2.9432373 3.53485035
v 0.09994444 2.90419507 3.5868659
v 0.15327557 2.86265516 3.635746
v 0.20781549 2.81922316 3.68137931
v 0.26278927 2.7746191 3.72370624
v 0.31765258 2.72957873 3.76269412
v 0.37198907 2.68482136 3.79834437
v 0.42549663 2.64099359 3.83066868
v 0.47796237 2.59865737 3.8596971
v 0.52927482 2.55831313 3.88536143
v 0.57936036 2.52021122 3.9078238
v 0.62816429 2.4846394 3.92699432
v 0.67574304 2.45185113 3.9430325
v 0.72230321 2.4217 3.95638704
v 0.76788908 2.39422011 3.96691441
v 0.81262058 2.36927151 3.97462797
v 0.85662949 2.34652996 3.97968053
v 0.90001499 2.32576012 3.98215365
v 0.94284606 2.30688929 3.98203778
v 0.9852088 2.2897675 3.97938513
v 1.02717292 2.27432489 3.97421503
v 1.06880772 2.26041674 3.96658897
v 1.11018133 2.24791121 3.95655345
v 1.15135407 2.23667979 3.94414973
v 1.19238138 2.22657752 3.9294157
v 1.23331368 2.21745348 3.91238451
v 1.27419972 2.20913124 3.89309215
v 1.31508624 2.20149803 3.87157368
v 1.35602057 2.19436168 3.84790277
v 1.39704203 2.18749427 3.82216835
v 1.43817293 2.18079471 3.79446768
v 1.47941744 2.17414498 3.7649281
v 1.52075874 2.16730046 3.73368024
v 1.56215727 2.1601932 3.70088076
v 1.60355782 2.15293693 3.66674614
v 1.64487779 2.14527678 3.63141512
v 1.68601858 2.13709926 3.59503674
v 1.72687423 2.12833499 3.55773711
v 1.76733219 2.11892795 3.51960539
v 1.80727589 2.10884428 3.48068952
v 1.84657061 2.09815216 3.44104719
v 1.88507032 2.08686089 3.40071225
v 1.9226191 2.07505416 3.35974144
v 1.95908772 2.06285238 3.31813883
v 1.99429261 2.05059313 3.27598381
v 2.02821373 2.03847122 3.23322773
v 2.06076788 2.0267632 3.18990492
v 2.09170651 2.01576399 3.14618492
v 2.12115097 2.00559854 3.10198092
v 2.14893412 1.99657368 3.05745744
v 2.17510247 1.98898613 3.01261711
v 2.19976377 1.98301112 2.96746015
v 2.22303462 1.9786899 2.92191505
v 2.2448554 1.97603285 2.87599015
v 2.26524734 1.97509586 2.82968354
v 2.28425812 1.97590184 2.78294658
v 2.30191111 1.97844445 2.73566627
v 2.31787133 1.98265707 2.68799114
v 2.33232617 1.98847854 2.63953042
v 2.34523534 1.99586224 2.59016847
v 2.35656809 2.00474929 2.53977274
v 2.36620402 2.01505947 2.48827052
v 2.37405729 2.02670025 2.43553257
v 2.37998151 2.03959965 2.38146114
v 2.38405299 2.05369091 2.32601976
v 2.38608431 2.06880474 2.26931929
v 2.38598275 2.08478975 2.21162176
v 2.38364076 2.10150623 2.15327477
v 2.37912344 2.11898112 2.0945127
v 2.37235522 2.1371572 2.03565955
v 2.36315274 2.15597486 1.97719514
v 2.35131263 2.17537593 1.91963112
v 2.33670187 2.1954019 1.86328363
v 2.31911182 2.21607327 1.80856752
v 2.29832935 2.23745107 1.75589394
v 2.27417016 2.25966286 1.7055633
v 2.24643302 2.28289079 1.65789294
v 2.21490049 2.30739688 1.61321723
v 2.1792829 2.33352494 1.5720396
v 2.24122881 2.24739742 1.4186182
v 2.19343853 2.27687096 1.37941515
v 2.14041209 2.30914282 1.3449068
v 2.08180952 2.34499573 1.31546556
v 2.01709938 2.38530898 1.29186666
v 1.94553315 2.43110489 1.2754054
v 1.86650002 2.48337221 1.26701152
v 1.77934575 2.5429573 1.26773726
v 1.68313753 2.61048173 1.2795304
v 1.57714867 2.68590354 1.30404222
v 1.46088492 2.76809287 1.34280085
v 1.33463072 2.85469627 1.3956983
v 1.1994096 2.94247794 1.46117591
v 1.05694055 3.02681541 1.53723609
v 0.91016197 3.10239911 1.62003529
v 0.76296639 3.16473317 1.70447802
v 0.61970919 3.21103787 1.78530132
v 0.48425573 3.24118351 1.8585186
v 0.35911682 3.25752186 1.92241036
v 0.24552415 3.26323938 1.97714901
v 0.14364284 3.26142978 2.0240972
v 0.05295509 3.25465726 2.06508231
v -0.02735518 3.24483943 2.10190439
v -0.09821484 3.23334884 2.13614201
v -0.16053088 3.2211318 2.16908884
v -0.21514017 3.20882654 2.20176124
v -0.26278105 3.19684243 2.23493576
v -0.30410251 3.18543124 2.2692058
v -0.33952933 3.1746571 2.30503726
v -0.36965224 3.16460442 2.34280586
v -0.3948262 3.1552174 2.38281416
v -0.4153136 3.14639043 2.42531514
v -0.4313403 3.13799428 2.47052645
v -0.44310605 3.12986779 2.51862978
v -0.45070573 3.12180542 2.56978035
v -0.45414218 3.11357927 2.6240468
v -0.45348796 3.10496377 2.68137145
v -0.44883278 3.09571957 2.74158167
v -0.43992158 3.08543539 2.80441737
v -0.42664772 3.07375693 2.86949849
v -0.40858802 3.06032705 2.93644595
v -0.38627108 3.0447731 3.00458025
v -0.3600108 3.0267589 3.07337451
v -0.33007562 3.00592899 3.14239335
v -0.29610967 2.98177647 3.21122002
v -0.25795334 2.95426893 3.27961468
v -0.21586182 2.92329406 3.34706354
v -0.17006157 2.88904547 3.41321444
v -0.12087036 2.85157895 3.47748065
v -0.06865637 2.81106638 3.53930211
v -0.01396543 2.76801514 3.59857654
v 0.0427396 2.72308206 3.6550312
v 0.10051766 2.67689347 3.70850634
v 0.15882779 2.63016414 3.7587533
v 0.21716602 2.58361125 3.80559039
v 0.27522176 2.53795409 3.848706
v 0.33266919 2.49366426 3.88808703
v 0.38935247 2.45125293 3.92357015
v 0.44513681 2.41112899 3.95516777
v 0.49994716 2.37383079 3.98261022
v 0.55379587 2.34017324 4.00568532
v 0.60659867 2.3091607 4.02573347
v 0.658414 2.28074145 4.04259347
v 0.70930898 2.25467681 4.0563755
v 0.75936919 2.23083329 4.06706762
v 0.80868363 2.20903754 4.07472229
v 0.85733288 2.18916726 4.07936
v 0.90539091 2.17110753 4.0810275
v 0.95293164 2.15474748 4.07977581
v 1.00002419 2.14000177 4.0756464
v 1.0467391 2.12672662 4.06871795
v 1.09314549 2.11478447 4.05904674
v 1.13930439 2.10414242 4.04662227
v 1.18528628 2.09459829 4.03152132
v 1.23115742 2.08600044 4.01377868
v 1.27698493 2.07817912 3.99343419
v 1.32283639 2.07106423 3.97051024
v 1.36877882 2.06441259 3.94511342
v 1.41486537 2.05802798 3.91734528
v 1.46113467 2.05186581 3.88730859
v 1.50759482 2.04572176 3.85516023
v 1.55422234 2.03941297 3.82106018
v 1.6009655 2.03292298 3.78520393
v 1.64773142 2.02611231 3.74779939
v 1.69439244 2.01888537 3.70906639
v 1.74079453 2.01116967 3.6692276
v 1.78676235 2.00291037 3.62849021
v 1.83209061 1.99420762 3.58710026
v 1.87661016 1.98471891 3.54500651
v 1.9201157 1.97447466 3.50229907
v 1.96242046 1.96340441 3.45899152
v 2.00334286 1.95159125 3.41512846
v 2.0427072 1.93917739 3.37075209
v 2.0803678 1.92645156 3.32592701
v 2.11636853 1.9136908 3.28055477
v 2.15070033 1.90119266 3.23461461
v 2.18318438 1.88931906 3.18829393
v 2.21396899 1.87837481 3.1415112
v 2.24316048 1.86867332 3.09423971
v 2.2707858 1.86045229 3.04651761
v 2.29681086 1.85389947 2.99847126
v 2.32125759 1.8490982 2.95009565
v 2.34422493 1.84607732 2.90126061
v 2.36570215 1.84487319 2.8519299
v 2.38574695 1.84548592 2.80191803
v 2.40435814 1.84790802 2.75113034
v 2.42148923 1.85212588 2.6994915
v 2.43709754 1.85809946 2.64689779
v 2.45107197 1.86574971 2.59329295
v 2.46336436 1.8749963 2.53856682
v 2.4739809 1.88580465 2.482553
v 2.48276495 1.89801454 2.42520737
v 2.48964715 1.91156899 2.36633181
v 2.49469065 1.92648518 2.30580639
v 2.49785161 1.94272816 2.24349069
v 2.49899244 1.96009886 2.17965602
v 2.49793481 1.97840023 2.1146264
v 2.49451756 1.99751758 2.04893016
v 2.48851752 2.01729273 1.98309946
v 2.47970485 2.03761768 1.91770279
v 2.46787929 2.0584402 1.85322809
v 2.45283293 2.07972693 1.79014277
v 2.43433141 2.10142302 1.72893476
v 2.41222715 2.12362861 1.66990709
v 2.38633394 2.14641428 1.61340487
v 2.35647344 2.16992044 1.55973696
v 2.32247281 2.19437074 1.50917887
v 2.28413486 2.2200644 1.46203005
v 2.34251952 2.12870836 1.31183314
v 2.29132151 2.15702509 1.2677195
v 2.23479127 2.18759965 1.22803545
v 2.17242574 2.2210927 1.19349074
v 2.10374832 2.25839495 1.16470849
v 2.0283451 2.30048823 1.14211607
v 1.94537138 2.34843707 1.12704408
v 1.85426008 2.40321636 1.12020421
v 1.7542448 2.46564793 1.1228106
v 1.64412653 2.5362823 1.13744819
v 1.52321744 2.61465096 1.16591322
v 1.39174592 2.69913363 1.20796442
v 1.25026524 2.78715062 1.26317966
v 1.09999465 2.87527275 1.33022296
v 0.94300985 2.95833492 1.40774786
v 0.7831673 3.03010249 1.49211514
v 0.62517714 3.08670687 1.5775882
v 0.47382348 3.12610769 1.65921282
v 0.33288139 3.14927387 1.7334994
v 0.20495587 3.15877223 1.79872036
v 0.0904934 3.15863275 1.85528004
v -0.01097827 3.15225124 1.90463256
v -0.10043687 3.14222693 1.9486109
v -0.17899546 3.13034629 1.988994
v -0.24775514 3.11776495 2.02732181
v -0.30777117 3.10520291 2.06484508
v -0.35997518 3.09307932 2.10253238
v -0.40514904 3.08161783 2.14112687
v -0.44399482 3.0709238 2.18120098
v -0.47709712 3.06100082 2.22320437
v -0.50492388 3.05177044 2.26749038
v -0.52780896 3.04309606 2.31433796
v -0.54607403 3.0348165 2.36395049
v -0.55957502 3.02660751 2.41660952
v -0.56870728 3.01828146 2.47240185
v -0.57348096 3.00958085 2.53145003
v -0.57390058 3.00026464 2.59377598
v -0.57000833 2.99009418 2.65927171
v -0.56171119 2.97876119 2.72771835
v -0.54879188 2.96589922 2.7987976
v -0.53051024 2.95096039 2.87215948
v -0.50756347 2.9335215 2.94696354
v -0.48045539 2.91315865 3.02255225
v -0.44956609 2.88942289 3.09838414
v -0.41459199 2.86186146 3.17406749
v -0.37540596 2.83042407 3.24926638
v -0.33203101 2.79513144 3.32345938
v -0.28443476 2.7563107 3.3962152
v -0.23324249 2.71436452 3.46707415
v -0.17895188 2.66991615 3.53609085
v -0.12195422 2.62369942 3.60303807
v -0.063196 2.57635092 3.66766738
v -0.00318969 2.52856016 3.72957372
v 0.05764513 2.48103976 3.78818965
v 0.11884642 2.43430566 3.84308791
v 0.18011476 2.38889956 3.89395356
v 0.24124524 2.34536099 3.94031262
v 0.30220869 2.30468201 3.9809761
v 0.36265438 2.26725196 4.01671028
v 0.42221462 2.23265147 4.04868936
v 0.48082232 2.20083308 4.07692718
v 0.53848063 2.17159938 4.10152959
v 0.59523505 2.14477515 4.12256145
v 0.65114742 2.12018036 4.1400938
v 0.70628607 2.09765315 4.15417575
v 0.76071918 2.07703447 4.16486549
v 0.81450915 2.05821919 4.17218399
v 0.86771798 2.04109621 4.17618656
v 0.92038995 2.02564597 4.17683649
v 0.97259002 2.01174879 4.17423152
v 1.02438247 1.99927783 4.16845512
v 1.07583272 1.98811578 4.15956497
v 1.12701261 1.97810769 4.14763498
v 1.17798233 1.96925354 4.13259792
v 1.22883224 1.96132648 4.11456251
v 1.27964806 1.95416879 4.09357786
v 1.33051681 1.94759225 4.06972074
v 1.38152325 1.94154703 4.0430212
v 1.4327377 1.93578636 4.01363992
v 1.48420381 1.93015396 3.98170924
v 1.53593552 1.92458784 3.947371
v 1.58789587 1.91883313 3.91083478
v 1.64001226 1.91291475 3.87230396
v 1.69215345 1.9066708 3.83203625
v 1.74414098 1.89999771 3.79029202
v 1.79575109 1.89281261 3.74734783
v 1.84671759 1.8850435 3.70347762
v 1.89679002 1.87650001 3.65883493
v 1.94571387 1.8670814 3.61353802
v 1.99315083 1.85687267 3.56781578
v 2.03895258 1.84564065 3.52154541
v 2.08294177 1.83341217 3.47474908
v 2.12486624 1.82038784 3.42759609
v 2.16470909 1.80681443 3.38003826
v 2.20256471 1.79305207 3.33200144
v 2.23837399 1.77950346 3.28359556
v 2.27233576 1.76655948 3.2346518
v 2.30458164 1.75455355 3.18511819
v 2.33500671 1.74375367 3.13518667
v 2.36383509 1.73439586 3.08464574
v 2.39111566 1.72674953 3.03353285
v 2.41689729 1.720932 2.98180675
v 2.44117975 1.7170695 2.92944216
v 2.46407222 1.71515083 2.87626385
v 2.48552489 1.71524298 2.82227015
v 2.50550913 1.7173022 2.76740312
v 2.52398181 1.72129476 2.71159505
v 2.54088568 1.72715067 2.65475368
v 2.55614543 1.73477625 2.59678125
v 2.5697081 1.74409997 2.53755021
v 2.58153796 1.75507009 2.47692465
v 2.59160041 1.7676438 2.41470956
v 2.59986782 1.78178679 2.35073256
v 2.60631918 1.79746389 2.28483533
v 2.610955 1.81466364 2.21676755
v 2.61349368 1.83313214 2.14700007
v 2.6137638 1.85273397 2.07570171
v 2.61143994 1.8731879 2.00348186
v 2.60615921 1.8942691 1.93118131
v 2.59764528 1.91583514 1.85943186
v 2.58566141 1.93778145 1.78877842
v 2.56998562 1.96004188 1.71972167
v 2.55042505 1.98259604 1.65270006
v 2.52680778 2.00546479 1.58809351
v 2.49893474 2.02866053 1.52629268
v 2.46671319 2.05236458 1.46751892
v 2.43000936 2.07676029 1.41201472
v 2.38867282 2.10209775 1.36003065
v 2.44311904 2.00440859 1.21141028
v 2.38828063 2.03171896 1.16350317
v 2.32778263 2.06077098 1.12029969
v 2.26148366 2.09228634 1.08189892
v 2.18897867 2.12698793 1.04872512
v 2.10963726 2.1657226 1.02153563
v 2.0228343 2.20950031 1.00108385
v 1.92786657 2.25936555 0.98824882
v 1.82388842 2.31631183 0.98426395
v 1.71011877 2.38103342 0.99042737
v 1.58512318 2.45382571 1.01005792
v 1.44932007 2.53350305 1.04242718
v 1.30308353 2.61815452 1.08731615
v 1.14717352 2.70480895 1.14467108
v 0.9833315 2.78956675 1.21316874
v 0.81440138 2.86746263 1.29092347
v 0.6443116 2.93429231 1.37398827
v 0.47859835 2.98479127 1.45870292
v 0.3224309 3.01772928 1.54016149
v 0.17975327 3.03454899 1.61484944
v 0.05191135 3.03926038 1.68139517
v -0.06109588 3.03579473 1.74017417
v -0.16030086 3.0275526 1.79255414
v -0.24706387 3.01691436 1.84024703
v -0.32272571 3.00533366 1.88492035
v -0.38855591 2.99364423 1.9280256
v -0.44577649 2.98232579 1.97072422
v -0.49512481 2.97156262 2.01398253
v -0.53752297 2.96149349 2.05851697
v -0.57369899 2.95212888 2.10488891
v -0.60422509 2.94338679 2.15353703
v -0.62951612 2.93511939 2.2048068
v -0.64981335 2.92710685 2.25898957
v -0.66532367 2.91907048 2.31629514
v -0.67626011 2.91069579 2.37683606
v -0.68273758 2.90167927 2.44062495
v -0.68435043 2.89163947 2.5078063
v -0.68135297 2.88039636 2.57820534
v -0.67356157 2.86766362 2.65172338
v -0.66068738 2.85307979 2.72814703
v -0.64243364 2.83616304 2.8070662
v -0.6194418 2.81653046 2.88771486
v -0.59188598 2.79344987 2.96942114
v -0.56029683 2.76650643 3.05151128
v -0.52429586 2.73510909 3.13345408
v -0.4841108 2.69948506 3.21479272
v -0.43977636 2.66000032 3.29515957
v -0.39085078 2.61677265 3.37396931
v -0.33831387 2.57092309 3.45147085
v -0.28252649 2.52335763 3.52776336
v -0.22431613 2.47487282 3.60264277
v -0.16419898 2.42618298 3.67566037
v -0.10246193 2.37793731 3.74596571
v -0.03959252 2.33059978 3.81285047
v 0.02438303 2.28484964 3.87500786
v 0.08916331 2.2414639 3.93142557
v 0.15400172 2.20057749 3.98268055
v 0.21866922 2.16259861 4.02879428
v 0.28286713 2.12758231 4.07026386
v 0.3463633 2.09529542 4.10758924
v 0.40909096 2.0655682 4.14091348
v 0.4710589 2.03822231 4.17033147
v 0.53230971 2.01307988 4.19591951
v 0.59289306 1.98999571 4.21770381
v 0.65285491 1.9688394 4.23569536
v 0.71223264 1.94949483 4.2499051
v 0.77104127 1.93191099 4.26027917
v 0.82932657 1.91596412 4.26692724
v 0.88712799 1.90155255 4.26993274
v 0.94446593 1.88863182 4.26928758
v 1.00138819 1.87709331 4.26507806
v 1.05795657 1.8668015 4.25740385
v 1.11423587 1.85762524 4.24633216
v 1.17028248 1.84952819 4.23179292
v 1.22620093 1.84230661 4.21391248
v 1.28209126 1.8358004 4.1927576
v 1.33805501 1.8298881 4.16836452
v 1.39419448 1.82443666 4.14081525
v 1.45059406 1.81925082 4.11027717
v 1.50730466 1.81420779 4.07688236
v 1.56433558 1.8092072 4.04079294
v 1.62163901 1.80405914 4.00225591
v 1.67910897 1.7987256 3.96148848
v 1.73657846 1.79301321 3.9187982
v 1.79380381 1.78687155 3.87448
v 1.8505193 1.78007304 3.82882666
v 1.90635454 1.77259504 3.78217339
v 1.96099233 1.76421678 3.73472476
v 2.01408457 1.75478851 3.68663859
v 2.06536769 1.74416923 3.63795805
v 2.11459183 1.7323122 3.58872389
v 2.16147184 1.71932685 3.53910303
v 2.20593953 1.70531916 3.48907876
v 2.24795937 1.69054007 3.43868398
v 2.28760576 1.67547488 3.3879733
v 2.32511425 1.66056871 3.33680653
v 2.36068654 1.64624273 3.28508043
v 2.39434599 1.63282012 3.23282408
v 2.42618393 1.62051308 3.17991304
v 2.45624351 1.60958671 3.12635493
v 2.48473882 1.60037708 3.07197475
v 2.51181817 1.59313106 3.01663923
v 2.53752803 1.58803415 2.96038603
v 2.5618999 1.585204 2.90322208
v 2.5849123 1.58459937 2.84505844
v 2.6065123 1.58618319 2.78585743
v 2.62661314 1.58991301 2.72559404
v 2.64515566 1.59568691 2.66412568
v 2.66209912 1.6033982 2.60129308
v 2.67743516 1.61299562 2.53688907
v 2.69110441 1.62439024 2.47080373
v 2.7030363 1.63749456 2.40293216
v 2.71314311 1.65221989 2.33317709
v 2.72138834 1.66859018 2.26128768
v 2.72763156 1.68648874 2.18724012
v 2.7315855 1.7057141 2.11132049
v 2.73295545 1.72606754 2.03394889
v 2.73135495 1.74727392 1.95580029
v 2.72641134 1.76908004 1.87764024
v 2.71777057 1.79126703 1.80018055
v 2.70521974 1.81375086 1.7240448
v 2.6885221 1.83644378 1.64975023
v 2.66749811 1.85932338 1.57774281
v 2.64199471 1.88240647 1.50839877
v 2.61188483 1.90574848 1.44203138
v 2.57706093 1.92944657 1.37890601
v 2.53736233 1.95359885 1.31932568
v 2.49274826 1.97848343 1.26343619
v 2.5419569 1.87368643 1.1162436
v 2.48306393 1.89989244 1.06567001
v 2.41863298 1.92769932 1.01956498
v 2.34833431 1.95756518 0.97826236
v 2.27190804 1.99012446 0.94196242
v 2.18872666 2.02604556 0.91130507
v 2.09820747 2.06619548 0.88686436
v 1.9994471 2.11157155 0.86972129
v 1.89188289 2.16316938 0.86049807
v 1.77428591 2.22197794 0.86115795
v 1.64603078 2.28839206 0.87300878
v 1.5068314 2.36195468 0.89684236
v 1.35693061 2.44130778 0.93266534
v 1.1969248 2.52419424 0.98052758
v 1.02818799 2.60742473 1.03982925
v 0.85304683 2.68677711 1.10971403
v 0.67507684 2.75805926 1.18733131
v 0.49900221 2.81683468 1.26973116
v 0.32957765 2.8609457 1.35284626
v 0.17180626 2.88920116 1.43333065
v 0.02862771 2.90361285 1.50828957
v -0.09763161 2.90671944 1.57636642
v -0.20716403 2.90254759 1.63759839
v -0.30254161 2.89491748 1.69324755
v -0.38542264 2.88571047 1.74489045
v -0.45732069 2.87597346 1.79408919
v -0.51957666 2.8662734 1.8422091
v -0.57335901 2.85691762 1.89035868
v -0.61964911 2.84805393 1.93942213
v -0.65924352 2.83970475 1.99011266
v -0.69286406 2.83180356 2.04296207
v -0.72082191 2.82418632 2.09850049
v -0.74346107 2.81662654 2.15709281
v -0.76109522 2.8088231 2.21897435
v -0.77391505 2.8004198 2.28428244
v -0.78193551 2.7910428 2.3530209
v -0.78503596 2.78031563 2.42508697
v -0.78324139 2.76792383 2.50024223
v -0.77599644 2.75347828 2.57852745
v -0.7634859 2.73679661 2.65963745
v -0.74544739 2.71741628 2.74333882
v -0.72233825 2.69491863 2.8290565
v -0.69475996 2.66880631 2.91608786
v -0.662696 2.63830709 3.00376296
v -0.62587422 2.60289073 3.09137916
v -0.58490359 2.5631504 3.17833948
v -0.53951543 2.51944184 3.26424884
v -0.48976066 2.47247242 3.34893322
v -0.43630737 2.42354941 3.43301463
v -0.37976327 2.37378168 3.51657009
v -0.3208293 2.32406067 3.59935641
v -0.25959637 2.27505731 3.68037271
v -0.19594562 2.22757387 3.75776433
v -0.1306681 2.18199753 3.83063912
v -0.06419605 2.1386342 3.89829587
v 0.00296288 2.0977168 3.96049332
v 0.07037755 2.05944562 4.01738691
v 0.13776373 2.02400708 4.06923389
v 0.20486289 1.99131882 4.11647653
v 0.27152526 1.96118533 4.15941476
v 0.3377158 1.93341863 4.19819164
v 0.4034532 1.90786087 4.23284483
v 0.46877515 1.88436329 4.26339483
v 0.533688 1.8628503 4.28970623
v 0.59820681 1.84320092 4.31178617
v 0.66234397 1.82529711 4.32968235
v 0.72610259 1.80904054 4.34344101
v 0.78944355 1.79438984 4.35299634
v 0.85239929 1.78121173 4.35853719
v 0.91497319 1.7694143 4.36013841
v 0.97715389 1.75893342 4.35778808
v 1.03900003 1.74961471 4.35166502
v 1.10053646 1.74137485 4.34175014
v 1.16183054 1.73409235 4.32808637
v 1.22298359 1.72759795 4.31079816
v 1.28408706 1.72179472 4.28985214
v 1.34526407 1.71652841 4.26534652
v 1.40663182 1.71163153 4.23743772
v 1.46828115 1.70699822 4.20619392
v 1.53026986 1.70250189 4.17177724
v 1.59260296 1.69797945 4.13445091
v 1.65521907 1.69337534 4.09434318
v 1.71798622 1.68851196 4.05181932
v 1.78068876 1.68328273 4.00716257
v 1.84304034 1.67752766 3.96072506
v 1.90469014 1.6710807 3.91285181
v 1.96525263 1.66376578 3.86386179
v 2.02434229 1.65538036 3.81399583
v 2.08157658 1.64572632 3.76340794
v 2.13657283 1.63464605 3.71219468
v 2.18918418 1.62206351 3.66030883
v 2.23912739 1.60805583 3.60786747
v 2.28623533 1.59283018 3.55501604
v 2.33050942 1.57667481 3.50183343
v 2.37219381 1.56005239 3.44825172
v 2.41156792 1.54353117 3.39419627
v 2.448879 1.52761423 3.33956861
v 2.48424625 1.51255631 3.28424978
v 2.51766061 1.49862265 3.22823762
v 2.54922294 1.48601412 3.17138457
v 2.5791161 1.47514176 3.11356902
v 2.60754108 1.4663074 3.05464291
v 2.63462328 1.45977008 2.99455952
v 2.66041827 1.45579695 2.93340897
v 2.6849153 1.45425772 2.87105369
v 2.70807719 1.45511055 2.80746603
v 2.72983241 1.45833051 2.74260973
v 2.75021314 1.46393406 2.6761949
v 2.76919865 1.47182202 2.60796833
v 2.78669476 1.48180019 2.53779435
v 2.80263423 1.49376022 2.46554899
v 2.81687474 1.50751781 2.39120388
v 2.82930445 1.52299165 2.31474518
v 2.83956003 1.54003417 2.23619794
v 2.84737849 1.55843472 2.15569543
v 2.8525803 1.57806241 2.07351541
v 2.85474729 1.59869992 1.99013543
v 2.85349988 1.62007653 1.90626692
v 2.84845638 1.6419568 1.82264733
v 2.83929443 1.66415619 1.73998987
v 2.82570529 1.68652558 1.65894544
v 2.80746364 1.70898115 1.58007001
v 2.78450608 1.73156786 1.50375461
v 2.75667595 1.75429165 1.43038046
v 2.72388029 1.77721464 1.36024332
v 2.68607926 1.80045509 1.29356133
v 2.64321732 1.8241564 1.23053467
v 2.59523344 1.84850692 1.17133998
v 2.63695931 1.73596584 1.02664828
v 2.5742352 1.76124835 0.9736635
v 2.50586485 1.78793489 0.92529386
v 2.43157863 1.81640374 0.88180822
v 2.35120177 1.84719038 0.84332072
v 2.2642045 1.8808335 0.81028485
v 2.17002058 1.91803062 0.78318554
v 2.0677495 1.95961952 0.76296037
v 1.95663654 2.00657701 0.75045985
v 1.83591973 2.05981874 0.7467001
v 1.70463824 2.12003564 0.75331872
v 1.56225681 2.18722987 0.77171427
v 1.40957713 2.26024985 0.80091929
v 1.24697566 2.33748054 0.84115362
v 1.07548499 2.41654872 0.89216518
v 0.89689838 2.49436736 0.95335453
v 0.71399658 2.56744909 1.02328145
v 0.53043842 2.63235831 1.0996766
v 0.35081258 2.68576502 1.18030524
v 0.18103849 2.72457194 1.26255154
v 0.02525379 2.74925398 1.34254372
v -0.11437079 2.76219916 1.41776657
v -0.23687844 2.76624846 1.48714983
v -0.34315538 2.76458001 1.55076026
v -0.43541431 2.75987315 1.60950517
v -0.5139231 2.75326752 1.66500282
v -0.58178985 2.7461369 1.71865582
v -0.64032751 2.73890566 1.77175688
v -0.69068604 2.73180079 1.82536673
v -0.73381769 2.72489476 1.8803544
v -0.77047491 2.71813845 1.93742489
v -0.80127507 2.71139669 1.99712288
v -0.82661718 2.70443248 2.05990791
v -0.84682351 2.69693231 2.12609338
v -0.86178648 2.68849253 2.19601154
v -0.87167096 2.67874217 2.2695446
v -0.87627613 2.66722106 2.34653735
v -0.87545031 2.6534698 2.42668247
v -0.86919146 2.63721656 2.5096147
v -0.85744911 2.61821007 2.59507036
v -0.83984082 2.59592628 2.68301582
v -0.81693399 2.57009339 2.77311182
v -0.78925961 2.54025602 2.86482024
v -0.75718981 2.50597572 2.95733857
v -0.7199074 2.46646714 3.0501101
v -0.6784901 2.42277932 3.14224934
v -0.63247048 2.37531948 3.233361
v -0.58236199 2.32536816 3.32380533
v -0.52850568 2.27428317 3.41432023
v -0.47145932 2.22347545 3.50496316
v -0.4111582 2.1741178 3.59445142
v -0.3483434 2.1264286 3.68125724
v -0.28326812 2.08078026 3.76417017
v -0.2164919 2.03731727 3.84236431
v -0.14854189 1.99617767 3.91536617
v -0.07987832 1.95749759 3.9831264
v -0.01081819 1.92143321 4.04582405
v 0.05842792 1.88809084 4.10365581
v 0.1276852 1.85736906 4.15689516
v 0.1968611 1.82907617 4.20574474
v 0.26593682 1.80307912 4.25015497
v 0.33493214 1.7792108 4.29015874
v 0.40387389 1.75735569 4.32568788
v 0.47276002 1.73742437 4.35661268
v 0.5415644 1.71932101 4.38285827
v 0.61027729 1.70292258 4.40451479
v 0.67886728 1.68812966 4.42164087
v 0.74725323 1.67487204 4.43418741
v 0.81543672 1.66302299 4.44238424
v 0.88336479 1.65249073 4.44628334
v 0.95099699 1.64317417 4.44594049
v 1.01835167 1.63493847 4.44153976
v 1.08539259 1.6276946 4.43298912
v 1.15220356 1.62128138 4.42052412
v 1.21881401 1.61560022 4.40401935
v 1.28534591 1.61049675 4.38364124
v 1.35191738 1.60583102 4.35950756
v 1.4186331 1.60150146 4.33156061
v 1.48560571 1.59736573 4.30006027
v 1.55289554 1.59331226 4.26515674
v 1.62050294 1.58924031 4.22696828
v 1.68836617 1.58502149 4.18586301
v 1.75632071 1.58054065 4.14203882
v 1.8241322 1.57564997 4.09591007
v 1.89145922 1.57018005 4.04781961
v 1.95791232 1.56393361 3.99816489
v 2.02303814 1.55668389 3.94727516
v 2.08644795 1.54820394 3.89541816
v 2.1477108 1.53825891 3.84274053
v 2.20653963 1.52668345 3.78929853
v 2.26258468 1.51336085 3.73509287
v 2.3157289 1.49838018 3.68014383
v 2.36574792 1.48193419 3.62457275
v 2.41260528 1.46436524 3.56853818
v 2.45653224 1.44612371 3.51208543
v 2.49797463 1.42790424 3.45507311
v 2.53725004 1.41025197 3.39739036
v 2.57446456 1.39352536 3.33897972
v 2.60972952 1.37794053 3.27970671
v 2.64303708 1.36375081 3.2195189
v 2.67452335 1.35127055 3.15828299
v 2.7044568 1.34098959 3.09579253
v 2.73297166 1.3330549 3.03196692
v 2.76015996 1.32785618 2.96682214
v 2.78605794 1.32526993 2.90025901
v 2.81063556 1.32517278 2.83223342
v 2.83398675 1.32768666 2.76255846
v 2.85615897 1.33289718 2.69101095
v 2.87710332 1.34063875 2.61729359
v 2.89671444 1.3506968 2.54120159
v 2.91486382 1.36284935 2.46265673
v 2.93143701 1.37697565 2.38158178
v 2.94623041 1.39296543 2.29806304
v 2.95842671 1.41051805 2.21247839
v 2.96775245 1.42936849 2.12506818
v 2.97406864 1.44926226 2.03623461
v 2.97695374 1.46993374 1.9466108
v 2.97582316 1.49110376 1.85696578
v 2.97035217 1.51258146 1.76800084
v 2.96021342 1.5342071 1.68041944
v 2.94514155 1.55587661 1.59485161
v 2.92502784 1.57758164 1.51177251
v 2.89968371 1.59930229 1.43165159
v 2.86904263 1.62109088 1.35482394
v 2.83318758 1.64309525 1.28146183
v 2.79209804 1.6654371 1.21177244
v 2.74575591 1.68826174 1.14593315
v 2.694139 1.71174359 1.08409941
v 2.72675323 1.59174335 0.94263756
v 2.66007351 1.61595797 0.88777101
v 2.58783197 1.64156734 0.83756727
v 2.50972604 1.66883587 0.7923215
v 2.42549729 1.69814145 0.75224256
v 2.33484435 1.72995436 0.71753513
v 2.23701477 1.76477944 0.68884319
v 2.13144445 1.80332219 0.66664338
v 2.01741552 1.84638536 0.65164363
v 1.89338088 1.89497506 0.64578807
v 1.75930428 1.94972086 0.6493892
v 1.61507248 2.01068067 0.66292721
v 1.46078693 2.07729888 0.68666243
v 1.2967906 2.14843368 0.72084116
v 1.1239959 2.22230196 0.76527237
v 0.94389605 2.29656529 0.81958258
v 0.75880247 2.36846852 0.88280069
v 0.57182592 2.43507695 0.95350712
v 0.38682842 2.49359846 1.02986574
v 0.20817147 2.54181671 1.10954582
v 0.03974379 2.57893395 1.18981123
v -0.11364992 2.60405397 1.26877129
v -0.24899819 2.61833977 1.3442291
v -0.36651402 2.62478113 1.41478943
v -0.46771687 2.6261301 1.48046183
v -0.55525952 2.6246593 1.54212439
v -0.63070333 2.62151312 1.60113215
v -0.69525557 2.61736559 1.65898394
v -0.75011622 2.61262249 1.71706438
v -0.79716503 2.6076405 1.77624845
v -0.83727335 2.60241365 1.83739388
v -0.87115949 2.5968244 1.90117812
v -0.89930033 2.59063148 1.96817266
v -0.92202419 2.58351063 2.03877329
v -0.93952751 2.57511782 2.11312532
v -0.95167076 2.56501746 2.19124794
v -0.95798575 2.55261302 2.27307081
v -0.95852303 2.53746795 2.35808849
v -0.95338672 2.51933908 2.44580316
v -0.94262337 2.49793005 2.53578019
v -0.9259206 2.47260308 2.62784171
v -0.90361529 2.44310617 2.7219932
v -0.87643688 2.4092822 2.81789302
v -0.84449631 2.37075662 2.91493463
v -0.80762738 2.32742261 3.01238036
v -0.76644092 2.28021931 3.10938167
v -0.72044336 2.22974491 3.20554566
v -0.67024189 2.17776465 3.30169105
v -0.6154105 2.12634062 3.39833807
v -0.5572083 2.07646417 3.49435019
v -0.49597528 2.02834081 3.5885744
v -0.43206527 1.98223757 3.67987346
v -0.36602246 1.93827796 3.76728487
v -0.29844394 1.89650273 3.85019731
v -0.22977246 1.85703444 3.92828512
v -0.16033737 1.82001292 4.0015378
v -0.090313 1.78562545 4.06998586
v -0.01983452 1.75392675 4.13371229
v 0.05098578 1.72479701 4.19285106
v 0.1220925 1.69804334 4.24752903
v 0.19350276 1.67356419 4.29753017
v 0.26523819 1.65120589 4.3428235
v 0.33733132 1.6308614 4.38330364
v 0.40977281 1.61244905 4.41873121
v 0.48253688 1.59584975 4.44910383
v 0.55559688 1.58094334 4.47453784
v 0.62883704 1.56763875 4.49488019
v 0.70222032 1.55581259 4.51040267
v 0.77567374 1.54535424 4.52124786
v 0.84906244 1.53615355 4.52737855
v 0.92237156 1.52808237 4.52913141
v 0.99545186 1.52101862 4.52634811
v 1.06832289 1.51482653 4.51933527
v 1.1409372 1.50937187 4.50804901
v 1.21333181 1.50451839 4.49259805
v 1.28557121 1.50013423 4.47304821
v 1.35774385 1.49609172 4.44941234
v 1.42997527 1.49228167 4.42191362
v 1.50234711 1.48858833 4.39046812
v 1.57494235 1.48492407 4.35540771
v 1.64776766 1.48119103 4.3168993
v 1.72074675 1.47727584 4.27513361
v 1.79374253 1.47308003 4.23055839
v 1.86645686 1.4684199 4.18337154
v 1.9385885 1.46315443 4.13412571
v 2.00963616 1.45700907 4.08308315
v 2.07921958 1.44978404 4.03071212
v 2.1467936 1.44115221 3.97718834
v 2.21207666 1.43093109 3.92274427
v 2.27467727 1.41889166 3.86739325
v 2.33437085 1.40495991 3.81115317
v 2.39090967 1.38915681 3.75399231
v 2.44418811 1.37169718 3.69597673
v 2.49391293 1.35287773 3.63718318
v 2.54046273 1.33321118 3.57786488
v 2.58418154 1.31335032 3.51796412
v 2.62562131 1.29403662 3.45729923
v 2.66489696 1.27568543 3.39581584
v 2.70211958 1.25856661 3.3334167
v 2.73738646 1.24293339 3.26995205
v 2.77070665 1.22910714 3.20533084
v 2.80227112 1.21746754 3.13938856
v 2.83231425 1.20826947 3.07196283
v 2.86084961 1.20190441 3.00300002
v 2.8880372 1.19821548 2.9323523
v 2.91391754 1.19709432 2.85991787
v 2.93868422 1.1987183 2.78541326
v 2.96240949 1.20324194 2.70863628
v 2.9850285 1.21044445 2.62943053
v 3.0064404 1.22010886 2.54751086
v 3.02653551 1.2320311 2.46271467
v 3.04510879 1.24600434 2.37508392
v 3.06193733 1.26193547 2.28467512
v 3.07560968 1.27964758 2.19212627
v 3.08627343 1.29868352 2.09769463
v 3.09352064 1.31858444 2.00209164
v 3.09683704 1.3390069 1.90609705
v 3.09573912 1.35970723 1.81047952
v 3.08979535 1.38050389 1.71600067
v 3.07835674 1.4011712 1.62358117
v 3.06143069 1.42171013 1.53367054
v 3.03889417 1.44213557 1.44675219
v 3.01080632 1.46253728 1.36311447
v 2.97721004 1.48302984 1.28300774
v 2.93805551 1.50371563 1.20671105
v 2.89337658 1.52474594 1.13440513
v 2.84337616 1.54634964 1.06610178
v 2.78792977 1.56865191 1.00205278
v 2.8104484 1.4419949 0.8643099
v 2.73976135 1.46500194 0.80786228
v 2.66362285 1.48945581 0.75618588
v 2.58191299 1.51559066 0.70941263
v 2.49402475 1.54359579 0.66807925
v 2.40003466 1.57388246 0.63203817
v 2.29901623 1.60678207 0.60206955
v 2.19059944 1.6428411 0.57841408
v 2.07357096 1.68273997 0.56226676
v 1.94693815 1.72737753 0.55483043
v 1.81093716 1.77730488 0.5560292
v 1.66534674 1.83272659 0.56638801
v 1.51020729 1.89337718 0.58623641
v 1.34571647 1.95854592 0.61602503
v 1.17282092 2.02689695 0.65535384
v 0.99271136 2.09673953 0.70406824
v 0.80727607 2.1659553 0.76175779
v 0.61915791 2.23227167 0.8270328
v 0.43150338 2.29344296 0.89863807
v 0.24797117 2.34750461 0.97484761
v 0.07277984 2.3927195 1.05392694
v -0.0904551 2.42847871 1.13352084
v -0.23890255 2.45500445 1.21160316
v -0.37010875 2.472759 1.28676116
v -0.48413458 2.48350548 1.35802161
v -0.58088612 2.48855304 1.42551231
v -0.66358083 2.49036121 1.49002146
v -0.7348718 2.49037146 1.55275619
v -0.79616957 2.48914217 1.6150217
v -0.84845817 2.48688793 1.67811131
v -0.8924728 2.48362469 1.74327254
v -0.92987984 2.47952747 1.81106841
v -0.96124815 2.47437048 1.88217318
v -0.98691886 2.46784114 1.95705771
v -1.00703454 2.45959878 2.03590607
v -1.021438 2.44918203 2.11871957
v -1.02999126 2.43606448 2.20520281
v -1.03228151 2.41969251 2.29511308
v -1.02873897 2.39990043 2.38769769
v -1.01933443 2.37623047 2.48248028
v -1.00385355 2.34792852 2.57918548
v -0.98291105 2.31491851 2.6775968
v -0.95687311 2.27709889 2.77762222
v -0.92572069 2.2344501 2.87898707
v -0.88981068 2.18756365 2.98079085
v -0.84923178 2.13739633 3.08232998
v -0.80260312 2.08531785 3.18357205
v -0.75128966 2.03345537 3.28438925
v -0.69575023 1.98291146 3.38476109
v -0.63675439 1.93413031 3.48417544
v -0.57473313 1.88733017 3.58173942
v -0.51034253 1.84252417 3.67656302
v -0.44414618 1.79973876 3.76789498
v -0.37656471 1.75907731 3.85517716
v -0.30788481 1.7207123 3.93809604
v -0.2383164 1.68480277 4.01659965
v -0.16791427 1.65155732 4.09055614
v -0.09676744 1.62098765 4.15995883
v -0.02493267 1.59299194 4.22478723
v 0.04756357 1.56740808 4.28501462
v 0.12075522 1.54410874 4.3404746
v 0.19469921 1.52299416 4.39089012
v 0.26942992 1.50394678 4.43616724
v 0.3449673 1.48687565 4.47596645
v 0.42128932 1.47164833 4.51041221
v 0.49833715 1.45814895 4.5393958
v 0.57602709 1.44625163 4.56301593
v 0.6542685 1.43583464 4.58147239
v 0.73290717 1.42676127 4.59474372
v 0.81185436 1.41891062 4.60319852
v 0.89091646 1.41212475 4.60675811
v 0.96999555 1.40627026 4.60571289
v 1.04895567 1.40119099 4.60011863
v 1.12770891 1.39673686 4.59008264
v 1.2062025 1.39275777 4.57566881
v 1.28444302 1.38912022 4.55697774
v 1.36247146 1.38569665 4.53405189
v 1.44036853 1.38238215 4.50698137
v 1.51823079 1.37910091 4.4759469
v 1.5961107 1.3757472 4.44095802
v 1.67405927 1.37229466 4.4024496
v 1.75198149 1.36858725 4.36038208
v 1.82976603 1.36457204 4.31531095
v 1.90716135 1.36009752 4.26756143
v 1.98379516 1.35495185 4.21747112
v 2.05926227 1.34891986 4.16549301
v 2.13306927 1.3417021 4.11193227
v 2.20477128 1.33301317 4.05706977
v 2.27399516 1.32259666 4.00108242
v 2.3403902 1.31022775 3.94400596
v 2.40383076 1.29588067 3.88595891
v 2.46395778 1.27950131 3.82681942
v 2.52067518 1.26130926 3.76664352
v 2.5737667 1.24160969 3.70543217
v 2.62328958 1.22090971 3.64338755
v 2.66970086 1.19976782 3.58082914
v 2.71348571 1.17903363 3.5174849
v 2.75503468 1.15925598 3.45324611
v 2.79442024 1.14080512 3.38794899
v 2.83178114 1.12388443 3.32146763
v 2.86703252 1.10885357 3.25365448
v 2.90033173 1.09607744 3.1843872
v 2.93195247 1.08576226 3.1135137
v 2.96186494 1.07847034 3.0408194
v 2.99030399 1.07375454 2.96627259
v 3.01735806 1.07156586 2.88968825
v 3.04327368 1.07208395 2.81068539
v 3.06811881 1.0755012 2.72902393
v 3.09195804 1.08172607 2.64456033
v 3.11470937 1.09050989 2.55705928
v 3.13624692 1.10168039 2.46632623
v 3.15635561 1.11507117 2.37236928
v 3.17472004 1.13042414 2.27538704
v 3.18965482 1.14781165 2.17606568
v 3.2010889 1.1665858 2.07493948
v 3.20895481 1.18607175 1.97273552
v 3.21236181 1.20588171 1.8704983
v 3.21094298 1.22576749 1.76899027
v 3.20417618 1.2455393 1.66906178
v 3.19158601 1.2650541 1.57153332
v 3.17265439 1.28419911 1.47724223
v 3.147439 1.3030467 1.38655853
v 3.11634469 1.32180404 1.29951417
v 3.07951879 1.34064149 1.21628546
v 3.03701829 1.35972559 1.13707649
v 2.98892712 1.37924575 1.06203663
v 2.93524408 1.39937245 0.99135804
v 2.8756349 1.4201945 0.92549407
v 2.8873012 1.28787362 0.79193353
v 2.8127408 1.30957889 0.73394012
v 2.73277711 1.33280849 0.68094557
v 2.64749693 1.35775864 0.63291651
v 2.55635523 1.38457739 0.59033697
v 2.4592874 1.41350281 0.55320036
v 2.35558176 1.44478285 0.52206981
v 2.24467539 1.47878336 0.4973607
v 2.12500953 1.51609861 0.48057854
v 1.9964863 1.55742764 0.47191304
v 1.85898721 1.60329973 0.47164979
v 1.71248447 1.65395093 0.4800705
v 1.5570687 1.70927548 0.4974322
v 1.39313685 1.76875639 0.52371835
v 1.2210462 1.83165121 0.55946546
v 1.04215669 1.89662075 0.60389953
v 0.85790973 1.96218729 0.65699225
v 0.67053407 2.02661204 0.71758049
v 0.48263236 2.08814573 0.78476554
v 0.29728117 2.14514875 0.85723018
v 0.11788026 2.19618701 0.93346804
v -0.0518437 2.23998737 1.01195907
v -0.20907065 2.27620554 1.09066724
v -0.35132831 2.30470275 1.16809177
v -0.47672793 2.32558488 1.24319112
v -0.58610874 2.34038686 1.31528449
v -0.68002033 2.3501122 1.3846333
v -0.75931727 2.35569715 1.45216858
v -0.82672816 2.35864758 1.51906061
v -0.88478994 2.35996437 1.58639228
v -0.93461233 2.35979914 1.65528667
v -0.97655457 2.35786366 1.72696113
v -1.01168668 2.35414362 1.80215799
v -1.04079496 2.34852457 1.88125109
v -1.06397163 2.34065556 1.96447753
v -1.08103787 2.33005285 2.05185699
v -1.09182715 2.31621456 2.1431415
v -1.09667789 2.29901814 2.23773837
v -1.0952543 2.27791571 2.33532738
v -1.08773303 2.25238156 2.43528223
v -1.07403445 2.22159886 2.53726911
v -1.05501413 2.18568134 2.64076328
v -1.03054869 2.14435172 2.74546432
v -1.00060117 2.09812617 2.85108327
v -0.96562141 2.04844832 2.95689868
v -0.92447894 1.99679076 3.0621767
v -0.87727701 1.94476807 3.16623926
v -0.82494288 1.89372324 3.26944828
v -0.76870882 1.84420132 3.37199735
v -0.70929884 1.79646289 3.473634
v -0.64729589 1.75058841 3.57371354
v -0.58326202 1.70658862 3.67149329
v -0.51765263 1.66449391 3.76630711
v -0.45072081 1.62445831 3.8576045
v -0.3825944 1.58670902 3.9450159
v -0.31336385 1.55144906 4.02836036
v -0.24307693 1.51882219 4.10750246
v -0.17174784 1.48887741 4.18226337
v -0.09939271 1.46154379 4.25248813
v -0.02601799 1.4366883 4.31805467
v 0.04847417 1.41422867 4.37854862
v 0.12410804 1.39402449 4.43386173
v 0.2009599 1.37598013 4.483747
v 0.27909818 1.3599931 4.52786636
v 0.35850778 1.34593129 4.5662446
v 0.43915551 1.33366072 4.59875297
v 0.5209524 1.32304835 4.62564373
v 0.60377508 1.31393837 4.64682245
v 0.68748372 1.30620241 4.66270446
v 0.77186918 1.29965257 4.67317819
v 0.85676324 1.29415702 4.67867517
v 0.94192898 1.28951966 4.67918777
v 1.02717673 1.28558194 4.67495822
v 1.11229991 1.28215265 4.66602373
v 1.1971786 1.27909469 4.65263128
v 1.28166019 1.27620196 4.63462162
v 1.36577367 1.27341795 4.61238956
v 1.44947814 1.27057266 4.58572673
v 1.53288948 1.26767289 4.55508136
v 1.61600804 1.26457262 4.52024269
v 1.69891822 1.26129317 4.48169755
v 1.78159344 1.25776732 4.43967104
v 1.8638947 1.25387179 4.39435672
v 1.94566571 1.24954187 4.34631538
v 2.0265069 1.24450743 4.29568529
v 2.10611224 1.23861241 4.24306297
v 2.1839292 1.23147559 4.18857002
v 2.25962185 1.22286212 4.13261413
v 2.3327074 1.21241545 4.0752263
v 2.4029603 1.19997596 4.01660203
v 2.47017359 1.18545651 3.9568355
v 2.53411197 1.16886055 3.89593958
v 2.5945239 1.15032529 3.83386921
v 2.65117478 1.13016343 3.77058863
v 2.70406508 1.10891318 3.70626878
v 2.75367617 1.08713436 3.64142704
v 2.80016923 1.06545019 3.57590699
v 2.8442502 1.04463613 3.50946927
v 2.88598728 1.02512335 3.44181323
v 2.9256103 1.00715065 3.37275528
v 2.96294832 0.99120938 3.30198693
v 2.99809026 0.97747618 3.22957778
v 3.03119206 0.96630096 3.15541338
v 3.06240081 0.95800638 3.0792818
v 3.09202313 0.95229321 3.00108838
v 3.12017822 0.94902908 2.92063736
v 3.14706182 0.94846206 2.83747291
v 3.17276048 0.95063966 2.75134038
v 3.19733548 0.95553398 2.66207432
v 3.22084021 0.9629895 2.56942296
v 3.24318289 0.97288328 2.47323131
v 3.26410913 0.98511278 2.3735187
v 3.28332829 0.99933648 2.27051472
v 3.29900002 1.01586759 2.16487765
v 3.31089186 1.03385794 2.05741143
v 3.31888771 1.05245554 1.94901466
v 3.32225608 1.07126319 1.84068834
v 3.32013845 1.08998441 1.73353016
v 3.31216359 1.10840892 1.62835657
v 3.29792785 1.12641418 1.52597045
v 3.2770729 1.14395546 1.42711067
v 3.24954271 1.16109621 1.33224773
v 3.21544122 1.17801082 1.24167227
v 3.17530703 1.1949619 1.15527689
v 3.12927746 1.2121694 1.07321918
v 3.07748818 1.22986185 0.99562639
v 3.02009105 1.24826788 0.92258662
v 2.95655584 1.26751864 0.85474526
v 2.95651149 1.13068807 0.72599566
v 2.8783729 1.15099024 0.66629123
v 2.79481077 1.17294442 0.61193221
v 2.7061963 1.19667792 0.56264901
v 2.61208128 1.22231614 0.51885396
v 2.51218771 1.24997746 0.48075074
v 2.40623903 1.27981257 0.44849541
v 2.2928555 1.31210875 0.42330268
v 2.17134976 1.34730911 0.40579608
v 2.04126095 1.38597476 0.39649328
v 1.90264713 1.42852103 0.39547911
v 1.75600731 1.47503483 0.40239101
v 1.60121679 1.52556228 0.41766923
v 1.43836069 1.57991135 0.44172814
v 1.26803803 1.63751769 0.47458112
v 1.0912373 1.69751822 0.51601815
v 0.90939146 1.75879049 0.56545323
v 0.72425031 1.82011306 0.6222549
v 0.53798973 1.88018548 0.68562448
v 0.35318303 1.93771231 0.75452828
v 0.17270262 1.99147748 0.82774102
v -0.00052835 2.04048633 0.90384632
v -0.16367639 2.08395004 0.98143231
v -0.31385806 2.12104153 1.05929398
v -0.44944438 2.15167331 1.13619029
v -0.56915003 2.17576408 1.21146309
v -0.67362159 2.19426989 1.28483939
v -0.76365351 2.20794844 1.3567245
v -0.8404693 2.21754598 1.42795598
v -0.90580022 2.22382998 1.49962604
v -0.9612382 2.22727704 1.57291734
v -1.00905907 2.22866916 1.64861035
v -1.04964017 2.22761678 1.72766614
v -1.08276915 2.22343015 1.81104266
v -1.10955035 2.21634316 1.89866113
v -1.12982988 2.20585656 1.99055111
v -1.1436361 2.19166159 2.08645105
v -1.15128195 2.17369771 2.18585777
v -1.15293955 2.15168976 2.28824663
v -1.14797592 2.12450146 2.39343619
v -1.13676321 2.0916152 2.50090813
v -1.11993897 2.05321788 2.61003994
v -1.09732437 2.00943088 2.71997118
v -1.06854486 1.9611839 2.82968378
v -1.03369748 1.91050791 2.93838429
v -0.99119687 1.85904824 3.04530811
v -0.94327473 1.80788695 3.15064764
v -0.89049142 1.75784385 3.2549901
v -0.83410614 1.70929265 3.35878038
v -0.77498245 1.66237151 3.46192812
v -0.71372717 1.6171168 3.56395435
v -0.65064775 1.57362091 3.6641376
v -0.58598792 1.53200292 3.76175665
v -0.52007806 1.49233603 3.85645675
v -0.45285004 1.45490193 3.94776153
v -0.38436937 1.41987669 4.03547525
v -0.31461665 1.38742244 4.11934328
v -0.24352118 1.35764765 4.19899368
v -0.17109735 1.33050751 4.27421236
v -0.09732269 1.30592095 4.34476614
v -0.02208436 1.28382575 4.41025114
v 0.05462712 1.26409566 4.47061443
v 0.13306286 1.24669373 4.52509784
v 0.21323949 1.23147749 4.5736742
v 0.29526957 1.21832001 4.61585903
v 0.37904679 1.20706081 4.65201759
v 0.46454301 1.19754087 4.68196106
v 0.55159974 1.18961179 4.70611619
v 0.64007061 1.18307876 4.72434091
v 0.72972637 1.17779004 4.73712587
v 0.82030475 1.1735109 4.74434185
v 0.91153913 1.17009234 4.74649906
v 1.00308966 1.16726362 4.74341058
v 1.09470379 1.16488838 4.73555707
v 1.18605589 1.1627084 4.72278118
v 1.27697336 1.16061341 4.70545053
v 1.36726689 1.15842294 4.68350744
v 1.45689094 1.1560682 4.65718936
v 1.54582929 1.1534729 4.62657642
v 1.63414418 1.1506282 4.59192848
v 1.7218604 1.14748585 4.55335664
v 1.80904805 1.14408063 4.51134252
v 1.89557552 1.14027547 4.46590757
v 1.98139905 1.1360712 4.41773128
v 2.06613135 1.13117706 4.36678409
v 2.14957833 1.12547719 4.31373739
v 2.23118233 1.11854946 4.25854301
v 2.31069636 1.11018085 4.2016859
v 2.38759684 1.09996175 4.14308881
v 2.46170496 1.08774626 4.08305788
v 2.53276801 1.07341015 4.02170229
v 2.60057282 1.05696749 3.95914363
v 2.66488075 1.03855371 3.89543771
v 2.72531414 1.01844096 3.83046722
v 2.78184175 0.99719637 3.76441669
v 2.83498001 0.97540968 3.69784927
v 2.88478636 0.95353508 3.63073563
v 2.93174147 0.93222302 3.56279563
v 2.97615504 0.91210204 3.49347686
v 3.01822137 0.89345926 3.42245984
v 3.05772233 0.87682199 3.34929037
v 3.09487509 0.86243939 3.27399802
v 3.12950205 0.85071158 3.19663095
v 3.16206574 0.84152013 3.11724901
v 3.19277215 0.83475256 3.03572607
v 3.22180891 0.83032816 2.95180416
v 3.24936199 0.82846516 2.86499285
v 3.27561903 0.82930165 2.77488613
v 3.30065584 0.83279436 2.68124747
v 3.3244071 0.83874058 2.5838561
v 3.34695959 0.8471474 2.48258185
v 3.36809849 0.8578071 2.37760281
v 3.38745951 0.87029671 2.26929044
v 3.40350604 0.8851459 2.15801835
v 3.41537857 0.90182483 2.04474735
v 3.42294907 0.9191035 1.93068122
v 3.42562818 0.93648779 1.81682896
v 3.42260956 0.95367509 1.70427322
v 3.41326046 0.97043901 1.59401774
v 3.39703679 0.98664933 1.48700785
v 3.37394976 1.0022856 1.38376236
v 3.34392857 1.01744294 1.28478086
v 3.30717134 1.03232121 1.19030618
v 3.26392483 1.04717445 1.10048854
v 3.2141788 1.06227493 1.01564288
v 3.15857696 1.07791352 0.93551951
v 3.09716963 1.0943613 0.86032134
v 3.02959132 1.11187398 0.79059851
v 3.01795649 0.97205036 0.66647654
v 2.93623089 0.99081563 0.60514557
v 2.84943342 1.01139307 0.54922068
v 2.75771355 1.03385019 0.49865064
v 2.66088438 1.05825913 0.45362633
v 2.55846333 1.08470284 0.41456559
v 2.45040655 1.11319422 0.38141083
v 2.33500933 1.14406526 0.35573151
v 2.2120974 1.17753338 0.33763778
v 2.08091759 1.21404278 0.32790827
v 1.94214046 1.25371742 0.32593429
v 1.79600799 1.29665744 0.33159598
v 1.64236724 1.34298205 0.34533381
v 1.48109936 1.39275801 0.36783358
v 1.31267154 1.44573879 0.39942142
v 1.13852596 1.50101625 0.43911474
v 0.95988047 1.55779266 0.48649618
v 0.77834755 1.61506831 0.54053789
v 0.59557443 1.67201769 0.60072016
v 0.41355779 1.7277708 0.6661787
v 0.2344089 1.78156518 0.73577225
v 0.06028103 1.83280086 0.80844402
v -0.10575892 1.88039112 0.88379114
v -0.26111149 1.92343616 0.96057653
v -0.40372118 1.9612807 1.03771066
v -0.53262311 1.99385738 1.1143651
v -0.64677655 2.02082777 1.19036233
v -0.7464739 2.04251718 1.26576829
v -0.83289921 2.05961751 1.34103119
v -0.90755587 2.07277393 1.41690862
v -0.97164291 2.08223485 1.49436247
v -1.02622187 2.08801388 1.57440495
v -1.07228815 2.09008717 1.6579554
v -1.11150598 2.08907389 1.74536299
v -1.14280486 2.08356595 1.83741307
v -1.16698932 2.07377004 1.93388187
v -1.18458473 2.05981731 2.03439354
v -1.19593405 2.04170274 2.13851428
v -1.2010405 2.01896548 2.24586725
v -1.19960784 1.99064254 2.35617804
v -1.19149315 1.95603835 2.46901536
v -1.17722129 1.91596067 2.58328199
v -1.1559931 1.8710711 2.69749283
v -1.12754023 1.82291734 2.81013846
v -1.09179139 1.7731148 2.92041683
v -1.04894244 1.72288012 3.0281794
v -1.00048363 1.67305326 3.13410425
v -0.94786542 1.6241672 3.23910331
v -0.89218175 1.57651627 3.34373617
v -0.83386737 1.53031969 3.44789266
v -0.77366966 1.48564493 3.55125808
v -0.71195197 1.44256091 3.65331435
v -0.64893901 1.40115356 3.7535808
v -0.58453995 1.36163651 3.85146427
v -0.51865935 1.32425749 3.94646215
v -0.45119088 1.28926539 4.03811454
v -0.38220521 1.25677156 4.12620019
v -0.31164464 1.22688567 4.21033048
v -0.23947706 1.19962751 4.29016256
v -0.16564023 1.17497706 4.36534309
v -0.08996544 1.15292537 4.4353342
v -0.01236672 1.13338935 4.49982833
v 0.0672295 1.11626482 4.55862283
v 0.14898735 1.10146689 4.61134481
v 0.23297074 1.08886802 4.65789747
v 0.31923973 1.07833623 4.69817686
v 0.40794125 1.06970369 4.73151922
v 0.49883058 1.06275677 4.75842857
v 0.59166711 1.05731201 4.77937698
v 0.68625384 1.05313742 4.79424762
v 0.78225499 1.0500319 4.80348157
v 0.87932223 1.04772639 4.80701494
v 0.977059 1.04601717 4.8052597
v 1.07503521 1.04462504 4.79815387
v 1.17286253 1.04336071 4.786026
v 1.27018451 1.04203236 4.76902771
v 1.36665654 1.04042995 4.74710083
v 1.46217715 1.03853988 4.72076177
v 1.55659222 1.03624451 4.68994712
v 1.64998674 1.0336095 4.65516185
v 1.74233853 1.03058302 4.61640548
v 1.83381044 1.02726972 4.57430172
v 1.92429184 1.02355384 4.5287714
v 2.01384067 1.01946508 4.48047971
v 2.10219526 1.01478707 4.42945289
v 2.18920564 1.0093677 4.37616825
v 2.27437996 1.00280213 4.32050705
v 2.35755062 0.99487698 4.26295661
v 2.43819522 0.98516732 4.20338439
v 2.51614737 0.9735127 4.14215374
v 2.59112238 0.95976543 4.07942199
v 2.66291141 0.94393503 4.01543188
v 2.73126912 0.92614209 3.95035862
v 2.79555463 0.90661007 3.88398528
v 2.85592484 0.8859595 3.81674599
v 2.91288328 0.86474043 3.74912762
v 2.96639227 0.84341347 3.68095803
v 3.01671934 0.82233524 3.61208844
v 3.06418204 0.80213069 3.54183483
v 3.10885429 0.78335344 3.46946907
v 3.15070176 0.76648706 3.39447403
v 3.18978285 0.75182515 3.31679296
v 3.22614121 0.73970335 3.23652482
v 3.26016879 0.72978115 3.15409469
v 3.29213404 0.72204011 3.0694065
v 3.32200884 0.71659553 2.98218846
v 3.35007047 0.71334952 2.89211154
v 3.37651276 0.71267437 2.7985599
v 3.40147805 0.71457088 2.70115995
v 3.42506671 0.71887415 2.59947109
v 3.44727301 0.7255485 2.49358439
v 3.46807146 0.73432314 2.3838725
v 3.48713231 0.7448886 2.27066373
v 3.50322151 0.75731056 2.1545093
v 3.51435613 0.77222603 2.03614234
v 3.52125144 0.78768688 1.91689133
v 3.5226531 0.80332362 1.79806757
v 3.51814603 0.81862705 1.68067431
v 3.50705623 0.8333792 1.56574082
v 3.48894929 0.84746521 1.4541428
v 3.46333313 0.86091721 1.34676551
v 3.43058347 0.87380248 1.24385464
v 3.39082312 0.8863424 1.14573752
v 3.3442707 0.89882397 1.05262088
v 3.29120945 0.91157168 0.96462011
v 3.2319765 0.92492169 0.88177067
v 3.16652441 0.9392516 0.80441063
v 3.09485006 0.95491212 0.73284816
v 3.07189011 0.81370848 0.61304116
v 2.98659086 0.83083349 0.55017316
v 2.89674735 0.8498696 0.49263456
v 2.80202984 0.87099403 0.44085344
v 2.70262503 0.89411622 0.39467713
v 2.59814572 0.91927874 0.35444772
v 2.4881246 0.94650775 0.32054472
v 2.37121987 0.97611266 0.29423907
v 2.24729061 1.00810718 0.27559179
v 2.11590886 1.04269909 0.2650206
v 1.97757339 1.07988631 0.26204466
v 1.83242738 1.11973428 0.26662877
v 1.67986226 1.1626749 0.27982193
v 1.52015507 1.20876038 0.301909
v 1.3543756 1.25747907 0.332253
v 1.18351316 1.30827879 0.37041166
v 1.00868809 1.3605622 0.4159269
v 0.83133184 1.41353654 0.46783646
v 0.65282195 1.46665644 0.52567344
v 0.47482886 1.51926946 0.5885331
v 0.29912039 1.57082843 0.65555977
v 0.12757936 1.62083756 0.72590327
v -0.03781036 1.66876423 0.79870694
v -0.19525997 1.71418774 0.873088
v -0.34298217 1.75664317 0.94850409
v -0.47896423 1.79534447 1.02477145
v -0.60111355 1.82908141 1.10187244
v -0.7097761 1.85804295 1.17947661
v -0.80565595 1.88252937 1.25780856
v -0.88940841 1.90255069 1.33743548
v -0.96203613 1.91819047 1.41907501
v -1.02520263 1.930027 1.50338375
v -1.07928288 1.93749666 1.59117484
v -1.12464559 1.93999457 1.68310082
v -1.16216242 1.93765819 1.77940166
v -1.19156479 1.92969453 1.8802489
v -1.21380269 1.91671598 1.98526072
v -1.22971177 1.89925551 2.09399247
v -1.2392081 1.87672758 2.2061758
v -1.24206149 1.84835612 2.32144022
v -1.23747253 1.81344163 2.43892502
v -1.2253673 1.77328181 2.55703449
v -1.20510876 1.72913181 2.67395472
v -1.17691862 1.68253493 2.7884531
v -1.14052295 1.63446319 2.89962029
v -1.09783244 1.58609688 3.00813198
v -1.04983925 1.53792333 3.11462974
v -0.9979667 1.49040913 3.22015166
v -0.94288796 1.44386899 3.32516169
v -0.88596773 1.39857065 3.43013644
v -0.82757878 1.35460352 3.53484988
v -0.76770216 1.31207871 3.63873457
v -0.70628756 1.27115905 3.74116826
v -0.6434822 1.23196244 3.84178066
v -0.57908684 1.19472456 3.93998885
v -0.513004 1.15965724 4.03533983
v -0.44518631 1.12693166 4.12744426
v -0.37539842 1.09677517 4.21561479
v -0.30369564 1.06920898 4.29955434
v -0.22999747 1.0442667 4.37883138
v -0.15418165 1.02195656 4.45299673
v -0.0761268 1.00224661 4.52167701
v 0.00431813 0.98508417 4.58451032
v 0.08729342 0.97038406 4.64122152
v 0.17291474 0.9580357 4.69163894
v 0.26137021 0.94792658 4.73538303
v 0.35259816 0.93987196 4.77264404
v 0.44657632 0.93369138 4.8033986
v 0.54336249 0.92914474 4.82693576
v 0.64242398 0.92597091 4.84427785
v 0.74344599 0.92390197 4.85544157
v 0.84599018 0.92266112 4.86062574
v 0.94956553 0.92197215 4.86003398
v 1.05363929 0.92154151 4.85372638
v 1.15768897 0.92114347 4.84204959
v 1.26117384 0.92051219 4.82497882
v 1.36370039 0.91952145 4.80294466
v 1.46496927 0.91807299 4.77622938
v 1.56472301 0.91607272 4.74490308
v 1.66304576 0.91363257 4.70967102
v 1.75986111 0.91072446 4.6705265
v 1.85541403 0.90750294 4.62819337
v 1.94962275 0.90390157 4.5825591
v 2.04265928 0.89997828 4.53424406
v 2.13438248 0.89557743 4.48326683
v 2.22472167 0.89054119 4.42994165
v 2.31327986 0.88450098 4.37408256
v 2.39995908 0.87722832 4.31611061
v 2.48427653 0.86831486 4.25588226
v 2.56604909 0.85756701 4.19375944
v 2.64497327 0.84482401 4.12996912
v 2.72085475 0.83008343 4.06488609
v 2.7934122 0.81342834 3.99878716
v 2.86155343 0.79502815 3.93134641
v 2.92592024 0.77554619 3.8634181
v 2.9868257 0.75545412 3.79524374
v 3.04427266 0.735183 3.7266128
v 3.09843277 0.71506905 3.65720701
v 3.14933395 0.69544065 3.58645343
v 3.19680547 0.67708808 3.51323509
v 3.24109792 0.66046828 3.43698287
v 3.28210353 0.64604717 3.35732817
v 3.32035565 0.63371682 3.27466559
v 3.35602569 0.62339538 3.18934774
v 3.38920164 0.61499995 3.10159635
v 3.42007231 0.60855972 3.011271
v 3.44873905 0.60411578 2.91804766
v 3.47524118 0.60199254 2.82133078
v 3.49987936 0.60225331 2.72046136
v 3.52271556 0.60476332 2.61497736
v 3.54411745 0.60942763 2.50502204
v 3.56417942 0.61610543 2.39106321
v 3.58238101 0.62442582 2.27362322
v 3.59771442 0.63442903 2.15315294
v 3.60825204 0.64674931 2.03033208
v 3.61369276 0.66017383 1.90657985
v 3.61372089 0.6736105 1.78320658
v 3.60725307 0.68675142 1.66149008
v 3.59400677 0.69919157 1.5423572
v 3.57345819 0.71085602 1.42673301
v 3.54539442 0.72176224 1.31533217
v 3.50974082 0.73206675 1.20872581
v 3.46667599 0.74200815 1.10726189
v 3.41667771 0.75185465 1.01100766
v 3.36000824 0.76199197 0.9201281
v 3.29703927 0.77281087 0.83467519
v 3.22798013 0.78474915 0.75481665
v 3.15242457 0.79841345 0.68126988
v 3.11866378 0.65753245 0.56525188
v 3.02994895 0.67288065 0.50085943
v 2.93699097 0.6902855 0.44194778
v 2.83960342 0.70991194 0.38883587
v 2.7377808 0.73168134 0.34157255
v 2.63142848 0.75547403 0.30021339
v 2.51969265 0.78147923 0.2655788
v 2.40161705 0.80990034 0.2386019
v 2.27733302 0.84044116 0.21902436
v 2.14633894 0.87323743 0.20734626
v 2.00886178 0.908221 0.20334637
v 1.86459255 0.94565635 0.20754447
v 1.71343135 0.98581808 0.22044636
v 1.55602037 1.02854514 0.2418009
v 1.39320302 1.07346665 0.27116683
v 1.2260456 1.12001729 0.30783891
v 1.05552637 1.1677289 0.3513033
v 0.88257569 1.21637511 0.40144202
v 0.70861977 1.26531422 0.45724487
v 0.53503274 1.3142687 0.518323
v 0.36342892 1.36263668 0.58349525
v 0.19536957 1.41004741 0.65194636
v 0.03237764 1.4561516 0.72280925
v -0.12394174 1.50064766 0.79554748
v -0.27213543 1.54315519 0.86962562
v -0.41076776 1.58327591 0.94491219
v -0.53890621 1.62069225 1.02131247
v -0.65609687 1.65527272 1.09901368
v -0.76113671 1.68604517 1.17877924
v -0.85359507 1.71201872 1.26111662
v -0.93528544 1.73387825 1.34609305
v -1.00645077 1.75093019 1.43436348
v -1.06830656 1.76340067 1.52634036
v -1.12167632 1.77115988 1.6223874
v -1.16675365 1.7735176 1.72276711
v -1.20284497 1.76891398 1.82760238
v -1.23119628 1.75842666 1.93656265
v -1.2526133 1.74272537 2.04936575
v -1.26725053 1.72168004 2.16574931
v -1.27434372 1.69441139 2.28510642
v -1.27294504 1.66091811 2.40605092
v -1.26288926 1.62277865 2.52683115
v -1.24378132 1.58121573 2.6456778
v -1.21589505 1.53734779 2.76143074
v -1.18019676 1.49214088 2.8737216
v -1.13834786 1.44639396 2.98313522
v -1.09084928 1.4003123 3.09000086
v -1.03994429 1.35468173 3.19597816
v -0.98643463 1.30984997 3.30169415
v -0.93133479 1.26607728 3.40763926
v -0.87473321 1.22343695 3.5135498
v -0.81673085 1.18201065 3.6190536
v -0.7571994 1.14193368 3.7235713
v -0.69610416 1.1033529 3.82660269
v -0.63332796 1.06645655 3.92763018
v -0.56870383 1.03147149 4.02611351
v -0.50211399 0.99860787 4.1215558
v -0.43346267 0.96804773 4.21346378
v -0.36262667 0.93995004 4.30130004
v -0.28959217 0.91437155 4.38472843
v -0.21403248 0.89148646 4.46296596
v -0.13584317 0.87129932 4.53563213
v -0.05484488 0.85380077 4.60229396
v 0.02907171 0.83890616 4.66273927
v 0.1160418 0.82651984 4.7167859
v 0.20618531 0.81651645 4.76428937
v 0.29955914 0.80874162 4.80521535
v 0.39631465 0.80303853 4.83914756
v 0.49620738 0.79914248 4.86643886
v 0.59916538 0.79678988 4.88662433
v 0.70473212 0.79562979 4.89983797
v 0.81224912 0.79534405 4.90683937
v 0.92119652 0.79558509 4.90741443
v 1.03091383 0.79605847 4.90199852
v 1.14075076 0.79645496 4.89061212
v 1.25005674 0.79652202 4.87349176
v 1.35829651 0.79609948 4.85108184
v 1.46500933 0.79506212 4.82366561
v 1.56990456 0.79338073 4.79166841
v 1.67295706 0.79114288 4.75575017
v 1.77405977 0.78837949 4.7160573
v 1.87351632 0.78527694 4.67338562
v 1.97127604 0.781838 4.62765407
v 2.06762504 0.7781462 4.57942533
v 2.16252088 0.77409732 4.52864694
v 2.25600838 0.76955264 4.47551488
v 2.34779954 0.76419377 4.419775
v 2.43785977 0.75777393 4.36172151
v 2.5257802 0.74992317 4.30123901
v 2.61133694 0.74040871 4.2386322
v 2.69423651 0.72906518 4.17421579
v 2.77431082 0.71586793 4.10847663
v 2.85102939 0.70081818 4.04164695
v 2.92314362 0.68410617 3.97366571
v 2.99161434 0.66631788 3.90548086
v 3.05657243 0.64784681 3.83715558
v 3.11809968 0.62906503 3.76845169
v 3.17619705 0.61033719 3.69886016
v 3.23065495 0.59207439 3.62760925
v 3.28129053 0.57469689 3.55384683
v 3.32797169 0.55889207 3.47658968
v 3.37123608 0.54489314 3.39555263
v 3.41147422 0.53266912 3.31090593
v 3.44889903 0.52226674 3.22295355
v 3.48338913 0.51372784 3.13206601
v 3.51520609 0.50673627 3.03859782
v 3.54432702 0.50145202 2.94224548
v 3.57096982 0.49801787 2.84246277
v 3.59509873 0.49669945 2.73826837
v 3.61724281 0.49735751 2.62923789
v 3.63763046 0.50001388 2.51554679
v 3.65652775 0.50444233 2.39788293
v 3.67357897 0.51046204 2.2766397
v 3.68792367 0.51776462 2.15244674
v 3.6973989 0.52715915 2.02588105
v 3.7010672 0.53820711 1.89818429
v 3.69906878 0.54924291 1.7709124
v 3.69053864 0.55983281 1.64529061
v 3.67471242 0.56973987 1.52245533
v 3.65139651 0.57873266 1.40324604
v 3.62033224 0.58686572 1.28841137
v 3.58156585 0.59428942 1.1784693
v 3.53529906 0.60127216 1.07377088
v 3.48162388 0.60826134 0.97469216
v 3.42122674 0.61555504 0.88115757
v 3.35450863 0.62360239 0.7932353
v 3.28176283 0.63291317 0.71106791
v 3.20259618 0.64433318 0.63542383
v 3.15860962 0.50558811 0.52267622
v 3.0668497 0.51884442 0.45663803
v 2.9709661 0.53445601 0.3964118
v 2.87113142 0.55236178 0.34197545
v 2.76702547 0.57271021 0.29374083
v 2.65885663 0.59508752 0.25143462
v 2.5458281 0.61973285 0.21586722
v 2.42693996 0.64692658 0.18808715
v 2.30262637 0.67598581 0.16746021
v 2.17236423 0.70700442 0.15453314
v 2.0359056 0.74004918 0.14963263
v 1.89273893 0.77552837 0.15358991
v 1.74349594 0.81322264 0.16598826
v 1.58864414 0.8530122 0.1867021
v 1.42930889 0.89425396 0.21474956
v 1.26619613 0.93666839 0.24979804
v 1.09992218 0.98019564 0.29184716
v 0.93149751 1.02454078 0.34042272
v 0.76211923 1.06934166 0.39483866
v 0.59310531 1.11416971 0.45419794
v 0.42578443 1.15887689 0.51798915
v 0.2615711 1.20293903 0.58502692
v 0.10178396 1.24612522 0.6546157
v -0.05226117 1.2882092 0.72622251
v -0.19942827 1.32886636 0.79929691
v -0.33876806 1.36787378 0.87359333
v -0.46937093 1.40505647 0.94930273
v -0.59042781 1.44011712 1.02687168
v -0.70132094 1.47262418 1.10688471
v -0.80214792 1.50235724 1.18974018
v -0.89279252 1.52883136 1.27614772
v -0.97372323 1.55175054 1.36646807
v -1.04348993 1.56867063 1.46157372
v -1.10435235 1.58066284 1.56099498
v -1.15670514 1.58723032 1.664837
v -1.20106339 1.5882194 1.77302181
v -1.23720538 1.58283102 1.88533711
v -1.26462686 1.57033586 2.00147056
v -1.2842096 1.55192935 2.12116599
v -1.29510808 1.5272485 2.24354052
v -1.29688549 1.49724924 2.36708593
v -1.28895843 1.46302199 2.48988986
v -1.27137291 1.42561173 2.6103599
v -1.24484551 1.38590312 2.72752094
v -1.21049737 1.34456944 2.84102702
v -1.16903233 1.30191206 2.95078921
v -1.12299072 1.25895869 3.05854535
v -1.07405126 1.21630311 3.16565442
v -1.0227071 1.1741656 3.27258873
v -0.96962887 1.13274741 3.3797338
v -0.914994 1.09213423 3.48698353
v -0.85888665 1.0524013 3.59404254
v -0.80127757 1.013646 3.70046949
v -0.7420234 0.97602313 3.80571675
v -0.68095684 0.93973451 3.90922308
v -0.61790549 0.90501362 4.01043462
v -0.55272865 0.87209552 4.10882711
v -0.4853169 0.84119629 4.20390605
v -0.41558259 0.8124994 4.29520654
v -0.34325826 0.78625178 4.38203907
v -0.2682828 0.76254624 4.46403837
v -0.19038809 0.74153924 4.54060745
v -0.10931354 0.72332251 4.61119031
v -0.02489454 0.70787406 4.67545938
v 0.06295173 0.69508981 4.73332643
v 0.15448217 0.68491286 4.7844038
v 0.24972383 0.67715877 4.82870531
v 0.34866541 0.67162728 4.86624574
v 0.45133665 0.6681118 4.89673042
v 0.5575425 0.66631799 4.92005395
v 0.66685885 0.66588419 4.93630218
v 0.77879363 0.66641676 4.9451847
v 0.89252895 0.66750484 4.94722509
v 1.00731313 0.66879469 4.94277858
v 1.12238824 0.66993224 4.93172454
v 1.23700881 0.67066448 4.91461324
v 1.35050356 0.67078739 4.89178085
v 1.46227812 0.67017054 4.86361217
v 1.57200086 0.66881948 4.83083629
v 1.6795324 0.66681367 4.79413318
v 1.78472995 0.66424262 4.75383901
v 1.88792443 0.66130977 4.71080589
v 1.98909413 0.65809613 4.66503572
v 2.08862853 0.65470665 4.61703205
v 2.18654775 0.65109032 4.56663465
v 2.28304338 0.64713817 4.51395893
v 2.37794303 0.64259314 4.45868063
v 2.47126555 0.63719707 4.40093231
v 2.56272363 0.63063257 4.34065341
v 2.65199184 0.62262666 4.27801084
v 2.73885607 0.61301904 4.21345043
v 2.82315659 0.60174661 4.14751148
v 2.90382885 0.58872681 4.08031559
v 2.98018074 0.57419335 4.01235389
v 3.05280637 0.55855047 3.94426441
v 3.12187719 0.54212212 3.87607598
v 3.18745183 0.52523219 3.80747985
v 3.24950671 0.50822085 3.73790216
v 3.30744195 0.49165222 3.66633129
v 3.36122417 0.47591823 3.59189772
v 3.41070652 0.46134984 3.51378655
v 3.4564557 0.44805946 3.43164038
v 3.49885869 0.43625089 3.34527611
v 3.53791308 0.42612135 3.25485777
v 3.57387805 0.41763421 3.16100788
v 3.6067748 0.4106619 3.06419467
v 3.63622474 0.40517696 2.96441412
v 3.66257309 0.40100142 2.86127686
v 3.68624758 0.39823672 2.75383353
v 3.70788693 0.39700987 2.64157009
v 3.72722172 0.3977164 2.52444458
v 3.7449975 0.40014621 2.403234
v 3.76079201 0.4039399 2.27854728
v 3.77377486 0.40876674 2.15100669
v 3.78182125 0.41533672 2.02113246
v 3.78380322 0.42331221 1.89019358
v 3.77939915 0.43169817 1.75960052
v 3.7683196 0.43954575 1.63067472
v 3.74978137 0.44661855 1.50456214
v 3.723315 0.45278242 1.38225901
v 3.68898582 0.45793983 1.26443111
v 3.64677 0.46230512 1.15164268
v 3.59689259 0.46618005 1.04425835
v 3.5397222 0.46995371 0.942492
v 3.47568583 0.47409448 0.8464725
v 3.40505337 0.47923973 0.75642466
v 3.32871627 0.48563757 0.67208945
v 3.24597764 0.49461382 0.59452885
v 3.19267296 0.35954943 0.48428681
v 3.098001 0.37047708 0.41677558
v 2.99934124 0.38415697 0.35539603
v 2.89711737 0.4002355 0.29987257
v 2.791121 0.41882625 0.25051337
v 2.68129897 0.43967881 0.2073493
v 2.56702566 0.4629662 0.17105338
v 2.44775152 0.48865068 0.14218626
v 2.32361912 0.51611369 0.1204463
v 2.19419932 0.54534822 0.10630271
v 2.05876326 0.57672947 0.10073436
v 1.91734933 0.610219 0.10390459
v 1.77018523 0.64578521 0.11587393
v 1.61837792 0.68267542 0.13552273
v 1.46262764 0.72054553 0.16236142
v 1.30349469 0.75923973 0.19618423
v 1.14145267 0.79888558 0.23712986
v 0.97756606 0.83905917 0.28440466
v 0.81278628 0.87966251 0.3375757
v 0.64828974 0.92040556 0.39582333
v 0.4852797 0.96104866 0.45833933
v 0.32496696 1.00140142 0.52436173
v 0.16853831 1.04121887 0.59312295
v 0.01711259 1.08025431 0.66402131
v -0.128293 1.11826694 0.73667746
v -0.26687485 1.15497839 0.8108223
v -0.3980056 1.19015312 0.88643741
v -0.52109736 1.22360587 0.96388596
v -0.63576483 1.25511026 1.0436207
v -0.74194032 1.28445363 1.12606191
v -0.83920526 1.31133031 1.21213591
v -0.92676085 1.33506679 1.30294001
v -1.00495147 1.35500788 1.3984518
v -1.07419264 1.37086188 1.49882149
v -1.13474082 1.3820976 1.60411107
v -1.18702971 1.38836038 1.71420478
v -1.23019588 1.38820946 1.82893729
v -1.26527619 1.38226389 1.94788014
v -1.28919458 1.3678056 2.0701971
v -1.30398619 1.3478465 2.19506049
v -1.30924856 1.32330107 2.3208692
v -1.30373585 1.29450893 2.44547557
v -1.28807926 1.26246559 2.56744122
v -1.26325023 1.22784328 2.68583726
v -1.22958946 1.19088971 2.79983353
v -1.19040811 1.15293431 2.91110992
v -1.14709162 1.11446929 3.0206685
v -1.10060167 1.07584226 3.12935972
v -1.05161488 1.03730928 3.23779106
v -1.00065982 0.99904316 3.34631729
v -0.9480462 0.96113467 3.45498275
v -0.89387118 0.92365866 3.5635662
v -0.83808052 0.8867225 3.67165708
v -0.78055942 0.85048204 3.77875137
v -0.72125083 0.81510692 3.88438987
v -0.65994906 0.78084117 3.9880197
v -0.59636557 0.74799615 4.08900356
v -0.53038734 0.71682429 4.1868596
v -0.46181273 0.68761205 4.28101205
v -0.39051371 0.66058641 4.3709774
v -0.31633672 0.63594836 4.45629453
v -0.23896849 0.6139422 4.53633213
v -0.1582423 0.59467142 4.61072349
v -0.07386441 0.57825017 4.67897605
v 0.01455749 0.56477493 4.74044799
v 0.10699018 0.55405885 4.79525566
v 0.20348098 0.54593932 4.84338522
v 0.30432003 0.54033964 4.88424158
v 0.40926373 0.53693211 4.91806173
v 0.51812994 0.53542214 4.94471836
v 0.63061028 0.53546422 4.96396923
v 0.7462126 0.53664022 4.97541999
v 0.86408567 0.53846049 4.97923851
v 0.983298 0.54047989 4.97591018
v 1.10298967 0.54231905 4.96551513
v 1.22232163 0.54367953 4.94857215
v 1.34052646 0.54433983 4.92547082
v 1.45690429 0.54416859 4.89670562
v 1.57106113 0.54317754 4.86322975
v 1.68276703 0.54145389 4.82582187
v 1.79183495 0.53913939 4.7850089
v 1.89859044 0.53644359 4.74169921
v 2.00303673 0.53352534 4.69601106
v 2.10564947 0.53050279 4.64839983
v 2.20646548 0.52739554 4.59858989
v 2.30584955 0.52411705 4.54663848
v 2.40374183 0.52048039 4.49215555
v 2.50019979 0.51623398 4.43509388
v 2.59505486 0.51110148 4.37541484
v 2.68799138 0.50482082 4.31324386
v 2.77873086 0.49719882 4.24899292
v 2.8672769 0.48814421 4.18331813
v 2.95182848 0.4775277 4.11624193
v 3.03235864 0.46553704 4.04862403
v 3.10924625 0.45239815 3.98091197
v 3.18244004 0.43835368 3.91304564
v 3.2520287 0.42366921 3.84466981
v 3.31758427 0.40875896 3.77504038
v 3.37889766 0.39409583 3.70323419
v 3.43563938 0.38019374 3.62817215
v 3.48823809 0.36718136 3.5492165
v 3.53680706 0.35511663 3.46585464
v 3.5814023 0.34411686 3.37778592
v 3.62222504 0.33448797 3.28506064
v 3.65966463 0.32631218 3.18836236
v 3.69349288 0.31969946 3.08817935
v 3.72332501 0.31448054 2.98470258
v 3.74952316 0.3101134 2.87780189
v 3.77277445 0.30642277 2.76690626
v 3.79357504 0.30376333 2.65138888
v 3.81219458 0.30268317 2.53106522
v 3.82889294 0.30322626 2.40663766
v 3.84343433 0.30507764 2.27869749
v 3.85491681 0.30789545 2.14792394
v 3.86180329 0.31159421 2.01513743
v 3.86188697 0.31658554 1.88135778
v 3.85505175 0.32200852 1.74795198
v 3.84095501 0.32706135 1.61626124
v 3.81937193 0.33115899 1.48741269
v 3.78975224 0.33422654 1.36240375
v 3.7518692 0.33631673 1.24205815
v 3.7060337 0.33749586 1.12685203
v 3.65243458 0.33812743 1.01717889
v 3.59147405 0.33864122 0.91325789
v 3.52364563 0.33953917 0.81520319
v 3.44949245 0.34136322 0.72306591
v 3.3694415 0.34477374 0.6369788
v 3.28341603 0.35091885 0.55756461
v 3.22166109 0.22078596 0.449171
v 3.1240828 0.22934483 0.38055843
v 3.02292156 0.24078965 0.31809216
v 2.9184525 0.25490894 0.26166981
v 2.81072735 0.27151012 0.21129918
v 2.69946503 0.2906349 0.16731365
v 2.5841937 0.3123472 0.13024781
v 2.46462011 0.33634981 0.10037306
v 2.34070396 0.36211639 0.07763049
v 2.21226048 0.38940784 0.06221058
v 2.07810831 0.41907614 0.05580369
v 1.93848657 0.45075985 0.05830139
v 1.79384017 0.48409441 0.0693904
v 1.64513218 0.51831889 0.0880412
v 1.49293172 0.55314022 0.11386937
v 1.33760309 0.588602 0.14692451
v 1.1798942 0.6244291 0.18669353
v 1.02038109 0.66079074 0.23314638
v 0.8601433 0.69727563 0.28531655
v 0.70009303 0.73391956 0.34270775
v 0.54131102 0.7705487 0.40447273
v 0.38486397 0.80706715 0.46986162
v 0.23179842 0.84334594 0.53818094
v 0.08307749 0.87901991 0.60866272
v -0.06049132 0.9137876 0.68080812
v -0.1982108 0.94752454 0.75451833
v -0.32948377 0.98008382 0.82989788
v -0.45377045 1.01128494 0.90726822
v -0.5706281 1.0408976 0.98706984
v -0.67970579 1.06864523 1.06981468
v -0.78068268 1.09418678 1.15606784
v -0.87329888 1.11711621 1.24635005
v -0.95743256 1.13700115 1.34104764
v -1.03319954 1.15350389 1.44038498
v -1.10004234 1.16625046 1.54500484
v -1.15821325 1.17482578 1.65478694
v -1.20773363 1.17874646 1.76962232
v -1.24865829 1.17772722 1.88926506
v -1.2799772 1.17093849 2.01313233
v -1.29970943 1.1580193 2.13991546
v -1.3089528 1.14046764 2.26761531
v -1.30703163 1.11864602 2.39407944
v -1.29350352 1.09286034 2.51729106
v -1.27021837 1.06408393 2.63657474
v -1.23971879 1.03331601 2.75245428
v -1.20366084 1.00116133 2.86569571
v -1.16333377 0.96805894 2.97718501
v -1.11949849 0.93429648 3.08761382
v -1.07282245 0.90012109 3.19757342
v -1.02391934 0.86569672 3.30747056
v -0.9731915 0.8311097 3.4174366
v -0.92082124 0.79643082 3.52734351
v -0.86682605 0.76176101 3.63687014
v -0.81113791 0.72724825 3.7455883
v -0.753609 0.69310033 3.85299944
v -0.69402599 0.65958493 3.95856022
v -0.63213795 0.62701666 4.06170225
v -0.56775528 0.5957058 4.1619153
v -0.50069326 0.56596481 4.25869607
v -0.43082818 0.53806132 4.35162305
v -0.35764879 0.51245576 4.43983316
v -0.28106886 0.48933032 4.52299022
v -0.20089387 0.46886509 4.60071897
v -0.11684121 0.45122891 4.67257928
v -0.02868008 0.43649423 4.73825168
v 0.06415813 0.42486488 4.79687786
v 0.16164237 0.41613617 4.84849309
v 0.26368629 0.41005742 4.89316988
v 0.37032574 0.40643602 4.93059015
v 0.48141536 0.40497997 4.96045494
v 0.59647524 0.40525263 4.98280763
v 0.71504062 0.40684223 4.99718189
v 0.83631295 0.40923559 5.00339698
v 0.9592964 0.41190874 5.0014882
v 1.08294141 0.41439908 4.99214839
v 1.20634758 0.41636839 4.97571468
v 1.32867193 0.41757515 4.9526844
v 1.44913768 0.41788759 4.92366027
v 1.56728494 0.41730788 4.88976717
v 1.68280911 0.41593423 4.85190773
v 1.79548025 0.41395154 4.81079816
v 1.90558981 0.41156911 4.76740312
v 2.01316165 0.40901461 4.7219758
v 2.11869287 0.40641737 4.67489576
v 2.22232198 0.40387409 4.62592268
v 2.32446932 0.40132224 4.5749402
v 2.42523407 0.39864051 4.52154827
v 2.52467179 0.39561602 4.4655013
v 2.6227405 0.39199939 4.40676546
v 2.71918106 0.38755443 4.3454523
v 2.81374359 0.38207653 4.2819643
v 2.90632271 0.37541642 4.21689319
v 2.99459767 0.36748239 4.15033149
v 3.0792911 0.35829711 4.08331728
v 3.16034412 0.3479402 4.01612997
v 3.23767423 0.33654791 3.94867658
v 3.3110485 0.32434234 3.88051033
v 3.37991952 0.31173551 3.81081223
v 3.44410371 0.29922524 3.73859739
v 3.50384903 0.28719279 3.6629734
v 3.5594623 0.27583107 3.5831964
v 3.61092424 0.265262 3.49856782
v 3.65788078 0.25561016 3.40855026
v 3.70065927 0.24684368 3.3135066
v 3.73939561 0.23930175 3.21393966
v 3.77395224 0.23325119 3.11041832
v 3.80403685 0.22855599 3.00312376
v 3.83051514 0.2244018 2.89224457
v 3.85357642 0.22037179 2.77761316
v 3.87362313 0.21687874 2.6586349
v 3.8914411 0.21447947 2.53518629
v 3.90753555 0.21343949 2.40769815
v 3.92071819 0.21371428 2.27665972
v 3.93083167 0.21466943 2.14293122
v 3.93665432 0.21599169 2.00734472
v 3.93474674 0.21842069 1.87087214
v 3.92554163 0.22082355 1.73506832
v 3.90847754 0.22289536 1.60104537
v 3.88359284 0.22399896 1.46994018
v 3.85063409 0.22392158 1.3427149
v 3.80936479 0.22273977 1.22018778
v 3.7597444 0.22073689 1.10301351
v 3.70239949 0.21808192 0.99144703
v 3.63767337 0.21528548 0.88574308
v 3.56609106 0.21289457 0.78601902
v 3.48823905 0.21149958 0.69232773
v 3.40473389 0.21168267 0.60468983
v 3.31556987 0.21472027 0.52368784
v 3.24620747 0.09027228 0.41659158
v 3.14588809 0.09634895 0.34712746
v 3.04238271 0.10538418 0.28378936
v 2.9358294 0.11740174 0.22665479
v 2.8264203 0.131963 0.17555715
v 2.7140131 0.148934 0.13065052
v 2.59790039 0.16885104 0.09286356
v 2.47808265 0.19097682 0.06209027
v 2.35445642 0.21484258 0.03838798
v 2.22685337 0.24019932 0.02197113
v 2.09411859 0.26801422 0.01464602
v 1.956501 0.29774037 0.0162575
v 1.81443214 0.32888448 0.02644974
v 1.66882181 0.36058682 0.04416002
v 1.52007293 0.39264565 0.06918846
v 1.36851799 0.42508828 0.10156579
v 1.21492672 0.45752081 0.14059233
v 1.05971121 0.49024456 0.18638077
v 0.90383279 0.5229212 0.23799072
v 0.74813205 0.55553382 0.29477173
v 0.59346312 0.58823865 0.35615551
v 0.44078579 0.62098223 0.4213165
v 0.29103946 0.65351992 0.48936125
v 0.14504028 0.68545603 0.55944651
v 0.00345614 0.71668684 0.63122439
v -0.13310885 0.74716341 0.70463633
v -0.26410126 0.77677226 0.77979809
v -0.38900703 0.80534476 0.85699272
v -0.507353 0.83266359 0.93662375
v -0.61870217 0.85846602 1.01916313
v -0.72265696 0.88244628 1.10509347
v -0.81886124 0.90426862 1.19487416
v -0.907009 0.92358529 1.28891849
v -0.98688036 0.94007766 1.3875674
v -1.05830514 0.9534524 1.49111127
v -1.12126815 0.96342533 1.59968757
v -1.17568206 0.96974092 1.71339297
v -1.22089552 0.97218328 1.83236849
v -1.25661683 0.97027123 1.95575273
v -1.28133034 0.96375739 2.08241534
v -1.29408216 0.95288771 2.21038794
v -1.29545521 0.93800509 2.33741045
v -1.28576517 0.91944956 2.4617474
v -1.26703548 0.89792805 2.58280634
v -1.24099636 0.87407869 2.70073604
v -1.20901346 0.84837603 2.81605005
v -1.17170965 0.82119256 2.92927384
v -1.1303991 0.79285681 3.0412414
v -1.08606135 0.76357585 3.15262293
v -1.03925907 0.73347836 3.26379299
v -0.99039983 0.70265239 3.37490296
v -0.93977075 0.67117106 3.48590612
v -0.88748282 0.63913697 3.59656453
v -0.83349865 0.6067081 3.70650363
v -0.77769994 0.57410025 3.8152759
v -0.71987724 0.54159426 3.92237711
v -0.65977233 0.50952208 4.02727794
v -0.59713697 0.47823843 4.12946701
v -0.53171384 0.44812023 4.22842407
v -0.46323621 0.41955393 4.32361793
v -0.3915019 0.3928757 4.41459274
v -0.31628927 0.3683927 4.50091934
v -0.23709787 0.34653371 4.58186769
v -0.15370436 0.32749828 4.65707874
v -0.06578096 0.31148067 4.72609567
v 0.02660136 0.29835438 4.78905534
v 0.12428297 0.28850802 4.84470033
v 0.22717949 0.28169894 4.89298486
v 0.33501771 0.27756363 4.93403577
v 0.44764348 0.27581688 4.96753883
v 0.56479513 0.27612355 4.99294519
v 0.68566077 0.27788516 5.01051569
v 0.80956679 0.28062737 5.01981306
v 0.93566578 0.2838763 5.01979637
v 1.06261038 0.28697297 5.01193428
v 1.1894536 0.28954577 4.99648904
v 1.31529557 0.29132524 4.97402095
v 1.43930792 0.29217371 4.94523143
v 1.56096744 0.29207363 4.91136217
v 1.67991137 0.29113024 4.87344741
v 1.79587447 0.28955945 4.83237695
v 1.9090898 0.28756842 4.78917026
v 2.01960206 0.28543737 4.74422359
v 2.12789416 0.28331536 4.69786787
v 2.2342031 0.28135907 4.64991092
v 2.33896589 0.27955564 4.60009241
v 2.44244623 0.27782645 4.54800748
v 2.54468703 0.27604034 4.49323892
v 2.64576888 0.27396017 4.43573141
v 2.74548101 0.27138036 4.37556076
v 2.84361577 0.26808884 4.31311655
v 2.93975925 0.2639229 4.24888086
v 3.03188395 0.25881668 4.18315362
v 3.12061333 0.25258138 4.11687088
v 3.20574855 0.2451732 4.05027055
v 3.28704452 0.23662084 3.98321461
v 3.36366868 0.22711005 3.91510677
v 3.43542909 0.21698567 3.84515285
v 3.50243449 0.20669524 3.77246856
v 3.565135 0.19659414 3.69626927
v 3.62362504 0.18695591 3.61566162
v 3.67753529 0.17801705 3.52962064
v 3.72691631 0.16980904 3.43773841
v 3.77177953 0.16236217 3.34019422
v 3.8117311 0.15588058 3.23757171
v 3.84663105 0.15067531 3.13058257
v 3.8772006 0.14651878 3.01964473
v 3.90399909 0.14282862 2.90481019
v 3.92721319 0.13913101 2.78611135
v 3.9469099 0.13530542 2.66356849
v 3.96427512 0.13210989 2.53695344
v 3.97939992 0.13007541 2.40641355
v 3.99178504 0.12906844 2.2724204
v 4.00076627 0.12856803 2.13581442
v 4.00528955 0.12806756 1.99755787
v 4.00187444 0.12810248 1.85857653
v 3.9902606 0.12786774 1.72053027
v 3.97052311 0.1269287 1.58449137
v 3.94229197 0.12507854 1.45151758
v 3.90588283 0.12194163 1.3225075
v 3.8611319 0.11759454 1.19825613
v 3.80814671 0.11225578 1.07935857
v 3.74701404 0.10643858 0.9663257
v 3.67864418 0.1003867 0.85919523
v 3.60345935 0.09475235 0.75814038
v 3.52207112 0.090172 0.66322195
v 3.4351387 0.08727142 0.57446408
v 3.34302711 0.08702413 0.49215918
v 3.26659989 -0.03126773 0.38621035
v 3.16376996 -0.02778535 0.31610578
v 3.05808496 -0.02124626 0.25213119
v 2.94974899 -0.01171081 0.19428487
v 2.83878326 0.00069779 0.14264425
v 2.72521305 0.01552983 0.09713684
v 2.60847687 0.03322 0.05855369
v 2.48842883 0.0532894 0.02704591
v 2.36514139 0.07500582 0.00244115
v 2.23827838 0.09839414 -0.01472037
v 2.10705184 0.12408621 -0.0230505
v 1.97149086 0.15169052 -0.02237948
v 1.83204102 0.18054863 -0.01315027
v 1.6893779 0.20991866 0.00386313
v 1.54390287 0.23950117 0.0283945
v 1.39605176 0.26909235 0.06018448
v 1.24634325 0.29853025 0.09888035
v 1.0953232 0.32779392 0.14414562
v 0.9436385 0.35691818 0.19550284
v 0.79209822 0.38581916 0.25212287
v 0.64143669 0.41471329 0.31340986
v 0.49245712 0.44371783 0.37860986
v 0.34603747 0.4723894 0.44653511
v 0.2028483 0.50053888 0.51647764
v 0.06344897 0.52818661 0.58814859
v -0.07163555 0.55531925 0.66146332
v -0.20189882 0.58185076 0.73651123
v -0.32684087 0.60763925 0.81354552
v -0.44596022 0.63249647 0.89294087
v -0.55875438 0.65619486 0.97513932
v -0.66473436 0.6784752 1.06059479
v -0.76344341 0.69905781 1.14973986
v -0.85447728 0.71765786 1.24296975
v -0.93750315 0.73400938 1.34063768
v -1.01225256 0.74787813 1.44306242
v -1.07852339 0.75905907 1.55049181
v -1.13614022 0.76735395 1.66302907
v -1.1848514 0.77254635 1.78051245
v -1.22405707 0.77441066 1.9024173
v -1.2525295 0.77281433 2.02776026
v -1.26939654 0.76772552 2.15477395
v -1.27488446 0.75920558 2.28140521
v -1.26969993 0.74744755 2.40606331
v -1.25522029 0.73281824 2.52794265
v -1.23332607 0.71569645 2.64699626
v -1.20487618 0.69645547 2.76352286
v -1.17111575 0.67538541 2.87812233
v -1.13287293 0.65271294 2.99138832
v -1.09126806 0.62856739 3.10394454
v -1.0463761 0.60309803 3.216017
v -0.99927532 0.57633519 3.32793164
v -0.95025312 0.54835885 3.43966174
v -0.89959204 0.51925921 3.55107331
v -0.8472982 0.489196 3.66185832
v -0.79329413 0.45838359 3.77164006
v -0.73726934 0.42714196 3.87989187
v -0.67900872 0.39580708 3.98614978
v -0.61821049 0.36477124 4.08990764
v -0.55458754 0.33444646 4.19067096
v -0.48785817 0.30525469 4.2879529
v -0.41776964 0.2775971 4.38130426
v -0.34397456 0.25190517 4.47019624
v -0.26614034 0.22856164 4.55413532
v -0.18407575 0.20780028 4.63284111
v -0.09704948 0.19014504 4.70539474
v -0.00498804 0.17562197 4.77167177
v 0.09214136 0.16416297 4.83160162
v 0.19496606 0.15604965 4.88414955
v 0.30347889 0.15110608 4.92889928
v 0.41715979 0.14882414 4.96600198
v 0.5356158 0.14880476 4.99513816
v 0.65830814 0.15059679 5.0158019
v 0.78427106 0.15353533 5.02811574
v 0.91269457 0.15715934 5.03116512
v 1.04231154 0.16082429 5.02530574
v 1.17197799 0.16400602 5.0114212
v 1.3007493 0.16639794 4.99011087
v 1.42776525 0.16784521 4.96215677
v 1.55244314 0.16830496 4.92886066
v 1.67437982 0.16787906 4.89138364
v 1.79328525 0.16679905 4.85075998
v 1.90931844 0.1652729 4.8080697
v 2.02254819 0.1636109 4.76383972
v 2.13340783 0.16199767 4.71839189
v 2.24224305 0.1606182 4.67159652
v 2.34943127 0.15956112 4.62307167
v 2.45539021 0.15876404 4.57239675
v 2.56029629 0.15814401 4.5191369
v 2.66412496 0.15756776 4.463027
v 2.76684331 0.15680827 4.40419006
v 2.86835265 0.15564182 4.34300947
v 2.96755886 0.15402144 4.27970886
v 3.06339454 0.15174156 4.2149167
v 3.15598535 0.14848865 4.14938402
v 3.24497246 0.14410074 4.08331775
v 3.32969045 0.13850148 4.0164957
v 3.40933132 0.1317718 3.94828844
v 3.48362541 0.12421582 3.87786483
v 3.55335116 0.11620219 3.80462932
v 3.61879134 0.10810887 3.72777271
v 3.67979741 0.10028079 3.64620637
v 3.73601937 0.09297489 3.5587883
v 3.7875483 0.08624967 3.46504879
v 3.83406615 0.08022213 3.36493659
v 3.87500906 0.07514804 3.25904727
v 3.9105978 0.0710484 3.14857554
v 3.94171381 0.06762728 3.0340836
v 3.96883297 0.06458305 2.91545295
v 3.99228715 0.06147275 2.7928071
v 4.01219463 0.05804032 2.66641473
v 4.02903842 0.05463337 2.53652668
v 4.04357481 0.05199754 2.40302395
v 4.05544567 0.05007413 2.26623582
v 4.06346845 0.04848659 2.12687921
v 4.06684684 0.04671419 1.98594212
v 4.06195926 0.04482185 1.84459507
v 4.04821443 0.04228379 1.70442318
v 4.02596998 0.0386432 1.56657505
v 3.99494671 0.03383506 1.43198061
v 3.95512557 0.02779929 1.30154943
v 3.90698194 0.02045992 1.17595005
v 3.85060906 0.01206605 1.05577707
v 3.78634834 0.00298807 0.94142156
v 3.71444392 -0.00609849 0.83324986
v 3.63589453 -0.01482482 0.73117989
v 3.5512247 -0.0224637 0.63532948
v 3.46111941 -0.02834849 0.54573077
v 3.36621427 -0.03178044 0.46246236
v 3.28315305 -0.14407907 0.35768607
v 3.17803597 -0.14318072 0.28716197
v 3.07033634 -0.13910348 0.22279477
v 2.96036124 -0.13208781 0.1644435
v 2.84805226 -0.12208424 0.11230818
v 2.7334516 -0.1095616 0.06630711
v 2.6162045 -0.09438936 0.02696622
v 2.49591088 -0.07649628 -0.00506566
v 2.37289047 -0.05701525 -0.03033365
v 2.2468059 -0.03583139 -0.0482065
v 2.11699628 -0.01238232 -0.0573688
v 1.98346805 0.01292262 -0.05760942
v 1.84659576 0.03938433 -0.04932386
v 1.70676434 0.06648001 -0.03284825
v 1.56443071 0.09371575 -0.00862738
v 1.42009019 0.12069304 0.0228503
v 1.27411925 0.14732304 0.06139297
v 1.12705755 0.17347195 0.10651391
v 0.97939252 0.19929008 0.15789417
v 0.83185142 0.2247271 0.21466426
v 0.6850596 0.2500613 0.27621391
v 0.5397374 0.27539399 0.34166088
v 0.39666959 0.30032372 0.40975111
v 0.25640678 0.32483089 0.47986134
v 0.1194171 0.34900248 0.55169218
v -0.01384448 0.37286078 0.62512219
v -0.14291568 0.39635539 0.70020896
v -0.2673088 0.41937968 0.77717733
v -0.38649907 0.44178339 0.8563795
v -0.49992835 0.46338248 0.9382404
v -0.60702729 0.48396766 1.02320516
v -0.70725035 0.50331294 1.1117016
v -0.80011254 0.52118587 1.20412004
v -0.88521611 0.53736162 1.30080807
v -0.96225076 0.55163627 1.40207183
v -1.03097343 0.5638324 1.5081489
v -1.0911442 0.57379365 1.61914777
v -1.14242684 0.58137196 1.73493433
v -1.18429327 0.5864073 1.85498094
v -1.21607446 0.58874166 1.97825098
v -1.23700499 0.58834797 2.10335063
v -1.24683713 0.5852248 2.22861409
v -1.24592506 0.57942825 2.35256791
v -1.23588514 0.57099503 2.4742794
v -1.2177385 0.56015133 2.59351754
v -1.19279718 0.54706972 2.71047043
v -1.16214501 0.53192812 2.82560253
v -1.12666678 0.51485401 2.93943381
v -1.08739197 0.49590173 3.05248093
v -1.04503035 0.47510933 3.16511464
v -1.00001919 0.45251962 3.2775042
v -0.95273375 0.42819735 3.38963198
v -0.9037165 0.40221825 3.50143313
v -0.85303503 0.3747462 3.61264872
v -0.80062007 0.34601262 3.72292757
v -0.7462899 0.31631612 3.83185601
v -0.68979096 0.2860113 3.93898797
v -0.63084447 0.25549021 4.04387998
v -0.56920158 0.22515286 4.14612817
v -0.50448268 0.19547323 4.24523067
v -0.43626767 0.16696623 4.34063959
v -0.36427331 0.14007175 4.43192291
v -0.28811135 0.11525382 4.51858139
v -0.20745143 0.09289504 4.6001892
v -0.1218701 0.07337867 4.67623376
v -0.03110276 0.05691784 4.74637889
v 0.06547511 0.04392165 4.80978822
v 0.16762302 0.03413696 4.8665862
v 0.27584242 0.02780617 4.91571569
v 0.38994616 0.02467434 4.95667791
v 0.50923591 0.02414398 4.98948812
v 0.63299226 0.02564556 5.01395988
v 0.76048195 0.02866786 5.02947282
v 0.89061784 0.03252721 5.03593111
v 1.02229154 0.03669404 5.03279304
v 1.15420293 0.04049519 5.02109241
v 1.285344 0.04354683 5.00158691
v 1.41483628 0.04565949 4.97512626
v 1.54203939 0.04676535 4.94300317
v 1.66652917 0.04694538 4.90650034
v 1.78800439 0.04642851 4.86676931
v 1.90653598 0.04543282 4.82493257
v 2.02223157 0.04426763 4.78165578
v 2.13542914 0.04318226 4.7372713
v 2.24656963 0.04236389 4.69171953
v 2.35599947 0.04200634 4.64457798
v 2.46420645 0.04208704 4.5953803
v 2.57144451 0.04257632 4.5436449
v 2.67779874 0.04337737 4.48907136
v 2.78325104 0.04431181 4.43168306
v 2.88787722 0.04511022 4.37188053
v 2.98964786 0.04604484 4.30946588
v 3.08880329 0.04649626 4.24555635
v 3.18486261 0.04615862 4.1806631
v 3.27729964 0.04476437 4.11496019
v 3.36490869 0.04213162 4.04809904
v 3.44701004 0.03822529 3.97945952
v 3.52393579 0.0332508 3.90848827
v 3.59626197 0.02755282 3.83462882
v 3.66425657 0.02150635 3.7570703
v 3.72736525 0.01553427 3.67439794
v 3.7857294 0.00985319 3.58564615
v 3.83903455 0.00462278 3.49000668
v 3.88665795 0.00003843 3.38722562
v 3.92821812 -0.00364412 3.27811694
v 3.96472835 -0.00649567 3.16430354
v 3.99655509 -0.00884042 3.04628157
v 4.0240302 -0.0110495 2.92405009
v 4.04780387 -0.01337921 2.79769969
v 4.06812095 -0.01608664 2.66758847
v 4.08483314 -0.01906764 2.53423357
v 4.09905719 -0.0218849 2.39784264
v 4.11065244 -0.02431049 2.25835943
v 4.11787891 -0.02665642 2.11640167
v 4.11994934 -0.02941937 1.97300994
v 4.11425113 -0.03288126 1.82939553
v 4.09859085 -0.03726335 1.68716025
v 4.07395887 -0.04315289 1.54762685
v 4.04043769 -0.05057584 1.41162371
v 3.99767637 -0.05934703 1.28001725
v 3.94642424 -0.06945527 1.1533792
v 3.88697791 -0.08066757 1.03224015
v 3.81964397 -0.09258601 0.91699916
v 3.7449615 -0.10471199 0.80786395
v 3.66329073 -0.11625091 0.70510983
v 3.57565879 -0.12673163 0.60859793
v 3.48270368 -0.13542215 0.51840251
v 3.38515925 -0.14168982 0.43453803
v 3.29577159 -0.24864321 0.33114579
v 3.18863129 -0.25025358 0.26038819
v 3.07915139 -0.24862146 0.19579535
v 2.96766018 -0.24400477 0.13719934
v 2.85424161 -0.23662792 0.08457455
v 2.73869705 -0.22645224 0.03826117
v 2.62098312 -0.21388569 -0.00168452
v 2.50057935 -0.19851145 -0.03428384
v 2.37783956 -0.18143011 -0.06011087
v 2.25251364 -0.16259138 -0.07857982
v 2.12397575 -0.14140391 -0.08827922
v 1.99240148 -0.11853645 -0.08932844
v 1.85794425 -0.09447459 -0.08176346
v 1.72085702 -0.06970331 -0.0657419
v 1.58154487 -0.04478372 -0.04169312
v 1.44052207 -0.02026152 -0.01027174
v 1.2981044 0.00373559 0.02834736
v 1.15477371 0.02704428 0.07365641
v 1.01094627 0.04979749 0.12532769
v 0.86725425 0.07200266 0.18250542
v 0.72423231 0.09398097 0.24455884
v 0.58252972 0.11584186 0.31049901
v 0.44284862 0.13727988 0.37904298
v 0.30564394 0.15837928 0.44958636
v 0.17130231 0.17928037 0.52180677
v 0.04021382 0.20004636 0.5955488
v -0.08720231 0.22066584 0.67083746
v -0.21047419 0.24107065 0.74787014
v -0.32906329 0.26115077 0.82697808
v -0.44237065 0.28076577 0.90857428
v -0.54976588 0.29975318 0.99310147
v -0.65063446 0.31793412 1.08099031
v -0.74442839 0.33511793 1.17263221
v -0.83070546 0.35110941 1.26836574
v -0.90913766 0.36571872 1.36846709
v -0.97948408 0.37877166 1.47312581
v -1.04151642 0.39011904 1.58239936
v -1.0949192 0.39964038 1.69613194
v -1.13921523 0.40723487 1.81384277
v -1.17379093 0.41281601 1.93464946
v -1.19810235 0.41630992 2.05729961
v -1.21205663 0.41761803 2.18034815
v -1.21548461 0.41682848 2.30264401
v -1.20953905 0.41380891 2.42322754
v -1.19514763 0.40859928 2.54177451
v -1.17366898 0.40117555 2.65833544
v -1.14598047 0.3916026 2.77325868
v -1.11326277 0.37985956 2.88698244
v -1.07644081 0.3659276 2.99994921
v -1.03627526 0.34977442 3.112504
v -0.99336826 0.33137723 3.22484779
v -0.94827288 0.31074306 3.33704137
v -0.90085583 0.28798794 3.44885468
v -0.85175663 0.26324164 3.56014442
v -0.80093699 0.23673872 3.67059683
v -0.74823689 0.20878341 3.77983522
v -0.69341284 0.17973886 3.8874495
v -0.63618052 0.15001066 3.99302744
v -0.57624781 0.1200301 4.09616756
v -0.51331251 0.09024851 4.19647455
v -0.44707056 0.06112391 4.29355669
v -0.37721434 0.03311008 4.38702726
v -0.30303087 0.00688777 4.47615385
v -0.22425814 -0.01714662 4.56058597
v -0.14036665 -0.03847989 4.63974094
v -0.05110743 -0.05684425 4.71329355
v 0.04390141 -0.07193762 4.78072977
v 0.14517007 -0.08340074 4.84125995
v 0.25247898 -0.09145329 4.89476013
v 0.36617028 -0.09589493 4.94006204
v 0.48558765 -0.09726716 4.97696161
v 0.60996198 -0.09616112 5.00515556
v 0.73829513 -0.09329605 5.02451467
v 0.86959523 -0.08929402 5.03461837
v 1.00272047 -0.08474247 5.03499889
v 1.13633692 -0.08031294 5.02610588
v 1.26932418 -0.07655429 5.00905799
v 1.40080201 -0.07371998 4.98477935
v 1.53004479 -0.07187543 4.95440387
v 1.65665161 -0.07100488 4.9194107
v 1.78032016 -0.0708976 4.88101196
v 1.90101218 -0.07130427 4.84035062
v 2.01891565 -0.07197014 4.7982459
v 2.13418388 -0.07251064 4.75503969
v 2.24736571 -0.07277678 4.71076726
v 2.35886645 -0.07254501 4.66505765
v 2.46903944 -0.07164032 4.61732339
v 2.57831907 -0.07014189 4.56710815
v 2.68682336 -0.0680732 4.5140376
v 2.79460644 -0.06559816 4.45808076
v 2.90152502 -0.06287663 4.39945364
v 3.00596451 -0.05966134 4.33803367
v 3.10797667 -0.05664577 4.2748456
v 3.20717144 -0.05423929 4.2104187
v 3.30239391 -0.05273987 4.14476347
v 3.39237475 -0.05247185 4.07751512
v 3.47673749 -0.05359562 4.00821447
v 3.55605149 -0.05598795 3.93653941
v 3.63072991 -0.05935171 3.86194944
v 3.70076251 -0.0633036 3.78347063
v 3.76591229 -0.06745084 3.69977498
v 3.82603216 -0.0715051 3.60961723
v 3.88044357 -0.07521856 3.51183819
v 3.92862796 -0.07836957 3.40630412
v 3.97103881 -0.08078488 3.29438948
v 4.00828981 -0.08241869 3.17747163
v 4.04081201 -0.08354574 3.05611538
v 4.06882238 -0.08463873 2.93044781
v 4.09302091 -0.08604374 2.80071377
v 4.11357498 -0.08782072 2.66710734
v 4.1306796 -0.08999493 2.53040456
v 4.14491701 -0.09255438 2.39114856
v 4.15623426 -0.09515426 2.24912715
v 4.16307354 -0.0979548 2.10474324
v 4.1637597 -0.10142632 1.95907294
v 4.1572113 -0.10605305 1.81339156
v 4.13981199 -0.11196453 1.66933727
v 4.11342716 -0.11973826 1.52822125
v 4.07780551 -0.1293547 1.39096438
v 4.03284406 -0.14058077 1.25831902
v 3.97880864 -0.15314528 1.13094294
v 3.91668534 -0.16687338 1.00912094
v 3.84670329 -0.18133254 0.89326375
v 3.7694025 -0.19602076 0.7835704
v 3.68537855 -0.21030332 0.68016654
v 3.59511899 -0.22333039 0.58326709
v 3.49967169 -0.23457726 0.49270638
v 3.39977288 -0.2433836 0.40850943
v 3.30409193 -0.34567287 0.30704328
v 3.19521594 -0.34964835 0.23624201
v 3.08429145 -0.35051456 0.17146772
v 2.97148561 -0.34824433 0.11279813
v 2.85702085 -0.34327736 0.06000053
v 2.74077248 -0.3356907 0.01331523
v 2.62265801 -0.32573074 -0.02708098
v 2.50218176 -0.312947 -0.06010557
v 2.37974476 -0.29835763 -0.08636807
v 2.25520396 -0.28201672 -0.10539411
v 2.12789487 -0.26320329 -0.11549534
v 1.99817037 -0.24284675 -0.11719799
v 1.8659904 -0.22122061 -0.1101671
v 1.73155367 -0.19885751 -0.09453225
v 1.59512591 -0.17626468 -0.0705099
v 1.45723366 -0.15411688 -0.03891791
v 1.31816899 -0.13262245 0.00001985
v 1.1783353 -0.11193636 0.04584681
v 1.03817641 -0.09205652 0.09801641
v 0.89818489 -0.07285051 0.1558368
v 0.7588486 -0.05401358 0.21858066
v 0.62074899 -0.03539646 0.2851929
v 0.48450851 -0.01718136 0.35438862
v 0.35050532 0.00078066 0.42554864
v 0.21905396 0.01867152 0.49832287
v 0.09048296 0.03659363 0.57252502
v -0.03483274 0.05457337 0.64814984
v -0.15644337 0.0725793 0.72536748
v -0.27380898 0.0905383 0.80448824
v -0.38630786 0.10834798 0.88591235
v -0.49327185 0.12588392 0.97007662
v -0.59404224 0.14300249 1.05741
v -0.68803107 0.15954217 1.148301
v -0.77476835 0.17532688 1.24307346
v -0.85391777 0.1901741 1.34197056
v -0.9252491 0.20390828 1.44512879
v -0.98856425 0.21637794 1.55254447
v -1.04359781 0.22747173 1.66402208
v -1.08994042 0.23712153 1.77910912
v -1.1270492 0.24529068 1.89704787
v -1.15439581 0.25194451 2.01679825
v -1.17171192 0.25701114 2.13716721
v -1.17918217 0.2603698 2.25704479
v -1.1771748 0.26196378 2.37569952
v -1.166615 0.26165008 2.49274206
v -1.14827668 0.2593522 2.60818457
v -1.12359952 0.25486716 2.72220945
v -1.09349799 0.24810218 2.83518505
v -1.05900454 0.23893185 2.94747567
v -1.02087128 0.22725355 3.05939841
v -0.9799866 0.2129784 3.17114496
v -0.93663913 0.19607886 3.28278875
v -0.89139884 0.17658767 3.39426875
v -0.84387236 0.15465894 3.50526714
v -0.79465293 0.13051433 3.61555481
v -0.74361926 0.10445146 3.72479915
v -0.69053083 0.07683274 3.832623
v -0.63502484 0.04809254 3.93859744
v -0.57685405 0.01866605 4.04236745
v -0.51570034 -0.01097799 4.14355897
v -0.45124647 -0.04036147 4.24180603
v -0.38316837 -0.06900449 4.33674287
v -0.31107932 -0.09640707 4.42795896
v -0.23455719 -0.12207 4.51502037
v -0.15280553 -0.14526365 4.59715604
v -0.06546244 -0.16557551 4.67393779
v 0.02781149 -0.18266363 4.7448945
v 0.12727199 -0.19629454 4.809556
v 0.23336449 -0.20610787 4.86704206
v 0.34589242 -0.21225728 4.91691064
v 0.46479016 -0.21475945 4.95812702
v 0.58908247 -0.21434982 4.99055719
v 0.71773266 -0.21177114 5.01399135
v 0.84969437 -0.20768109 5.02794885
v 0.9836924 -0.2028943 5.03254699
v 1.1185112 -0.19783671 5.02705955
v 1.25285959 -0.19333103 5.01308393
v 1.38583338 -0.18970204 4.99154377
v 1.51669406 -0.18706117 4.96354818
v 1.64499843 -0.1854223 4.93055582
v 1.77050221 -0.1846473 4.89390325
v 1.89300775 -0.18440672 4.85469007
v 2.01276636 -0.18451438 4.81390762
v 2.12991547 -0.18456834 4.77198457
v 2.24488401 -0.18430943 4.7289977
v 2.35813164 -0.18349936 4.68464231
v 2.47009015 -0.1819491 4.63837909
v 2.58109593 -0.17955091 4.58961963
v 2.69139385 -0.17635262 4.5379734
v 2.8011353 -0.17253345 4.48338699
v 2.90979147 -0.16796468 4.42571306
v 3.01643586 -0.16269986 4.36511945
v 3.12091064 -0.15738534 4.30246543
v 3.22258591 -0.15243686 4.23818254
v 3.3198452 -0.14819955 4.17213773
v 3.41173124 -0.1451635 4.10412979
v 3.49822998 -0.14359532 4.03399944
v 3.57970666 -0.14344941 3.96148967
v 3.65643644 -0.14449311 3.88605237
v 3.72816777 -0.14636002 3.80654573
v 3.79496598 -0.1486855 3.72172856
v 3.85622692 -0.15110351 3.62993192
v 3.9113729 -0.15333789 3.52997803
v 3.96008491 -0.15514363 3.42192506
v 4.00317001 -0.1563438 3.30741453
v 4.04097032 -0.15680019 3.18765068
v 4.07403135 -0.1567451 3.06329441
v 4.10260295 -0.15662545 2.93449926
v 4.12729167 -0.1569048 2.80163025
v 4.14819335 -0.15766635 2.66493558
v 4.16581392 -0.15885275 2.525177
v 4.18041467 -0.16078238 2.38314509
v 4.19164896 -0.1632913 2.23876714
v 4.19778347 -0.16634909 2.09221196
v 4.1974945 -0.1703649 1.94453477
v 4.18990087 -0.1758136 1.79702544
v 4.17163515 -0.18300508 1.6513561
v 4.14378595 -0.19229619 1.5088768
v 4.10636949 -0.2036907 1.37057161
v 4.05955696 -0.21693407 1.23713171
v 4.00354623 -0.23166582 1.10915291
v 3.93914389 -0.24756009 0.98693841
v 3.86697983 -0.26423046 0.87072151
v 3.78751897 -0.28115582 0.76071924
v 3.70136594 -0.29770594 0.65704596
v 3.60919022 -0.31316199 0.5597831
v 3.51165199 -0.32670682 0.46906447
v 3.40975713 -0.33780393 0.38474154
v 3.30768919 -0.43615633 0.28590515
v 3.19741368 -0.44238266 0.21520617
v 3.08532953 -0.44562313 0.15040104
v 2.97145223 -0.44565406 0.09180533
v 2.85614442 -0.44306609 0.03897458
v 2.73936367 -0.43804195 -0.00797761
v 2.62094116 -0.43061354 -0.04864398
v 2.50049471 -0.42044854 -0.08200868
v 2.37844634 -0.40841552 -0.1086592
v 2.25479054 -0.3947148 -0.12833592
v 2.12866592 -0.37829002 -0.13865949
v 2.00062823 -0.36036193 -0.14068585
v 1.87063324 -0.34124392 -0.13409781
v 1.738729 -0.3213506 -0.11875168
v 1.60505414 -0.30114007 -0.0946509
v 1.47011756 -0.28135916 -0.06271418
v 1.3341881 -0.26228332 -0.02319809
v 1.1976782 -0.24414469 0.02329857
v 1.06100201 -0.22696852 0.07617685
v 0.92457938 -0.21058329 0.13478787
v 0.78885287 -0.19468081 0.19834709
v 0.65434336 -0.17906196 0.26575171
v 0.52160459 -0.16379997 0.33570677
v 0.39094796 -0.14869783 0.40757378
v 0.2626211 -0.13353863 0.48098108
v 0.13689196 -0.11818496 0.555718
v 0.01408792 -0.10257696 0.63175302
v -0.10537154 -0.08671442 0.70923078
v -0.22095845 -0.07064017 0.78843957
v -0.33204707 -0.0544279 0.869762
v -0.43795445 -0.03817607 0.95362204
v -0.53800296 -0.02200688 1.04043698
v -0.63158744 -0.00606636 1.13058066
v -0.71822702 0.00947879 1.22435498
v -0.79758256 0.02445092 1.32196939
v -0.86942946 0.03867783 1.42351675
v -0.9335888 0.05201361 1.5289458
v -0.98983448 0.06435789 1.63802993
v -1.03781783 0.07566388 1.75033319
v -1.07705962 0.08592666 1.86519324
v -1.10705578 0.09514556 1.98174214
v -1.12746942 0.10327152 2.0989983
v -1.13827645 0.11018599 2.21604037
v -1.13980364 0.11571884 2.33219099
v -1.13263177 0.11968539 2.44711637
v -1.11752772 0.12187285 2.56078028
v -1.09564113 0.12198967 2.67330789
v -1.06798756 0.11979582 2.78497791
v -1.03568494 0.11505918 2.89607191
v -0.99952948 0.10760432 3.00687384
v -0.96033263 0.09728933 3.11755609
v -0.91875267 0.08404516 3.22818183
v -0.87508034 0.06786783 3.33872628
v -0.82963901 0.04885192 3.44903278
v -0.78212773 0.02718693 3.55879926
v -0.73281425 0.00317693 3.66771554
v -0.68146187 -0.02282067 3.77542448
v -0.62788933 -0.05041497 3.88159537
v -0.57158064 -0.07910355 3.9857769
v -0.51235824 -0.10843938 4.08766937
v -0.44977283 -0.13787636 4.18685627
v -0.38356876 -0.16694027 4.28302764
v -0.31337595 -0.19512167 4.37581348
v -0.2388217 -0.22193034 4.46484088
v -0.15950782 -0.2468906 4.54970693
v -0.07445474 -0.26913288 4.62952756
v 0.01661359 -0.28829464 4.70389175
v 0.11414128 -0.30392584 4.77215671
v 0.21821638 -0.31588733 4.83386468
v 0.32910263 -0.32389503 4.8881278
v 0.44678592 -0.32784873 4.93389368
v 0.57032799 -0.3284251 4.97090959
v 0.69878816 -0.32624056 4.99860191
v 0.83081889 -0.32227259 5.01705217
v 0.9652546 -0.31720191 5.02585601
v 1.10078454 -0.31160092 5.02450943
v 1.23604786 -0.30632093 5.01414775
v 1.37008106 -0.30184078 4.99586534
v 1.50217759 -0.29837292 4.97081708
v 1.63177359 -0.29588252 4.94021034
v 1.75870418 -0.29435065 4.90560293
v 1.88276374 -0.29346498 4.86811304
v 2.00408768 -0.29299029 4.82877969
v 2.12286639 -0.29258212 4.78818321
v 2.23935985 -0.29182145 4.74644899
v 2.35408449 -0.29048547 4.70337009
v 2.46747016 -0.28831628 4.65842771
v 2.5798974 -0.28516069 4.61102342
v 2.69166064 -0.28102603 4.56071662
v 2.80296421 -0.2760725 4.50738954
v 2.9129312 -0.26980105 4.4504404
v 3.02130794 -0.26273563 4.39045
v 3.12770128 -0.25538557 4.32804727
v 3.23096799 -0.24807576 4.26342105
v 3.32975792 -0.24132128 4.19658994
v 3.42322874 -0.23570227 4.12754488
v 3.51152491 -0.2315745 4.05638265
v 3.59483718 -0.22897435 3.98288774
v 3.6730647 -0.22772869 3.90635776
v 3.74618935 -0.22753928 3.82573771
v 3.81402969 -0.22803826 3.73955535
v 3.87604284 -0.22884717 3.6460421
v 3.93157076 -0.22963897 3.54389452
v 3.9809122 -0.23019361 3.43368196
v 4.02446746 -0.23022788 3.3167777
v 4.06264019 -0.22955426 3.19444394
v 4.09610652 -0.2283722 3.06744265
v 4.12519216 -0.22710338 2.93595743
v 4.15020704 -0.22618043 2.80022907
v 4.17172241 -0.22583074 2.66087627
v 4.18989658 -0.22601831 2.51850819
v 4.20505666 -0.2271111 2.3739345
v 4.21645498 -0.22930665 2.22742223
v 4.22189712 -0.23247534 2.07896423
v 4.22078657 -0.23690918 1.92960739
v 4.21233463 -0.24302876 1.78060019
v 4.19341039 -0.25121718 1.63360917
v 4.16450357 -0.26172706 1.49003493
v 4.12562465 -0.27454531 1.35095465
v 4.0774579 -0.28942307 1.21693992
v 4.02004146 -0.30594912 1.08856689
v 3.95385837 -0.32367658 0.96621906
v 3.87997484 -0.34222897 0.84990853
v 3.79881262 -0.36107474 0.73985153
v 3.71097493 -0.3795866 0.63615185
v 3.61714267 -0.39704519 0.53888636
v 3.51810073 -0.41272559 0.44808301
v 3.41470122 -0.42597255 0.3637256
v 3.30592608 -0.52091431 0.2685174
v 3.19478821 -0.5294494 0.19783468
v 3.08170342 -0.53475767 0.13339197
v 2.96712613 -0.53714668 0.07486693
v 2.85119843 -0.53686547 0.02217625
v 2.73401784 -0.53423035 -0.02477082
v 2.61554908 -0.52940094 -0.06577003
v 2.49530291 -0.52183622 -0.09944054
v 2.37374663 -0.512308 -0.12638084
v 2.25090813 -0.5010094 -0.14631782
v 2.12608742 -0.4871301 -0.15701295
v 1.99971592 -0.4716776 -0.15929776
v 1.8717879 -0.45506244 -0.15297667
v 1.74228763 -0.4376797 -0.13780739
v 1.61123919 -0.41993203 -0.113568
v 1.47910237 -0.40257388 -0.08119704
v 1.34611618 -0.38591969 -0.04093691
v 1.21274673 -0.37029227 0.00635616
v 1.07938146 -0.35572004 0.06006488
v 0.94640821 -0.34202751 0.11952198
v 0.81422245 -0.32888203 0.18393388
v 0.68329501 -0.3160384 0.25215649
v 0.55411893 -0.30348193 0.32287499
v 0.42694506 -0.29097724 0.39543819
v 0.30195704 -0.27827823 0.46946317
v 0.17936138 -0.26521849 0.54472285
v 0.0594333 -0.25171059 0.62116468
v -0.05744713 -0.23772953 0.69891005
v -0.17077727 -0.2232963 0.77822417
v -0.27994489 -0.20846651 0.85946756
v -0.38427284 -0.19332544 0.94304251
v -0.48308593 -0.17798739 1.02934348
v -0.5757814 -0.16259507 1.11871862
v -0.66188114 -0.14731389 1.21144008
v -0.74104756 -0.13231797 1.30768358
v -0.81305545 -0.11776977 1.40750777
v -0.87772703 -0.10379771 1.51083338
v -0.93485033 -0.09047947 1.61742115
v -0.98411363 -0.07783879 1.72685587
v -1.02508986 -0.06585977 1.83854663
v -1.0573045 -0.05452258 1.95175766
v -1.08037674 -0.04385447 2.06568193
v -1.09415197 -0.03396504 2.17956543
v -1.0987581 -0.02504462 2.29284548
v -1.09465003 -0.01736025 2.40521311
v -1.08256709 -0.01123271 2.51659989
v -1.06333911 -0.00699797 2.62714362
v -1.0381664 -0.0050483 2.73701286
v -1.00795984 -0.00568779 2.84648752
v -0.97380721 -0.00918738 2.95574975
v -0.93637532 -0.01574199 3.06499958
v -0.89639264 -0.02546846 3.17428135
v -0.8543353 -0.03839476 3.28356742
v -0.81039905 -0.05447387 3.39275336
v -0.7646268 -0.0735543 3.50162172
v -0.71677392 -0.09536857 3.60984611
v -0.66700619 -0.11954595 3.71709322
v -0.6151033 -0.14570632 3.8230474
v -0.56082052 -0.17344178 3.92740106
v -0.50365942 -0.20225079 4.02976799
v -0.44324302 -0.23161083 4.1297841
v -0.3791168 -0.26094007 4.22704887
v -0.31091421 -0.28968477 4.32118845
v -0.23835627 -0.31737032 4.41188669
v -0.1610254 -0.34347695 4.49874019
v -0.0784548 -0.36747619 4.58128643
v 0.01000992 -0.38871133 4.65888071
v 0.10506919 -0.40647286 4.73071384
v 0.20693671 -0.42044398 4.79621219
v 0.31568574 -0.43043956 4.8547368
v 0.43133419 -0.4362944 4.90538263
v 0.55376267 -0.43784233 4.94675493
v 0.68133282 -0.4363839 4.97924232
v 0.81298977 -0.43256485 5.00223732
v 0.94736814 -0.42730763 5.0156455
v 1.08315587 -0.42124545 5.01894998
v 1.21892631 -0.41517877 5.01264381
v 1.35362994 -0.409812 4.99805498
v 1.48654425 -0.40543374 4.97627544
v 1.61713361 -0.40208602 4.94849777
v 1.74516582 -0.39974579 4.9161973
v 1.87051391 -0.39820754 4.88062906
v 1.99310386 -0.39709973 4.84280538
v 2.11319732 -0.39617085 4.80351448
v 2.2310338 -0.39500483 4.76300287
v 2.34695363 -0.39317309 4.72108507
v 2.46146798 -0.39045372 4.67732667
v 2.57497 -0.38662987 4.63111448
v 2.68782877 -0.38171857 4.58200359
v 2.80006361 -0.37560632 4.52956008
v 2.91104888 -0.36795157 4.47323179
v 3.02063584 -0.35934743 4.41359138
v 3.12821221 -0.35017117 4.35103225
v 3.23252964 -0.34076499 4.28568029
v 3.33223366 -0.33172294 4.21764659
v 3.42699837 -0.3237558 4.147367
v 3.51673007 -0.31724193 4.07499218
v 3.60142111 -0.31230115 4.00031518
v 3.68064332 -0.3088257 3.9224751
v 3.75450682 -0.30659505 3.84044623
v 3.82290482 -0.30528149 3.75272321
v 3.88534569 -0.30451029 3.6574583
v 3.94131016 -0.30393672 3.55341887
v 3.99110269 -0.30329287 3.44122314
v 4.03492879 -0.30220785 3.32213139
v 4.07331419 -0.30045455 3.19751191
v 4.10708522 -0.29821577 3.06822967
v 4.13647556 -0.29586678 2.93440604
v 4.16187381 -0.29382881 2.79631996
v 4.18407487 -0.29234737 2.65472602
v 4.2028594 -0.291538 2.51018285
v 4.21858787 -0.29180169 2.36349201
v 4.22999048 -0.29355007 2.2150824
v 4.23520231 -0.29671207 2.06507229
v 4.23347568 -0.30145424 1.9143871
v 4.22438573 -0.30812445 1.76425361
v 4.20498609 -0.31711915 1.61631178
v 4.17511034 -0.32861799 1.47205364
v 4.13536453 -0.34258106 1.33246123
v 4.08621263 -0.35876083 1.19817245
v 4.02773618 -0.37672781 1.0697273
v 3.96052026 -0.39601141 0.94739186
v 3.88530206 -0.41614127 0.83129817
v 3.80285716 -0.43662154 0.72146505
v 3.71375131 -0.45682084 0.61800348
v 3.61866998 -0.47602093 0.52098655
v 3.51840496 -0.49349477 0.43044108
v 3.41385865 -0.50861638 0.3463127
v 3.29824352 -0.60075235 0.25557801
v 3.18667483 -0.61145287 0.18503202
v 3.07304143 -0.6188659 0.12096267
v 2.9581294 -0.62357425 0.06256899
v 2.84180402 -0.62547242 0.01026971
v 2.72446703 -0.62515056 -0.03651617
v 2.6060779 -0.6226927 -0.07751449
v 2.4863255 -0.61775571 -0.11161312
v 2.36540246 -0.61062353 -0.13868959
v 2.24351477 -0.60169899 -0.15883125
v 2.12010908 -0.59040218 -0.16998799
v 1.99538672 -0.57740527 -0.17240017
v 1.86942935 -0.56327754 -0.16616866
v 1.74220609 -0.54843556 -0.15105521
v 1.61365509 -0.53323495 -0.12663683
v 1.48417151 -0.51839089 -0.09381081
v 1.35395669 -0.50422138 -0.05273646
v 1.22355628 -0.49112236 -0.00460948
v 1.09334254 -0.47911307 0.04994945
v 0.96369278 -0.46801498 0.11024518
v 0.83499103 -0.45749813 0.17541402
v 0.70764011 -0.44724634 0.2443594
v 0.58207869 -0.43717929 0.31573784
v 0.45850375 -0.42703497 0.38888633
v 0.3370375 -0.41654503 0.46341979
v 0.21782396 -0.40552052 0.53910285
v 0.10108071 -0.3938536 0.61586719
v -0.01286049 -0.38150167 0.69381374
v -0.12353497 -0.36847275 0.773184
v -0.23035942 -0.3548147 0.85431218
v -0.33267948 -0.34061142 0.9375717
v -0.42983928 -0.32598096 1.02332544
v -0.52125257 -0.31107249 1.11188697
v -0.60645353 -0.29605597 1.20349335
v -0.68510901 -0.2811028 1.29828679
v -0.75698846 -0.26636117 1.39629948
v -0.82190191 -0.25193309 1.49743819
v -0.87962931 -0.23786321 1.60146832
v -0.92986869 -0.22414502 1.70800411
v -0.97222501 -0.21074357 1.81651496
v -1.006253 -0.19762872 1.92636537
v -1.03155219 -0.1848158 2.03688359
v -1.04787802 -0.17240291 2.14745688
v -1.05522072 -0.16058814 2.25762724
v -1.05386364 -0.14967156 2.3671453
v -1.04443728 -0.14005002 2.47594356
v -1.02781319 -0.13216488 2.58410334
v -1.00491523 -0.12645304 2.6918261
v -0.97688561 -0.12334011 2.7992804
v -0.94457846 -0.12315945 2.9067018
v -0.90895462 -0.12616185 3.01417779
v -0.87057697 -0.13252353 3.12182521
v -0.82999461 -0.14230939 3.22960186
v -0.78757149 -0.15548008 3.33739161
v -0.74331438 -0.1719447 3.44506239
v -0.69718515 -0.19147743 3.55235099
v -0.64893543 -0.21374528 3.65893173
v -0.5985791 -0.23833185 3.76445388
v -0.54583984 -0.26481926 3.8686068
v -0.49040162 -0.29275459 3.97107434
v -0.43200364 -0.32168924 4.07156658
v -0.3701632 -0.35108417 4.16972875
v -0.30430388 -0.38030168 4.26513433
v -0.23393514 -0.40870353 4.35734891
v -0.15873688 -0.43576815 4.44600343
v -0.07836971 -0.46101167 4.53071451
v 0.0075969 -0.48391807 4.61101627
v 0.09982579 -0.50378912 4.6862092
v 0.19900302 -0.51986587 4.75541305
v 0.30526578 -0.53183877 4.81795501
v 0.41863668 -0.53948229 4.87300491
v 0.5390349 -0.54256743 4.91932535
v 0.66530436 -0.54186409 4.9564991
v 0.79604846 -0.53838777 4.98436784
v 0.92992442 -0.53304916 5.00268173
v 1.06557893 -0.52654135 5.01083564
v 1.20148921 -0.51967829 5.00887966
v 1.33651208 -0.51340061 4.99829101
v 1.46991336 -0.50807988 4.98007869
v 1.60121381 -0.50386786 4.95544815
v 1.73003256 -0.50065058 4.92559385
v 1.85633993 -0.49836641 4.89202976
v 1.98001503 -0.49665269 4.8558011
v 2.10116863 -0.49516886 4.81777381
v 2.22003436 -0.49352324 4.77836227
v 2.33693742 -0.49128186 4.73750543
v 2.45229291 -0.48807206 4.69477605
v 2.56654954 -0.48367944 4.64959287
v 2.68010306 -0.47808042 4.60146951
v 2.79282856 -0.47089409 4.54963445
v 2.90448284 -0.46214595 4.49379634
v 3.01471686 -0.45219394 4.43418788
v 3.12276959 -0.44135803 4.37102603
v 3.22745776 -0.43006843 4.30450391
v 3.3277626 -0.41903215 4.23506784
v 3.42334628 -0.40894967 4.16333007
v 3.51401567 -0.4002394 4.08953332
v 3.5993154 -0.39306759 4.01331996
v 3.67892909 -0.38743144 3.93389749
v 3.75305533 -0.38319954 3.85026812
v 3.82180905 -0.3801198 3.76102852
v 3.8844068 -0.37779665 3.66402626
v 3.94072365 -0.37591281 3.55831599
v 3.99074935 -0.37411201 3.4442811
v 4.03467178 -0.37195235 3.32321596
v 4.07314586 -0.36917465 3.19660115
v 4.10716915 -0.36596238 3.06540727
v 4.13668918 -0.36260643 2.92958378
v 4.16251516 -0.35956367 2.78963136
v 4.18532991 -0.35705345 2.64625358
v 4.20479917 -0.3552972 2.49999189
v 4.22119522 -0.35481199 2.35167717
v 4.23251962 -0.35609766 2.20171999
v 4.2376213 -0.35919639 2.050529
v 4.2355237 -0.36417424 1.89891111
v 4.22597932 -0.37131503 1.74806869
v 4.20622253 -0.38097372 1.59960269
v 4.17576932 -0.39328923 1.45505178
v 4.13552475 -0.40818008 1.31531715
v 4.0856781 -0.42540648 1.18112635
v 4.02658367 -0.44454824 1.05290401
v 3.95874285 -0.46511444 0.93088626
v 3.88269138 -0.48658999 0.81525909
v 3.79933834 -0.50846606 0.70595455
v 3.709342 -0.53012347 0.60302144
v 3.61338543 -0.55084484 0.50653171
v 3.51226949 -0.56990653 0.4165093
v 3.40691185 -0.5866912 0.33289381
v 3.28451895 -0.67650944 0.24726414
v 3.17276382 -0.68910276 0.17724822
v 3.05892348 -0.69849139 0.11378224
v 2.9439063 -0.70529627 0.05589094
v 2.82764434 -0.70946019 0.00388971
v 2.71045875 -0.71139019 -0.04260655
v 2.59242463 -0.71122652 -0.08346831
v 2.47338414 -0.70876932 -0.11783623
v 2.35332679 -0.70398253 -0.14499203
v 2.23258185 -0.69742059 -0.16531965
v 2.11065912 -0.68862462 -0.17679444
v 1.98762738 -0.678101 -0.17927059
v 1.86360776 -0.66650205 -0.17304886
v 1.73857152 -0.65426522 -0.1579439
v 1.6123867 -0.64169341 -0.13329957
v 1.48536217 -0.62942653 -0.09985204
v 1.35779988 -0.61786937 -0.05810783
v 1.23021745 -0.60736054 -0.00923465
v 1.10301315 -0.59792166 0.0460648
v 0.9765678 -0.5893625 0.10707832
v 0.85127818 -0.58136379 0.17283169
v 0.72749048 -0.57355588 0.24228651
v 0.60557788 -0.5657947 0.31411388
v 0.48568779 -0.55780071 0.3876436
v 0.36788559 -0.54929208 0.46249178
v 0.25225204 -0.54006487 0.53842026
v 0.13894249 -0.52999764 0.61534971
v 0.02823214 -0.51903778 0.69336295
v -0.07946331 -0.5071882 0.7726776
v -0.18360242 -0.49449867 0.85359865
v -0.28356713 -0.48106142 0.93646556
v -0.37873339 -0.46700781 1.02160346
v -0.46854117 -0.45250058 1.10928654
v -0.55254226 -0.43771803 1.19971442
v -0.63040906 -0.42282927 1.292997
v -0.70190268 -0.40796586 1.38914561
v -0.76681327 -0.39319959 1.4880619
v -0.82489872 -0.37853676 1.5895251
v -0.87584638 -0.36393541 1.69318401
v -0.91927069 -0.34933853 1.79856467
v -0.95474588 -0.33470833 1.90511107
v -0.98186713 -0.32005679 2.01225376
v -1.0003333 -0.30547517 2.11948943
v -1.01003432 -0.29116165 2.22645306
v -1.01112985 -0.2774364 2.33295154
v -1.00410795 -0.26473683 2.43894815
v -0.98980432 -0.25358602 2.54450106
v -0.96914082 -0.24449643 2.64977693
v -0.94311618 -0.237954 2.75496721
v -0.91272735 -0.23436725 2.86022949
v -0.87877303 -0.23405379 2.96572399
v -0.842027 -0.23721255 3.07146811
v -0.80296331 -0.24396143 3.17748594
v -0.76191973 -0.2543154 3.28370499
v -0.7191323 -0.26816195 3.38993883
v -0.67455178 -0.28534287 3.49601888
v -0.62792652 -0.30559524 3.60170483
v -0.57912552 -0.32850241 3.7066276
v -0.52800279 -0.35362923 3.81044673
v -0.47424823 -0.38052848 3.91285634
v -0.41753047 -0.40872445 4.01354646
v -0.357497 -0.43771931 4.11220312
v -0.29386514 -0.46704489 4.20852804
v -0.22600188 -0.49604934 4.30211114
v -0.15324519 -0.52398961 4.3924551
v -0.07516291 -0.55024218 4.47909641
v 0.00843791 -0.57440501 4.56167936
v 0.09797175 -0.5959503 4.63970136
v 0.19413091 -0.61409694 4.71237564
v 0.29748246 -0.62810993 4.77878856
v 0.40808942 -0.63767981 4.83815479
v 0.52607291 -0.64234 4.88918256
v 0.65053135 -0.64255267 4.93109035
v 0.77989101 -0.63954818 4.96389865
v 0.91286385 -0.63415271 4.98709917
v 1.04798698 -0.62725561 5.00024795
v 1.18369436 -0.61966317 5.00296545
v 1.31873691 -0.61250019 4.99666166
v 1.45232546 -0.60620933 4.98218154
v 1.58400332 -0.60105234 4.96077776
v 1.71341455 -0.59697794 4.93359851
v 1.84042942 -0.59388971 4.90209102
v 1.96495592 -0.59151816 4.86747121
v 2.08696198 -0.58945691 4.83066463
v 2.20660901 -0.58728939 4.7922368
v 2.32419562 -0.58457666 4.7522583
v 2.44010019 -0.5808863 4.71036338
v 2.55481147 -0.57601845 4.66604423
v 2.66862201 -0.56971776 4.6186037
v 2.78148222 -0.56163245 4.56719207
v 2.89330458 -0.55193638 4.51157474
v 3.00362777 -0.54081183 4.45168638
v 3.11153936 -0.52849245 4.38753032
v 3.21601796 -0.51555162 4.31951046
v 3.31646943 -0.50280541 4.24850368
v 3.41232681 -0.49084526 4.17510843
v 3.50322222 -0.48011615 4.0995984
v 3.58845353 -0.47083565 4.02155923
v 3.66805529 -0.46314245 3.94041132
v 3.74218606 -0.45698419 3.85514068
v 3.81097483 -0.45217895 3.76433444
v 3.87358975 -0.44834938 3.66573309
v 3.93000674 -0.44518539 3.55843615
v 3.98004984 -0.44226062 3.44269943
v 4.02391338 -0.43906611 3.31987452
v 4.0623784 -0.43532192 3.19154858
v 4.09647083 -0.43119722 3.05871462
v 4.12620544 -0.42694902 2.9213407
v 4.15244913 -0.4230158 2.77995753
v 4.17583322 -0.41961151 2.63525176
v 4.19599962 -0.4170342 2.4877448
v 4.21279573 -0.41591289 2.33822798
v 4.22437191 -0.41680139 2.18722319
v 4.22948122 -0.41983139 2.03526306
v 4.22723531 -0.42501029 1.88313555
v 4.21739816 -0.43257194 1.73202002
v 4.19743537 -0.44281733 1.58348906
v 4.16667223 -0.4558309 1.43908691
v 4.12619686 -0.47150141 1.29963541
v 4.07594728 -0.4895955 1.1659398
v 4.0165677 -0.50971204 1.03829348
v 3.94837546 -0.53135037 0.9169662
v 3.87210178 -0.55401068 0.80197835
v 3.7880826 -0.57708227 0.69358074
v 3.6975255 -0.60001236 0.59149581
v 3.60103082 -0.62207359 0.4958412
v 3.49940991 -0.64255046 0.40663418
v 3.39358687 -0.66083592 0.32381641
v 3.26462173 -0.74858784 0.24380193
v 3.15301466 -0.76292723 0.17460449
v 3.03929686 -0.77415347 0.11201611
v 2.92446494 -0.78290718 0.05493097
v 2.80861711 -0.78925782 0.0033784
v 2.69187116 -0.79331833 -0.04258537
v 2.57449293 -0.79536253 -0.08313379
v 2.45641803 -0.79526925 -0.11757905
v 2.33751988 -0.7928338 -0.14482104
v 2.21814322 -0.78865563 -0.16532273
v 2.09776496 -0.78225898 -0.17677766
v 1.97651624 -0.77428418 -0.17932087
v 1.85443604 -0.76529008 -0.17303903
v 1.73144507 -0.75567179 -0.15759033
v 1.60751283 -0.74584072 -0.13268944
v 1.48287296 -0.73632639 -0.09885223
v 1.35783958 -0.72750437 -0.05660967
v 1.23294508 -0.71967303 -0.00719826
v 1.10862493 -0.71284121 0.04860277
v 0.98527497 -0.70679748 0.1100858
v 0.86331534 -0.7012301 0.17615364
v 0.74305629 -0.69573938 0.24581059
v 0.62479633 -0.69012129 0.31779244
v 0.5086379 -0.68408858 0.39142409
v 0.39459395 -0.67735368 0.46632459
v 0.2826828 -0.66970437 0.54225742
v 0.17299401 -0.66101211 0.61913573
v 0.06573956 -0.65122109 0.69702643
v -0.03872276 -0.64033681 0.7761231
v -0.13990363 -0.62841862 0.85670006
v -0.23723179 -0.61557531 0.93905967
v -0.33012402 -0.60195851 1.02348649
v -0.41805312 -0.58774977 1.11021339
v -0.50059151 -0.57313787 1.19940197
v -0.57741737 -0.55829006 1.29113364
v -0.64828121 -0.54332089 1.38540208
v -0.71295017 -0.52827191 1.4821074
v -0.77115374 -0.51311129 1.58104574
v -0.82255649 -0.49776077 1.6819005
v -0.86676508 -0.48213848 1.7842499
v -0.90335977 -0.46619743 1.88760387
v -0.93193614 -0.44994953 1.99147069
v -0.95216304 -0.43348485 2.09543061
v -0.96386367 -0.41700056 2.1991918
v -0.9671058 -0.40082711 2.30261325
v -0.9622724 -0.38542944 2.405689
v -0.9500854 -0.3713746 2.50849795
v -0.93155241 -0.35925957 2.61113262
v -0.90744674 -0.34960183 2.71387505
v -0.87889725 -0.34288436 2.8167901
v -0.84665656 -0.33947297 2.92006802
v -0.81146967 -0.33962211 3.02375316
v -0.77389478 -0.34347185 3.12783622
v -0.73430067 -0.35106292 3.23225832
v -0.69289708 -0.36233872 3.33689856
v -0.64972508 -0.37715685 3.44159269
v -0.60470879 -0.39527806 3.54611277
v -0.55742627 -0.4164049 3.65026474
v -0.50789213 -0.44004148 3.75358748
v -0.45580607 -0.4657531 3.8557825
v -0.40083229 -0.49306783 3.95654249
v -0.3426105 -0.52148383 4.05555105
v -0.28077375 -0.55048245 4.15248155
v -0.21494831 -0.57953691 4.24700212
v -0.1447938 -0.60814744 4.33878326
v -0.06941299 -0.63541853 4.42726469
v 0.0117474 -0.66060334 4.51188612
v 0.09872119 -0.68339955 4.59230804
v 0.19185186 -0.70330828 4.66801881
v 0.29211464 -0.71919822 4.73794031
v 0.39979425 -0.73049992 4.8011775
v 0.51473242 -0.7370488 4.85691213
v 0.63685995 -0.73838532 4.90356159
v 0.76444315 -0.73589932 4.94115257
v 0.89610469 -0.73052936 4.96921014
v 1.03031253 -0.72334975 4.98745679
v 1.16549634 -0.71506094 4.99491453
v 1.30027031 -0.70703464 4.99302101
v 1.433802 -0.69979894 4.9824543
v 1.5656073 -0.6936717 4.96435165
v 1.6953926 -0.68871724 4.93995666
v 1.82288599 -0.68475896 4.91050291
v 1.94800925 -0.6816197 4.87743663
v 2.07067012 -0.67892569 4.84180164
v 2.19091153 -0.67622083 4.80426645
v 2.30893993 -0.67300337 4.7650094
v 2.42512702 -0.66883522 4.72377109
v 2.53993129 -0.66343754 4.68004417
v 2.6535933 -0.65640312 4.63297033
v 2.76622629 -0.64757323 4.58180332
v 2.87767291 -0.63697212 4.52605247
v 2.9873712 -0.62467503 4.46538925
v 3.09457635 -0.61108303 4.39996576
v 3.1984272 -0.59678554 4.33036088
v 3.29846262 -0.58257073 4.2576437
v 3.39404201 -0.56896805 4.18245315
v 3.48442721 -0.55638229 4.10496759
v 3.56921935 -0.54516547 4.02501392
v 3.64848113 -0.53554588 3.94207477
v 3.7222855 -0.52754694 3.8551073
v 3.79065871 -0.52104669 3.76259684
v 3.85317134 -0.51576703 3.66256094
v 3.90944051 -0.51135033 3.55375433
v 3.95929288 -0.50732797 3.4364469
v 4.00295782 -0.50313502 3.3120675
v 4.04135084 -0.49848684 3.18231296
v 4.07537317 -0.49350479 3.04809999
v 4.10539245 -0.48848414 2.90959119
v 4.13204956 -0.4837788 2.76718401
v 4.15600204 -0.4796268 2.62159133
v 4.17682457 -0.47639489 2.47330093
v 4.19399881 -0.47477373 2.32304358
v 4.20592308 -0.47537973 2.1714816
v 4.21118879 -0.47838419 2.0192008
v 4.20897293 -0.48375964 1.86700117
v 4.19904041 -0.49171397 1.71605408
v 4.17893695 -0.50250011 1.56794059
v 4.14809989 -0.51614326 1.42414975
v 4.10761022 -0.53251022 1.28543591
v 4.05718278 -0.55136477 1.15267026
v 3.99775791 -0.57232791 1.02599966
v 3.9295516 -0.59490674 0.90569281
v 3.85317087 -0.61858063 0.79179543
v 3.76906657 -0.64274859 0.6844694
v 3.67822957 -0.66679918 0.58357989
v 3.58149504 -0.69004446 0.48909589
v 3.47969174 -0.71178519 0.40101984
v 3.37374639 -0.73143219 0.31929627
v 3.23857712 -0.81715858 0.24526602
v 3.12743043 -0.83310097 0.17722451
v 3.0142064 -0.84607172 0.11574225
v 2.89988803 -0.8566612 0.05972645
v 2.78472662 -0.86503422 0.00895955
v 2.66880321 -0.87119406 -0.03637615
v 2.55239343 -0.87536859 -0.07640645
v 2.43553376 -0.87753444 -0.11064114
v 2.31805229 -0.87742877 -0.13780427
v 2.20023608 -0.87563353 -0.15825641
v 2.08155775 -0.8716976 -0.16954121
v 1.96215248 -0.86632436 -0.17191411
v 1.84203255 -0.86004853 -0.16545157
v 1.72108805 -0.85322254 -0.14970314
v 1.59932363 -0.84626585 -0.12451992
v 1.47697079 -0.83964842 -0.09040668
v 1.35436487 -0.83369326 -0.04790559
v 1.23205244 -0.82863831 0.00172929
v 1.11049819 -0.82445383 0.05773474
v 0.99015229 -0.82092523 0.1192796
v 0.87143588 -0.81772249 0.1852812
v 0.75464367 -0.81443488 0.25475826
v 0.64000493 -0.81080961 0.32653772
v 0.52758127 -0.80656313 0.39993587
v 0.41733861 -0.80140823 0.47457611
v 0.30923491 -0.79513031 0.55022692
v 0.20329257 -0.7876001 0.62679654
v 0.09965594 -0.77876466 0.704337
v -0.00138163 -0.76863849 0.78301829
v -0.0993906 -0.75729745 0.86308306
v -0.19385428 -0.74487334 0.94479566
v -0.28423714 -0.73154354 1.02839887
v -0.37004947 -0.71751111 1.11408495
v -0.45088696 -0.7029773 1.20198023
v -0.52643382 -0.68810784 1.29213905
v -0.59642988 -0.67300176 1.38454067
v -0.66061866 -0.657673 1.47908461
v -0.71870029 -0.64205592 1.57558131
v -0.77031254 -0.62603962 1.67374455
v -0.81504499 -0.60951727 1.77319693
v -0.8524729 -0.59242987 1.87350451
v -0.8821913 -0.57478815 1.97423732
v -0.90385431 -0.55668294 2.07503795
v -0.91724449 -0.53831076 2.1756711
v -0.92236346 -0.52000576 2.27603912
v -0.91951018 -0.50224787 2.3761661
v -0.90931415 -0.48563307 2.47615218
v -0.89266496 -0.47080066 2.57612371
v -0.87054193 -0.45834097 2.67621827
v -0.84374308 -0.44876369 2.77668952
v -0.81323504 -0.44247132 2.87756729
v -0.77960592 -0.43979236 2.9790492
v -0.743523 -0.44087436 3.08103776
v -0.7053163 -0.44582334 3.18356561
v -0.66526699 -0.45458483 3.28647613
v -0.6234653 -0.46703833 3.3896203
v -0.57983869 -0.48300182 3.49284315
v -0.5341537 -0.50220453 3.59594965
v -0.48615044 -0.52423101 3.69861197
v -0.43567743 -0.54860603 3.80042815
v -0.38240829 -0.57487011 3.90109443
v -0.32598516 -0.60252779 4.00029373
v -0.26602846 -0.63105326 4.09769821
v -0.20215036 -0.65990227 4.1929655
v -0.13398063 -0.68853479 4.285748
v -0.0612038 -0.71645492 4.37570571
v 0.01704059 -0.74274784 4.46227836
v 0.10140235 -0.76655149 4.54482698
v 0.19180978 -0.78763622 4.62300634
v 0.28870013 -0.80536758 4.69618082
v 0.39313185 -0.8184055 4.76305341
v 0.50500083 -0.8265025 4.82282972
v 0.62425845 -0.82921338 4.87413549
v 0.74960869 -0.82742035 4.91643571
v 0.87952643 -0.82228165 4.9494214
v 1.01250398 -0.81481146 4.97252225
v 1.1468687 -0.80590766 4.98476839
v 1.28110349 -0.79702073 4.98722887
v 1.41435408 -0.78887695 4.98070097
v 1.5460546 -0.78175628 4.96589708
v 1.67594599 -0.77583289 4.94421529
v 1.80377936 -0.77100604 4.91693544
v 1.92929279 -0.76700949 4.885365
v 2.0523777 -0.76355767 4.85079431
v 2.1729803 -0.76019585 4.81400871
v 2.29122805 -0.75640529 4.77530717
v 2.40747666 -0.75176519 4.73456668
v 2.52204108 -0.74575978 4.6911478
v 2.6352415 -0.73804825 4.64422798
v 2.74720716 -0.72845536 4.59297752
v 2.85771894 -0.71690458 4.53667116
v 2.96635603 -0.70362412 4.47506427
v 3.07230258 -0.6888923 4.40814924
v 3.17507219 -0.67346209 4.33693552
v 3.27416777 -0.65798217 4.26245355
v 3.3687787 -0.64288938 4.18529701
v 3.45815253 -0.62862145 4.10574245
v 3.54212737 -0.61564713 4.0238285
v 3.62062931 -0.60423171 3.93901658
v 3.6938219 -0.59450042 3.85035729
v 3.76144123 -0.5863586 3.75611734
v 3.82351899 -0.57966142 3.65463376
v 3.87937498 -0.57401573 3.54436969
v 3.92883062 -0.56891667 3.42560935
v 3.97216749 -0.56375992 3.29987072
v 4.01048183 -0.55828446 3.16898131
v 4.04435825 -0.55250221 3.03366231
v 4.07463836 -0.54680693 2.89435029
v 4.10171604 -0.54144722 2.75130009
v 4.12623167 -0.53669369 2.60522747
v 4.14775943 -0.53298544 2.45661544
v 4.16524505 -0.53101986 2.30606746
v 4.17755556 -0.53149348 2.15444588
v 4.18294191 -0.53454268 2.00230264
v 4.18106555 -0.54013347 1.85047757
v 4.17126894 -0.54847955 1.70014262
v 4.1511445 -0.55978041 1.55291998
v 4.12037801 -0.57402145 1.41021859
v 4.08007812 -0.59104847 1.27269411
v 4.02970218 -0.61061185 1.14128351
v 3.97042369 -0.63235372 1.01599884
v 3.90245008 -0.6557914 0.89707392
v 3.8262341 -0.68038696 0.78460508
v 3.7423768 -0.70555484 0.67864739
v 3.6515088 -0.7305966 0.57931268
v 3.55482125 -0.75488889 0.48633939
v 3.45314359 -0.77775478 0.39972338
v 3.34741067 -0.7986356 0.31940391
v 3.20653057 -0.8822056 0.25161889
v 3.0961585 -0.89962726 0.18506966
v 2.983747 -0.91421139 0.1250091
v 2.87033963 -0.92659235 0.07021249
v 2.75618743 -0.93688023 0.02049237
v 2.64144754 -0.94509983 -0.0240656
v 2.52631402 -0.95133698 -0.06332871
v 2.41092395 -0.95569479 -0.09701927
v 2.29512119 -0.9579609 -0.12391807
v 2.179039 -0.95856809 -0.14395508
v 2.06224608 -0.95724713 -0.15498535
v 1.94477486 -0.95459938 -0.15696451
v 1.82665252 -0.95118784 -0.1501346
v 1.70776009 -0.94733142 -0.13402655
v 1.58812379 -0.94341975 -0.10857516
v 1.4679954 -0.93986004 -0.07432783
v 1.34774506 -0.93690878 -0.0318536
v 1.22793817 -0.93473398 0.01759977
v 1.1090604 -0.93324381 0.07340972
v 0.99162495 -0.93222498 0.13456088
v 0.87605518 -0.93132549 0.20005075
v 0.76264178 -0.9301334 0.26891434
v 0.65155845 -0.92835617 0.34009298
v 0.54282993 -0.9257276 0.41288569
v 0.43638113 -0.92196673 0.48692154
v 0.33211413 -0.91686105 0.56197679
v 0.22998528 -0.91028636 0.63795596
v 0.13006956 -0.90219819 0.71489673
v 0.0325922 -0.89262616 0.79294562
v -0.06208219 -0.8816685 0.87231308
v -0.15349713 -0.86948537 0.95322561
v -0.2411701 -0.85628306 1.03588485
v -0.32465308 -0.84228891 1.12044465
v -0.40356805 -0.82771712 1.20699846
v -0.47760739 -0.81273353 1.29557633
v -0.54650211 -0.79742431 1.38614416
v -0.60997468 -0.78178077 1.47859907
v -0.66769844 -0.76571047 1.57276165
v -0.71928554 -0.74907547 1.66836881
v -0.76430618 -0.73174673 1.76507949
v -0.80232423 -0.71365141 1.86250567
v -0.83292955 -0.69479399 1.96026802
v -0.85576725 -0.67526358 2.05805778
v -0.87059432 -0.65525442 2.15568304
v -0.87736558 -0.63509994 2.25307917
v -0.87631088 -0.61528503 2.35029768
v -0.86797744 -0.59642154 2.44745826
v -0.85318279 -0.5791803 2.54470181
v -0.83286297 -0.56419605 2.64216923
v -0.8078612 -0.55201149 2.74005818
v -0.77898496 -0.54308188 2.8385241
v -0.74697101 -0.5377354 2.93762564
v -0.71233898 -0.53621584 3.03745937
v -0.67556023 -0.53859537 3.13791465
v -0.63685584 -0.54490482 3.23897337
v -0.59636712 -0.55503755 3.34047532
v -0.55408555 -0.56882304 3.44225645
v -0.50988471 -0.58601665 3.54412126
v -0.46334374 -0.60632997 3.64596319
v -0.41441035 -0.62923347 3.74723458
v -0.36277335 -0.65428412 3.8476355
v -0.30808579 -0.6809988 3.94684934
v -0.24997422 -0.70885831 4.04454708
v -0.18804895 -0.73731428 4.14038467
v -0.12192002 -0.76580196 4.23400449
v -0.0512278 -0.7937684 4.3250432
v 0.02431556 -0.82071977 4.41315412
v 0.10562667 -0.84563052 4.49771308
v 0.19322907 -0.86769127 4.57808399
v 0.28706851 -0.88665247 4.65387344
v 0.38796088 -0.90142589 4.72409486
v 0.49652218 -0.91100692 4.78754329
v 0.61258894 -0.91511547 4.84313106
v 0.73531013 -0.91414117 4.88990926
v 0.86312854 -0.90931367 4.92756366
v 0.99453568 -0.90166121 4.95538806
v 1.12779259 -0.89224809 4.97241735
v 1.2612431 -0.88252586 4.97914075
v 1.39394974 -0.87344175 4.97648954
v 1.5253756 -0.86537951 4.96517038
v 1.65514564 -0.85842585 4.94611358
v 1.78306365 -0.85260814 4.92089939
v 1.90883088 -0.84771347 4.89087486
v 2.03217554 -0.84342098 4.85731458
v 2.15294575 -0.83929783 4.82115554
v 2.27120852 -0.83485251 4.78285455
v 2.38723683 -0.8296042 4.74236011
v 2.50124502 -0.82288432 4.6989479
v 2.61363768 -0.81444352 4.65188407
v 2.72454047 -0.80407339 4.60026025
v 2.83371353 -0.79165095 4.54319047
v 2.94075632 -0.77741473 4.48036146
v 3.04502797 -0.761711 4.41195488
v 3.14620637 -0.74527907 4.33912277
v 3.24375748 -0.72864919 4.26282119
v 3.33685946 -0.71222364 4.18367385
v 3.42485833 -0.69647461 4.10209178
v 3.50759029 -0.68190437 4.01818656
v 3.58497881 -0.66883766 3.9314897
v 3.65705871 -0.65745198 3.84100818
v 3.72372198 -0.64775693 3.74511861
v 3.78503155 -0.6396802 3.64216685
v 3.84020781 -0.63283002 3.53048443
v 3.88906002 -0.62667298 3.41037941
v 3.93194055 -0.62058562 3.283468
v 3.96998047 -0.61430215 3.15160942
v 4.0038166 -0.60782885 3.01554894
v 4.03434705 -0.60155242 2.87574744
v 4.06186103 -0.59565085 2.73241305
v 4.08694028 -0.59043568 2.58624029
v 4.10904026 -0.58640474 2.43768477
v 4.12704753 -0.58428669 2.28736615
v 4.13979053 -0.58477813 2.13615846
v 4.14551305 -0.58793121 1.98458504
v 4.1440525 -0.59377938 1.8335644
v 4.1345539 -0.6025418 1.68428099
v 4.11441564 -0.61436289 1.53844142
v 4.0839324 -0.62919682 1.39726817
v 4.0438919 -0.64687776 1.2614125
v 3.99383878 -0.66713786 1.1317377
v 3.93487644 -0.68962943 1.00823795
v 3.86729884 -0.71387541 0.89107763
v 3.79145741 -0.73932409 0.78039103
v 3.70793986 -0.76537114 0.67624586
v 3.61754918 -0.7913506 0.57863318
v 3.52116775 -0.81655865 0.48752385
v 3.41992378 -0.84042412 0.40269312
v 3.31472992 -0.86242061 0.32409545
v 3.16870784 -0.94357824 0.26274523
v 3.0593996 -0.9623422 0.1980527
v 2.94819426 -0.97849077 0.13959015
v 2.83604621 -0.9925841 0.08623268
v 2.72324585 -1.00471663 0.03777439
v 2.61000013 -1.01491785 -0.00573234
v 2.49647784 -1.02322006 -0.04403612
v 2.38283443 -1.02978181 -0.07689698
v 2.26891899 -1.03444528 -0.10314328
v 2.15477752 -1.037588 -0.12249769
v 2.04001283 -1.03902769 -0.1329765
v 1.92459249 -1.03930068 -0.1343723
v 1.80853951 -1.03896009 -0.12702173
v 1.69174277 -1.03829431 -0.11052544
v 1.5742464 -1.03763675 -0.0848856
v 1.45632529 -1.03731548 -0.05068816
v 1.33839273 -1.03750789 -0.00854201
v 1.22102904 -1.03829729 0.04041538
v 1.10477483 -1.039554 0.09549331
v 0.99016708 -1.04103481 0.1557482
v 0.87764418 -1.04237616 0.22024242
v 0.76750153 -1.04317319 0.28803199
v 0.65987998 -1.04310059 0.35818809
v 0.55476951 -1.04192411 0.42998519
v 0.45206165 -1.03937399 0.50305873
v 0.35160952 -1.03524458 0.57719415
v 0.25330737 -1.02942109 0.65229284
v 0.15716207 -1.02187371 0.72837775
v 0.0633299 -1.01265251 0.80557102
v -0.02789201 -1.00188422 0.88405096
v -0.1161113 -0.98976081 0.96400624
v -0.20090287 -0.97652065 1.04559993
v -0.28186482 -0.96241575 1.12894964
v -0.35864955 -0.94767481 1.21411824
v -0.43096184 -0.93246549 1.30111384
v -0.49852851 -0.91686511 1.389889
v -0.56105577 -0.90084898 1.48033595
v -0.61819571 -0.88430512 1.57228028
v -0.66953915 -0.86707598 1.66547393
v -0.71463799 -0.84901398 1.75960397
v -0.7530421 -0.83003044 1.85432064
v -0.78433048 -0.81011784 1.94928586
v -0.80813765 -0.789357 2.0442307
v -0.82420158 -0.76793617 2.13899517
v -0.8324424 -0.74618458 2.23354125
v -0.83303332 -0.72458517 2.32793951
v -0.82644861 -0.7037552 2.42232775
v -0.81343728 -0.68438535 2.51686048
v -0.79487425 -0.66714119 2.61169481
v -0.77163302 -0.65259534 2.70697522
v -0.74439787 -0.64123588 2.80296015
v -0.7139666 -0.63341295 2.89963889
v -0.68080282 -0.62942552 2.99721384
v -0.64540678 -0.62937593 3.09556675
v -0.60803884 -0.63330686 3.19466924
v -0.568847 -0.64115423 3.29441189
v -0.52785956 -0.65276891 3.39463877
v -0.48497474 -0.66794407 3.49519419
v -0.43991649 -0.68641006 3.59593796
v -0.39244216 -0.70772534 3.69649648
v -0.34235194 -0.73141604 3.79645443
v -0.28931522 -0.75701469 3.89549565
v -0.23297257 -0.78401452 3.9932909
v -0.17294538 -0.81187397 4.0894947
v -0.10884755 -0.84002435 4.18374824
v -0.04030339 -0.86788505 4.27568006
v 0.03301659 -0.89489996 4.3649187
v 0.11138752 -0.92056256 4.45110797
v 0.1958895 -0.94361412 4.5334773
v 0.28674542 -0.96347308 4.6114645
v 0.38411948 -0.9796794 4.68453216
v 0.4891999 -0.99063265 4.75121545
v 0.60181343 -0.99611318 4.8106265
v 0.72154593 -0.99605387 4.86153316
v 0.84694582 -0.99157446 4.90344286
v 0.97641557 -0.98390877 4.93584585
v 1.10826659 -0.97403138 4.95738601
v 1.24069631 -0.96360826 4.96851825
v 1.37262845 -0.95358735 4.96963071
v 1.50351095 -0.94451969 4.96159887
v 1.63300597 -0.93656539 4.94535112
v 1.76079726 -0.92967677 4.92213201
v 1.88658797 -0.92374646 4.89354991
v 2.01000213 -0.91848474 4.8609271
v 2.13077139 -0.91348826 4.82530069
v 2.24887943 -0.90829682 4.78727054
v 2.36440324 -0.90225523 4.74673271
v 2.47760009 -0.89475733 4.703094
v 2.58884406 -0.88548922 4.65557909
v 2.69826936 -0.87424755 4.60323047
v 2.80574369 -0.86104011 4.54527235
v 2.91077709 -0.84592151 4.48114585
v 3.01296091 -0.82935053 4.41131162
v 3.11206889 -0.812002 4.33691835
v 3.20761179 -0.79434448 4.25888204
v 3.29875826 -0.77672565 4.17781448
v 3.38498091 -0.7596572 4.0942626
v 3.46606206 -0.74363935 4.00837945
v 3.54196071 -0.72905498 3.91979694
v 3.61252808 -0.71610677 3.82745409
v 3.67789983 -0.70493322 3.72989702
v 3.73811078 -0.69552171 3.62544918
v 3.79234647 -0.68749856 3.51238799
v 3.84038972 -0.68030631 3.39104318
v 3.8826859 -0.67332303 3.26314282
v 3.92035508 -0.66627514 3.13053655
v 3.95414567 -0.65919071 2.9940238
v 3.98492479 -0.65242087 2.85403561
v 4.01291322 -0.64608591 2.71076512
v 4.03861284 -0.6405493 2.56487107
v 4.06131744 -0.63635045 2.41677236
v 4.07990169 -0.63424843 2.26712393
v 4.09316158 -0.63487881 2.11675262
v 4.09939765 -0.63819044 1.96614551
v 4.09844255 -0.64433848 1.81633448
v 4.08921432 -0.65354913 1.66855073
v 4.06925582 -0.66591161 1.52452993
v 4.03915166 -0.68135756 1.38532674
v 3.99943184 -0.69970673 1.25158762
v 3.94990205 -0.72067618 1.12402343
v 3.89142274 -0.74390882 1.00267744
v 3.82437777 -0.7689287 0.88765078
v 3.74910664 -0.79517424 0.7790867
v 3.66616892 -0.82201993 0.67708075
v 3.57642674 -0.84881168 0.5815835
v 3.4807806 -0.8748725 0.49254286
v 3.38025903 -0.89961808 0.40982902
v 3.27592992 -0.92262542 0.33326435
v 3.12537789 -1.00102627 0.27849176
v 3.01747751 -1.02105093 0.21590745
v 2.90780949 -1.03867447 0.15928429
v 2.79726624 -1.05441331 0.10756823
v 2.68615007 -1.06832444 0.06059749
v 2.57470226 -1.08044385 0.01843397
v 2.46312642 -1.09087598 -0.0187447
v 2.35147261 -1.09965789 -0.05039255
v 2.23965692 -1.10681152 -0.07561292
v 2.1276586 -1.11268031 -0.09402082
v 2.01505732 -1.11705792 -0.10357313
v 1.90183639 -1.12052071 -0.10429822
v 1.78795647 -1.12351131 -0.09633494
v 1.67332959 -1.1262902 -0.07944254
v 1.55802619 -1.12912297 -0.05374096
v 1.44233918 -1.132236 -0.01981234
v 1.3267287 -1.13571775 0.02167529
v 1.21178984 -1.13955283 0.06978408
v 1.09811985 -1.14358794 0.12367755
v 0.98627191 -1.14754414 0.18256646
v 0.87670105 -1.15105915 0.24557927
v 0.76971286 -1.15373468 0.31184196
v 0.66544061 -1.15522348 0.38054823
v 0.56384259 -1.15533387 0.4509575
v 0.46478557 -1.15381205 0.52271366
v 0.36808303 -1.15046322 0.59561008
v 0.27357378 -1.14518785 0.66954392
v 0.18120102 -1.13797593 0.74452203
v 0.0910542 -1.12890434 0.82064098
v 0.00336258 -1.11813294 0.89804655
v -0.08154794 -1.10588967 0.97689044
v -0.16331347 -1.09244561 1.05729913
v -0.241583 -1.07807838 1.13935613
v -0.31604465 -1.06303131 1.22309696
v -0.38642156 -1.04747629 1.30850899
v -0.45244312 -1.03148698 1.3955301
v -0.51380682 -1.01502907 1.4840461
v -0.57015055 -0.99797958 1.57388174
v -0.62104964 -0.98016804 1.66479945
v -0.66604065 -0.96143209 1.75650644
v -0.70465797 -0.94166535 1.84868252
v -0.73646456 -0.92084175 1.94102466
v -0.76107895 -0.89902609 2.03329658
v -0.77822142 -0.87639564 2.12536263
v -0.78778404 -0.85327214 2.21720266
v -0.78989291 -0.83013212 2.30890107
v -0.78495901 -0.80759131 2.40060806
v -0.77366632 -0.78635042 2.49248957
v -0.75683093 -0.76709485 2.58471608
v -0.73528432 -0.75042384 2.67744278
v -0.70971339 -0.73683947 2.77090001
v -0.68081373 -0.72674524 2.86520099
v -0.64915949 -0.72041851 2.96039938
v -0.61514455 -0.71805685 3.05658531
v -0.57911425 -0.71968549 3.15362811
v -0.5411998 -0.72530353 3.25152015
v -0.5014714 -0.73477357 3.35009217
v -0.45986282 -0.74791318 3.44920182
v -0.41617813 -0.76447582 3.54869914
v -0.37008184 -0.78410655 3.6483736
v -0.32144928 -0.80630999 3.74770474
v -0.26997023 -0.83063739 3.84637761
v -0.21530471 -0.85659784 3.94406151
v -0.15709257 -0.88366228 4.04041147
v -0.09496361 -0.91126906 4.13506937
v -0.02854977 -0.93883258 4.22766304
v 0.04249527 -0.96576303 4.31781244
v 0.11845223 -0.99151557 4.40514469
v 0.19969113 -1.0154711 4.48924541
v 0.28742656 -1.03612828 4.56914329
v 0.38153663 -1.05324065 4.64443016
v 0.48287293 -1.06559085 4.71400833
v 0.59183669 -1.07236981 4.7767353
v 0.70839035 -1.07310819 4.83114099
v 0.83098185 -1.06914329 4.87699461
v 0.95819401 -1.06152153 4.91354894
v 1.08832037 -1.05132138 4.9394741
v 1.21945083 -1.04020321 4.95471
v 1.35040009 -1.02935314 4.95979404
v 1.48050451 -1.01926028 4.95495557
v 1.6094495 -1.01021885 4.94135236
v 1.73693573 -1.00223481 4.92024231
v 1.86256265 -0.99518263 4.89309597
v 1.98585557 -0.98882305 4.86133861
v 2.10645055 -0.98282176 4.82615041
v 2.2241559 -0.97667491 4.7881689
v 2.33891964 -0.96965986 4.74732255
v 2.45102024 -0.96122878 4.703166
v 2.56085324 -0.95110607 4.65500974
v 2.6685357 -0.93905395 4.60184764
v 2.77393436 -0.9250437 4.54284381
v 2.87651801 -0.90900963 4.47732925
v 2.97631263 -0.89169883 4.40628862
v 3.0729866 -0.87353259 4.3305149
v 3.16601657 -0.8548873 4.25081348
v 3.25486159 -0.83622109 4.16799545
v 3.33888936 -0.81795334 4.08255004
v 3.41791153 -0.80061137 3.99472951
v 3.49189376 -0.78461921 3.90424966
v 3.56062316 -0.77021515 3.81006336
v 3.6243627 -0.75764191 3.71081543
v 3.68306183 -0.74692863 3.6047647
v 3.73617148 -0.73778867 3.49043154
v 3.78320717 -0.72959423 3.36796116
v 3.82479143 -0.72175747 3.23926019
v 3.8620131 -0.71399807 3.10614585
v 3.89572453 -0.70637309 2.96945452
v 3.92675066 -0.69918984 2.82958102
v 3.95525026 -0.69252133 2.68671488
v 3.98164033 -0.68679666 2.54146719
v 4.0049715 -0.68256938 2.39420461
v 4.0242033 -0.68063795 2.24564385
v 4.03804302 -0.68146467 2.09645581
v 4.04499816 -0.68497985 1.94717741
v 4.04466009 -0.69146615 1.79894948
v 4.03549957 -0.70115053 1.65313947
v 4.01607084 -0.71408945 1.51129567
v 3.98644042 -0.73017925 1.37446868
v 3.94716405 -0.74922394 1.24322998
v 3.89825058 -0.77091866 1.11815214
v 3.84038662 -0.79488611 0.99930203
v 3.7740066 -0.82064712 0.88674891
v 3.69947624 -0.84763079 0.78064006
v 3.61732888 -0.87519246 0.68109822
v 3.52845335 -0.90268963 0.58805406
v 3.43383169 -0.92950314 0.50138402
v 3.33446168 -0.95509243 0.42096811
v 3.23128294 -0.97899305 0.34677341
v 3.07684993 -1.05424308 0.29866391
v 2.97070312 -1.07546091 0.23838968
v 2.86288309 -1.0944612 0.18383726
v 2.75427866 -1.11178624 0.13395011
v 2.64513945 -1.12737464 0.08876053
v 2.53579425 -1.14138376 0.04821209
v 2.4264338 -1.15395796 0.01249659
v 2.31706714 -1.16514003 -0.01778483
v 2.20757293 -1.17495358 -0.04169144
v 2.09792161 -1.18379068 -0.05894041
v 1.98764252 -1.19134318 -0.06731356
v 1.87675619 -1.1982603 -0.06719378
v 1.76516056 -1.20485758 -0.05851275
v 1.65279948 -1.21135652 -0.04123674
v 1.53976953 -1.21793162 -0.01560669
v 1.42638564 -1.2246921 0.01777409
v 1.31312716 -1.23158741 0.05840414
v 1.20064294 -1.23855686 0.10522166
v 1.08955061 -1.24539041 0.15752258
v 0.98042249 -1.25178813 0.21461892
v 0.87372595 -1.25739979 0.27571514
v 0.76978224 -1.26183724 0.34003821
v 0.66873806 -1.26474523 0.40688839
v 0.5705288 -1.26597702 0.47553914
v 0.47500622 -1.26530158 0.5456441
v 0.38195478 -1.26253986 0.61700236
v 0.29116693 -1.25761222 0.68950492
v 0.20252925 -1.25053513 0.76314073
v 0.11606882 -1.24141883 0.83797937
v 0.0319489 -1.23046028 0.91413307
v -0.04957199 -1.2179259 0.99171763
v -0.12819427 -1.20411992 1.07082462
v -0.20362234 -1.1893444 1.1515069
v -0.27558589 -1.17385768 1.2337737
v -0.34383374 -1.1578387 1.31759345
v -0.40810617 -1.14136123 1.40288949
v -0.46810093 -1.12439 1.48953783
v -0.52344995 -1.10679841 1.57736086
v -0.57372003 -1.08840906 1.66612529
v -0.61843597 -1.06904804 1.75555312
v -0.65711563 -1.04858887 1.84534788
v -0.68930113 -1.02698063 1.93523478
v -0.71458953 -1.00426483 2.02500295
v -0.73268163 -0.98060345 2.11453604
v -0.74344396 -0.95630759 2.20382475
v -0.74696326 -0.93184405 2.2929604
v -0.74359631 -0.90782314 2.38210058
v -0.73396515 -0.88494765 2.47142005
v -0.71882522 -0.86391276 2.56110119
v -0.6989479 -0.84533572 2.65132379
v -0.6750378 -0.82973259 2.7422719
v -0.64769065 -0.81753474 2.83416152
v -0.61752563 -0.80903834 2.92699813
v -0.58489936 -0.80448275 3.0209589
v -0.55018883 -0.80392009 3.11590743
v -0.51353496 -0.80737876 3.2118752
v -0.47504332 -0.81473803 3.30868291
v -0.43467828 -0.82584065 3.40620756
v -0.39229622 -0.8404659 3.50430464
v -0.34750893 -0.8583337 3.60290885
v -0.30024808 -0.87894421 3.70142126
v -0.25023356 -0.90186554 3.79951953
v -0.19714917 -0.92662525 3.89687275
v -0.14065863 -0.95271122 3.99313545
v -0.08041501 -0.97957503 4.08795118
v -0.01606975 -1.00663793 4.18095111
v 0.05271707 -1.03330051 4.27175188
v 0.12625448 -1.05896914 4.3599658
v 0.20473551 -1.08315646 4.44524669
v 0.28903222 -1.10471344 4.52687025
v 0.37989902 -1.12249064 4.60395574
v 0.47747346 -1.13601696 4.67592668
v 0.58274513 -1.14385449 4.74132299
v 0.69575649 -1.1455295 4.79884672
v 0.81529569 -1.14202773 4.84801673
v 0.93993228 -1.1344912 4.88820791
v 1.06798923 -1.1241008 4.91828441
v 1.19754266 -1.11234533 4.93743705
v 1.32722401 -1.10063862 4.94619798
v 1.45633351 -1.08958029 4.94475317
v 1.58449924 -1.07944357 4.93386888
v 1.71140801 -1.07027125 4.91478681
v 1.83663725 -1.06199562 4.88907241
v 1.95960283 -1.05440819 4.85815572
v 2.07979655 -1.04721355 4.82328558
v 2.19682455 -1.03986656 4.78511476
v 2.31065034 -1.03176128 4.74381208
v 2.42149663 -1.02237057 4.69904089
v 2.52962851 -1.01128208 4.65000772
v 2.63531899 -0.99843359 4.59596586
v 2.73830604 -0.98358124 4.53584241
v 2.83825516 -0.96678251 4.46924257
v 2.93531346 -0.9487428 4.39712524
v 3.02917337 -0.92978543 4.32012319
v 3.11930942 -0.9102087 4.23893022
v 3.20540714 -0.8905521 4.15448331
v 3.28688168 -0.87120157 4.06728553
v 3.36347222 -0.85264927 3.97761201
v 3.43511295 -0.8353421 3.8852396
v 3.50172615 -0.81960231 3.78926134
v 3.563519 -0.80571967 3.68832278
v 3.62043428 -0.7937783 3.58069229
v 3.67208337 -0.78355717 3.46506524
v 3.71788168 -0.77439934 3.34156918
v 3.75861883 -0.76576155 3.21226429
v 3.79529976 -0.75734543 3.07889127
v 3.82889103 -0.74924695 2.94230604
v 3.86015796 -0.74171942 2.8028562
v 3.88918948 -0.73480564 2.66073083
v 3.91631555 -0.72900885 2.51647877
v 3.94031691 -0.72488224 2.37043023
v 3.96026086 -0.72324276 2.22333717
v 3.97482204 -0.72423803 2.07559204
v 3.98259758 -0.72797876 1.92797076
v 3.9830296 -0.73483669 1.78167021
v 3.97420549 -0.74502497 1.63818705
v 3.95520353 -0.7585684 1.4989438
v 3.92609334 -0.77533078 1.36487317
v 3.88740801 -0.79509764 1.23646199
v 3.83918213 -0.81752306 1.11420989
v 3.78207421 -0.84221243 0.99815124
v 3.71650838 -0.86867678 0.88837218
v 3.64287948 -0.89633297 0.78503149
v 3.56172776 -0.92452681 0.68825608
v 3.47397398 -0.95263963 0.59794777
v 3.38060236 -0.98008918 0.51397633
v 3.28262472 -1.00638854 0.43621197
v 3.18106865 -1.03118443 0.36450386
v 3.02332639 -1.10275077 0.32324078
v 2.9192717 -1.1250844 0.26544448
v 2.81363153 -1.145388 0.2131215
v 2.70727539 -1.16421437 0.16527827
v 2.60048389 -1.18152475 0.12196055
v 2.49356102 -1.19747376 0.08320493
v 2.38668775 -1.21226728 0.0492036
v 2.2798717 -1.22604155 0.02045255
v 2.17292022 -1.23872947 -0.00193882
v 2.06581282 -1.25078725 -0.01784248
v 1.95798647 -1.26170563 -0.02467794
v 1.84956407 -1.27234387 -0.02353205
v 1.7403891 -1.28286349 -0.014157
v 1.63041377 -1.29338657 0.00340034
v 1.51974344 -1.30394017 0.02891126
v 1.40875375 -1.31455218 0.06153137
v 1.29793453 -1.32500851 0.10092394
v 1.18796205 -1.33518183 0.14611904
v 1.07947886 -1.34482276 0.19648805
v 0.97306841 -1.35361874 0.25143575
v 0.86920154 -1.36123764 0.31026467
v 0.76821082 -1.36732375 0.37228661
v 0.67027384 -1.3715192 0.4369162
v 0.57532441 -1.37371051 0.50348198
v 0.48320692 -1.37370371 0.57164204
v 0.39368739 -1.3713423 0.64119726
v 0.30652281 -1.3665719 0.712031
v 0.22155208 -1.35944199 0.78411263
v 0.13874638 -1.35010182 0.85748285
v 0.05820643 -1.33878994 0.9322198
v -0.01987589 -1.3258115 1.00840485
v -0.09526696 -1.31150209 1.08609664
v -0.16773024 -1.29618668 1.16531968
v -0.23704265 -1.28013837 1.24606025
v -0.30298593 -1.26354444 1.32826769
v -0.36532038 -1.24648582 1.41185116
v -0.423754 -1.22893214 1.4966768
v -0.47792252 -1.21076047 1.58256149
v -0.52739131 -1.19179296 1.66927421
v -0.57167708 -1.17184531 1.75654757
v -0.61028063 -1.15076899 1.84410381
v -0.64271926 -1.1284821 1.93169009
v -0.66856426 -1.10499846 2.01911497
v -0.68749457 -1.08046102 2.10627412
v -0.69935226 -1.05516743 2.19316411
v -0.70418876 -1.02957248 2.27987933
v -0.70231527 -1.00427854 2.36657738
v -0.69429534 -0.97998499 2.45343971
v -0.68082118 -0.95738768 2.54065895
v -0.66260838 -0.93711262 2.62842989
v -0.64034408 -0.91969108 2.71692872
v -0.61455756 -0.90556526 2.80642056
v -0.58587068 -0.89506769 2.89692878
v -0.5546593 -0.88844084 2.98860335
v -0.5212605 -0.8858006 3.08143043
v -0.4858849 -0.88716143 3.17535233
v -0.44861444 -0.89246374 3.27030444
v -0.40943959 -0.90157014 3.36616993
v -0.36826437 -0.91426694 3.46277928
v -0.3247818 -0.9302963 3.56005048
v -0.27881559 -0.94923019 3.65754532
v -0.23017969 -0.97063267 3.75485372
v -0.17858472 -0.99405175 3.85164451
v -0.12372268 -1.01899468 3.9475739
v -0.06527521 -1.04493129 4.0422883
v -0.00292044 -1.07129633 4.13541984
v 0.06366204 -1.09749472 4.2265892
v 0.13478604 -1.1229105 4.31540107
v 0.21073435 -1.14694321 4.40145349
v 0.29174646 -1.16905176 4.48436832
v 0.37917718 -1.18749892 4.56298542
v 0.47306692 -1.20189678 4.63681221
v 0.57450395 -1.21070981 4.70440197
v 0.68373763 -1.21330547 4.76451063
v 0.79989963 -1.21034312 4.81651687
v 0.92165756 -1.20291614 4.85980129
v 1.04734158 -1.19227457 4.89332246
v 1.17499721 -1.17997539 4.91621828
v 1.30313897 -1.16746091 4.92860984
v 1.4309498 -1.15537071 4.93028593
v 1.55804061 -1.14409709 4.92210626
v 1.68409323 -1.13369846 4.90517044
v 1.80865347 -1.12411892 4.88096857
v 1.93105232 -1.11518585 4.85093784
v 2.0505476 -1.1065731 4.8162527
v 2.16673445 -1.09789669 4.77786159
v 2.27952432 -1.08864939 4.7361021
v 2.38892459 -1.07819271 4.69059419
v 2.49523139 -1.06618666 4.64073419
v 2.59861421 -1.05241155 4.58565235
v 2.69887447 -1.03663885 4.52438974
v 2.79607772 -1.01922285 4.45707702
v 2.89012622 -1.00047326 4.38408613
v 2.98073792 -0.98066175 4.30594539
v 3.06769251 -0.96023845 4.22352695
v 3.15065789 -0.93964278 4.1376295
v 3.22924017 -0.91930902 4.04885292
v 3.30306434 -0.89965528 3.95745062
v 3.37202 -0.88113701 3.86325383
v 3.43619155 -0.86417031 3.76551246
v 3.49572515 -0.84907704 3.66288542
v 3.55056166 -0.83599102 3.55368113
v 3.60042405 -0.82474285 3.43675708
v 3.6447525 -0.8146789 3.31235337
v 3.68450093 -0.80530643 3.18266296
v 3.72052335 -0.79628813 3.04930067
v 3.75393438 -0.78777402 2.91312766
v 3.78541779 -0.77995491 2.77442741
v 3.81497836 -0.77286905 2.63338351
v 3.84280753 -0.76708328 2.49045801
v 3.86761617 -0.76318287 2.34600782
v 3.88843703 -0.76182502 2.20062947
v 3.9037249 -0.76293253 2.05458331
v 3.91252827 -0.7668972 1.90890395
v 3.91383123 -0.77414906 1.76485431
v 3.90524935 -0.7848491 1.62411844
v 3.88678765 -0.79901748 1.48781919
v 3.85834574 -0.81647586 1.35680866
v 3.82031297 -0.83696824 1.23154437
v 3.77294492 -0.86011761 1.11236143
v 3.71674823 -0.88550126 0.999345
v 3.65215611 -0.91261905 0.89260923
v 3.57959008 -0.94087231 0.79232448
v 3.49965071 -0.96961396 0.69858133
v 3.4132719 -0.99825316 0.61126315
v 3.32144451 -1.0262562 0.53022939
v 3.22519159 -1.05319309 0.45533955
v 3.12552738 -1.07875812 0.38642194
v 2.96518015 -1.14619493 0.35196429
v 2.86354303 -1.16958093 0.29674744
v 2.76038527 -1.1911062 0.24679482
v 2.65660023 -1.21140444 0.20111933
v 2.55246758 -1.23044753 0.15982373
v 2.44826364 -1.24840748 0.12301425
v 2.34414601 -1.26555037 0.09088379
v 2.24008941 -1.2820332 0.06394565
v 2.13591218 -1.29785406 0.04314735
v 2.03147125 -1.31323528 0.02907974
v 1.92629349 -1.32783782 0.02371901
v 1.82047295 -1.3424828 0.02596234
v 1.71385884 -1.35725057 0.0359533
v 1.60638153 -1.37207949 0.05374877
v 1.498196 -1.38686335 0.07893443
v 1.38970756 -1.40149819 0.11064644
v 1.2814368 -1.41564476 0.14851868
v 1.17407047 -1.4290781 0.19182103
v 1.06827044 -1.44152796 0.23998308
v 0.96462029 -1.45266985 0.29251471
v 0.86357492 -1.46221578 0.34879475
v 0.76547396 -1.46984887 0.40823102
v 0.67053318 -1.47522473 0.47034072
v 0.57872265 -1.47822499 0.53455954
v 0.48988232 -1.47872173 0.6005367
v 0.40376901 -1.47659075 0.66806995
v 0.32011574 -1.47180748 0.73703479
v 0.23872356 -1.46446085 0.80737954
v 0.15951515 -1.45474469 0.87911498
v 0.08253379 -1.44294154 0.95228564
v 0.00790733 -1.42939341 1.02693963
v -0.06419602 -1.41446423 1.10310602
v -0.13360059 -1.39849829 1.18078315
v -0.20013457 -1.38178288 1.25993657
v -0.26361954 -1.36451685 1.34049761
v -0.32384488 -1.34679281 1.4223622
v -0.38053917 -1.32859242 1.50538635
v -0.43335202 -1.3098036 1.58938181
v -0.48185491 -1.29025244 1.67411887
v -0.52556049 -1.26974463 1.75933837
v -0.56395238 -1.24810743 1.84477686
v -0.59652108 -1.22522532 1.93019747
v -0.62281078 -1.20108199 2.01542186
v -0.64247691 -1.17579984 2.10035204
v -0.65533489 -1.14965975 2.18498635
v -0.66140419 -1.12310242 2.26941657
v -0.66095739 -1.09672176 2.35379743
v -0.65450257 -1.07120847 2.43831205
v -0.64266669 -1.04725122 2.52316308
v -0.62610888 -1.0254774 2.60855579
v -0.60548603 -1.00643014 2.694669
v -0.58127099 -0.9905523 2.78179454
v -0.55407404 -0.97821134 2.86998701
v -0.52429592 -0.96965658 2.95936226
v -0.49222895 -0.96504545 3.05000758
v -0.45813217 -0.96440851 3.1418333
v -0.42208167 -0.96771955 3.23483514
v -0.38409414 -0.9748615 3.32890415
v -0.34410676 -0.98564106 3.42387461
v -0.30185091 -0.99981963 3.51967263
v -0.25711655 -1.01701569 3.61594653
v -0.20978681 -1.03680956 3.71224117
v -0.15960139 -1.05877053 3.80822873
v -0.1062837 -1.08242726 3.90356755
v -0.04954806 -1.10727059 3.99790668
v 0.01089575 -1.13275384 4.09088325
v 0.0753415 -1.15829467 4.18212223
v 0.14408925 -1.18327438 4.27122545
v 0.21743923 -1.20705676 4.35777616
v 0.29561302 -1.22909426 4.44139146
v 0.3793593 -1.24830174 4.52133798
v 0.46966847 -1.263255 4.59650278
v 0.5670948 -1.27303171 4.66591739
v 0.67230653 -1.27657651 4.72818279
v 0.78492891 -1.2740066 4.78231191
v 0.90350097 -1.26668405 4.82805633
v 1.02641713 -1.25594103 4.86470842
v 1.15185844 -1.24306559 4.89081716
v 1.27814173 -1.22967708 4.90634965
v 1.40437483 -1.21659028 4.91123008
v 1.5300889 -1.20416069 4.90579605
v 1.65496456 -1.19249475 4.89108467
v 1.77851772 -1.18152618 4.86842775
v 1.90001618 -1.17111206 4.83928108
v 2.01863455 -1.16101074 4.80492591
v 2.13382172 -1.15090227 4.76637125
v 2.24533891 -1.14031732 4.72404336
v 2.35324573 -1.12880504 4.67790031
v 2.45756149 -1.11581826 4.62720823
v 2.55827522 -1.1009072 4.57090997
v 2.65574264 -1.08433663 4.50886583
v 2.75003123 -1.06632232 4.44106817
v 2.8407166 -1.04676902 4.36729288
v 2.92788147 -1.02618634 4.28834724
v 3.01135325 -1.00495469 4.20494842
v 3.0908823 -0.98348766 4.11784076
v 3.16622233 -0.96224319 4.02766895
v 3.23695731 -0.94158864 3.93468451
v 3.30292987 -0.92197495 3.83876633
v 3.36435031 -0.90389776 3.73930215
v 3.42130994 -0.88770473 3.63498878
v 3.47374868 -0.87357205 3.52420401
v 3.52144384 -0.86136019 3.40595793
v 3.56411337 -0.85048097 3.28083109
v 3.60263109 -0.84041971 3.15096688
v 3.63793587 -0.83088392 3.01795959
v 3.67108321 -0.8219999 2.88253712
v 3.70270752 -0.81391406 2.74493384
v 3.73282766 -0.8067305 2.60533952
v 3.76137542 -0.8010289 2.46409273
v 3.78695416 -0.79741525 2.32157969
v 3.8087418 -0.79614877 2.17802166
v 3.82509517 -0.79730957 2.03391361
v 3.83500599 -0.8014816 1.89045727
v 3.83698582 -0.8091104 1.74903738
v 3.82896471 -0.82032734 1.61133122
v 3.81112146 -0.83512097 1.47828424
v 3.78337669 -0.85327071 1.35063457
v 3.74619317 -0.87447333 1.22871673
v 3.69980716 -0.8983106 1.11282324
v 3.64466667 -0.92434215 1.00307536
v 3.58119869 -0.95204705 0.89963281
v 3.50986623 -0.98081201 0.80265742
v 3.43137025 -1.01001656 0.71217012
v 3.34663367 -1.03909695 0.62805283
v 3.25665235 -1.06757295 0.5501582
v 3.16245818 -1.0950737 0.47832816
v 3.06502962 -1.12133657 0.41236063
v 2.90267157 -1.18411922 0.38474306
v 2.80369854 -1.20840311 0.33226344
v 2.70339989 -1.23119616 0.28463673
v 2.60250783 -1.25297248 0.24119405
v 2.50133705 -1.2737894 0.20201546
v 2.40013265 -1.29385185 0.16725005
v 2.29902362 -1.31347978 0.1370911
v 2.19794321 -1.33281076 0.11211404
v 2.09669804 -1.35184896 0.09322181
v 1.99507796 -1.37069797 0.08120972
v 1.89273262 -1.38929486 0.07721482
v 1.7896465 -1.40821874 0.08056873
v 1.68570113 -1.42749607 0.09121406
v 1.58086192 -1.44691479 0.10906858
v 1.47530961 -1.46615886 0.13369879
v 1.36947011 -1.48498487 0.16426955
v 1.26388418 -1.50290346 0.20045858
v 1.1592555 -1.51963985 0.24165503
v 1.05625987 -1.53487265 0.2874408
v 0.95545208 -1.54832136 0.33735632
v 0.85724484 -1.55976522 0.39085695
v 0.76199722 -1.56888294 0.44750204
v 0.66996681 -1.57535946 0.5068885
v 0.58119708 -1.5790385 0.56858086
v 0.49552211 -1.57989776 0.63220363
v 0.41269719 -1.57785797 0.6975494
v 0.33244276 -1.57292664 0.76448762
v 0.25453135 -1.56523656 0.83294588
v 0.17884461 -1.5550313 0.90290457
v 0.10537485 -1.54263734 0.97437608
v 0.03419105 -1.52842962 1.04737818
v -0.03460073 -1.51279473 1.12191283
v -0.10088477 -1.49609339 1.19795525
v -0.16454263 -1.47862684 1.27545118
v -0.22544099 -1.46060836 1.35431587
v -0.28340649 -1.44214725 1.43443357
v -0.33819833 -1.42324411 1.51565194
v -0.38948985 -1.40380275 1.59777915
v -0.43686655 -1.38365602 1.68058729
v -0.47984081 -1.36260032 1.76382494
v -0.51788067 -1.34043705 1.84723925
v -0.55045169 -1.31701874 1.93060457
v -0.57707238 -1.29230046 2.01374769
v -0.59737283 -1.26638281 2.09657263
v -0.61113905 -1.23952543 2.17907548
v -0.61836051 -1.21215438 2.26134228
v -0.61927688 -1.1848551 2.34352064
v -0.61434221 -1.15830469 2.42579364
v -0.6041181 -1.13317799 2.5083692
v -0.58920526 -1.11009621 2.59146142
v -0.57022154 -1.0896101 2.67525696
v -0.54759079 -1.07215631 2.76005673
v -0.52190953 -1.05813145 2.84594178
v -0.49358132 -1.04780066 2.93302798
v -0.46286988 -1.0413419 3.02145409
v -0.43006962 -1.03881466 3.11112928
v -0.39522549 -1.04022216 3.20212793
v -0.35843142 -1.04545211 3.2942729
v -0.31962296 -1.05434322 3.38745617
v -0.2785764 -1.06666994 3.48159527
v -0.23503005 -1.08208954 3.57644033
v -0.18895268 -1.10020804 3.67149233
v -0.14011488 -1.12061643 3.76642823
v -0.08827371 -1.14286613 3.86091065
v -0.03317884 -1.16647028 3.95459246
v 0.025425 -1.19090449 4.0471158
v 0.08780062 -1.21560335 4.13811016
v 0.1542266 -1.2399559 4.22718048
v 0.22500479 -1.26330816 4.31389522
v 0.30043494 -1.28501176 4.39781284
v 0.38073864 -1.30454778 4.47855997
v 0.46734601 -1.32000923 4.55474329
v 0.56074905 -1.33055615 4.6255002
v 0.66177487 -1.33499038 4.68944644
v 0.77041095 -1.33308255 4.74549007
v 0.88543486 -1.32598912 4.79332685
v 1.0052582 -1.31514632 4.8325448
v 1.12818598 -1.3016045 4.86120557
v 1.25230383 -1.28734171 4.87961721
v 1.3766278 -1.27317452 4.88731765
v 1.50061988 -1.25953424 4.8845148
v 1.62392246 -1.24651753 4.87194585
v 1.74607753 -1.23409819 4.85093116
v 1.86637139 -1.2221775 4.82291841
v 1.98385548 -1.21051681 4.7890644
v 2.09788394 -1.19890821 4.75051879
v 2.20807576 -1.18696522 4.7078166
v 2.31424093 -1.17418396 4.66093254
v 2.41640663 -1.16011107 4.60942935
v 2.51448416 -1.14421677 4.55233383
v 2.60896635 -1.12677085 4.48963499
v 2.6999793 -1.10795295 4.42130565
v 2.78725218 -1.08772778 4.34717464
v 2.87072777 -1.06637978 4.26767206
v 2.95045805 -1.04437744 4.18356609
v 3.02627611 -1.02210319 4.09551572
v 3.09801411 -1 4.00414133
v 3.16538453 -0.97846144 3.90975809
v 3.2281425 -0.95789676 3.81225919
v 3.28650999 -0.93883711 3.71111941
v 3.34057593 -0.92167025 3.60511994
v 3.39028573 -0.90660965 3.49275064
v 3.43548226 -0.89353793 3.37323045
v 3.47622585 -0.8819347 3.24754905
v 3.51330804 -0.87126189 3.11780023
v 3.5477364 -0.8612653 2.98549652
v 3.58050847 -0.85204446 2.85120749
v 3.61221289 -0.8437162 2.71510076
v 3.64284849 -0.83647102 2.57732462
v 3.67207431 -0.83088874 2.43810963
v 3.69859504 -0.82745605 2.29772949
v 3.72147131 -0.82605916 2.15611076
v 3.73903203 -0.82717847 2.01417493
v 3.75011396 -0.83151662 1.87321662
v 3.75261163 -0.83946055 1.73481011
v 3.74543094 -0.85117441 1.60036611
v 3.72821426 -0.86655467 1.47087109
v 3.7014153 -0.88536536 1.34673535
v 3.66520929 -0.90721684 1.22834956
v 3.61993932 -0.93168157 1.11592984
v 3.56601858 -0.95830041 1.00964832
v 3.50384926 -0.98651504 0.90971034
v 3.43395853 -1.01570403 0.81624394
v 3.35714602 -1.04528164 0.72919529
v 3.274333 -1.07472026 0.64844381
v 3.18651747 -1.10359239 0.5738396
v 3.09471702 -1.13158083 0.50520402
v 2.99985313 -1.15846538 0.44228932
v 2.83605456 -1.21610784 0.42149204
v 2.74008107 -1.24127817 0.37168654
v 2.64291858 -1.26528167 0.32644534
v 2.54522609 -1.28855478 0.28525963
v 2.44730258 -1.31119716 0.24823898
v 2.34935927 -1.33344936 0.21556161
v 2.25148606 -1.3556503 0.18745406
v 2.15356898 -1.37788355 0.16459226
v 2.05543804 -1.40024757 0.14769846
v 1.95677888 -1.42265749 0.13785722
v 1.85740828 -1.44546937 0.13521394
v 1.75718641 -1.46891415 0.13961622
v 1.65603351 -1.49292552 0.15084329
v 1.55397963 -1.51713931 0.1686128
v 1.45123136 -1.54099559 0.19250403
v 1.3482213 -1.5640825 0.22179214
v 1.24550724 -1.58584165 0.25611499
v 1.14379513 -1.6058892 0.29507497
v 1.04375171 -1.62393605 0.3383097
v 0.94588971 -1.63970899 0.38546481
v 0.85057491 -1.65304398 0.43608129
v 0.75817263 -1.66364014 0.48981782
v 0.66900157 -1.67118144 0.54637199
v 0.58319664 -1.67547202 0.60542309
v 0.50059938 -1.67660248 0.66658097
v 0.42096552 -1.67456114 0.72962766
v 0.34400931 -1.66939449 0.79442554
v 0.26948165 -1.66128492 0.86088186
v 0.19723036 -1.65052843 0.92894744
v 0.12720435 -1.63749182 0.99860507
v 0.05942171 -1.62257719 1.06984579
v -0.00606729 -1.6061877 1.1426469
v -0.06920294 -1.58869779 1.21696269
v -0.12991958 -1.57042264 1.29272043
v -0.18813212 -1.55159342 1.36982202
v -0.24371092 -1.53234112 1.44814157
v -0.29645428 -1.51268959 1.52752208
v -0.34606817 -1.49256217 1.60777175
v -0.3921594 -1.4718002 1.6886667
v -0.43424585 -1.45019185 1.76996326
v -0.4717848 -1.42751586 1.8514167
v -0.50422191 -1.40359759 1.93280565
v -0.53105318 -1.37836813 2.01395773
v -0.55188119 -1.35190284 2.094774
v -0.56646049 -1.32443821 2.17524576
v -0.57475411 -1.296386 2.25544953
v -0.57697117 -1.26832234 2.3355236
v -0.5735104 -1.24090552 2.41564774
v -0.56486922 -1.21478962 2.49603223
v -0.55158835 -1.19058454 2.5768969
v -0.53423947 -1.16884136 2.65843868
v -0.5132066 -1.14998841 2.74095583
v -0.48906612 -1.13444614 2.82455325
v -0.46221345 -1.12249529 2.90935802
v -0.43288892 -1.11432373 2.99553585
v -0.40141084 -1.11002576 3.08301472
v -0.36781433 -1.10961401 3.17189407
v -0.33222773 -1.11300635 3.26200914
v -0.29460468 -1.12005972 3.35326886
v -0.25474679 -1.13056111 3.44559764
v -0.21236731 -1.14418733 3.5388062
v -0.16751155 -1.16058623 3.6323843
v -0.1199824 -1.17937076 3.72601676
v -0.06957189 -1.2001146 3.81937146
v -0.01606657 -1.22235512 3.91210603
v 0.04075222 -1.24559032 4.00386953
v 0.10111421 -1.26927506 4.0942955
v 0.16527259 -1.29281079 4.18299102
v 0.23351801 -1.3155415 4.2695198
v 0.30617019 -1.33678293 4.35341072
v 0.38346892 -1.35598206 4.43426132
v 0.46624848 -1.37192821 4.51117324
v 0.55569976 -1.38295543 4.5827341
v 0.65241664 -1.38817942 4.64787197
v 0.75685423 -1.38685965 4.70522499
v 0.86788678 -1.3801583 4.75468635
v 0.98422521 -1.3691715 4.79557752
v 1.10410261 -1.35529208 4.82676696
v 1.22565901 -1.34019279 4.84768247
v 1.34770405 -1.32494974 4.85800266
v 1.46959054 -1.31005179 4.85769319
v 1.59093093 -1.29566752 4.84739542
v 1.71129763 -1.28179979 4.82827949
v 1.82996451 -1.26831722 4.80154657
v 1.94606554 -1.25511109 4.76854896
v 2.05871939 -1.24194419 4.73023986
v 2.16737866 -1.22851705 4.68728447
v 2.27178001 -1.21444296 4.63989734
v 2.37168455 -1.19918453 4.58769989
v 2.46697568 -1.18220889 4.5299406
v 2.55841898 -1.16390299 4.46687984
v 2.64601707 -1.14425349 4.39824819
v 2.72968792 -1.12331879 4.32397127
v 2.80939388 -1.10130465 4.24429512
v 2.88517117 -1.0785731 4.15977239
v 2.95705199 -1.05556488 4.07107162
v 3.02494502 -1.03269922 3.9787538
v 3.08867645 -1.01038754 3.88316178
v 3.14795088 -0.98900812 3.78420448
v 3.20296979 -0.96911084 3.6814351
v 3.25381016 -0.95111632 3.5737431
v 3.30044341 -0.93526995 3.45979046
v 3.34283018 -0.92147368 3.33910036
v 3.38133311 -0.90924471 3.21306538
v 3.41674494 -0.89803886 3.08377575
v 3.45010209 -0.88762909 2.95257949
v 3.48234844 -0.87808692 2.81985688
v 3.51402235 -0.86952471 2.68568325
v 3.54509186 -0.86222934 2.55011129
v 3.57481432 -0.85674434 2.41329979
v 3.60248446 -0.8531453 2.27506518
v 3.62661695 -0.85143733 2.13558578
v 3.6454854 -0.85242348 1.9960885
v 3.6578226 -0.85682261 1.85786843
v 3.66097021 -0.8649984 1.72276818
v 3.6544609 -0.87711447 1.59194684
v 3.63819718 -0.89300984 1.46611964
v 3.61255312 -0.91238802 1.34561169
v 3.57742881 -0.93478429 1.23092687
v 3.53345751 -0.95980316 1.12212681
v 3.48093533 -0.98692989 1.01948583
v 3.42026376 -1.01556277 0.92322462
v 3.35206699 -1.04508745 0.83340424
v 3.27721095 -1.07495164 0.7499203
v 3.19662904 -1.10467112 0.67264425
v 3.11131596 -1.13386941 0.60142099
v 3.02224612 -1.16227638 0.53604149
v 2.93026471 -1.18971645 0.4762001
v 2.76554966 -1.24179267 0.46218174
v 2.67285037 -1.26777887 0.41502878
v 2.57913255 -1.29300749 0.37211695
v 2.48492884 -1.31779992 0.33316454
v 2.39051866 -1.34231078 0.29828891
v 2.29606771 -1.36678862 0.26771655
v 2.20162391 -1.39155685 0.24174003
v 2.10704779 -1.41669273 0.22106197
v 2.01221227 -1.44246256 0.20613297
v 1.91666173 -1.46853494 0.19836041
v 1.82037615 -1.49566233 0.19709011
v 1.72315979 -1.52381002 0.2023915
v 1.6249485 -1.55269205 0.21404947
v 1.5258522 -1.58177518 0.23160578
v 1.42611146 -1.61027693 0.25461757
v 1.3261491 -1.63757455 0.28251996
v 1.22652506 -1.66324174 0.31482851
v 1.12792468 -1.68666958 0.35142815
v 1.03100216 -1.7075684 0.39206513
v 0.93621587 -1.72569429 0.43645393
v 0.84388375 -1.74093544 0.48420268
v 0.75437128 -1.75301909 0.53503668
v 0.66804397 -1.76166796 0.58872157
v 0.5851401 -1.76663339 0.64504939
v 0.50556302 -1.76801896 0.70368349
v 0.42905479 -1.7659403 0.76437234
v 0.35531842 -1.76050972 0.82695984
v 0.28408652 -1.75196659 0.89133179
v 0.21517951 -1.74065887 0.95741212
v 0.14851287 -1.72698664 1.02515828
v 0.08406421 -1.71136903 1.09453785
v 0.02183751 -1.69422125 1.16550672
v -0.03815665 -1.67592895 1.23799908
v -0.09590192 -1.6568222 1.311926
v -0.15136164 -1.6371535 1.38717842
v -0.2044536 -1.61707782 1.46362447
v -0.25502139 -1.59664511 1.54110789
v -0.30281078 -1.57579946 1.61944115
v -0.34745737 -1.55439269 1.69840788
v -0.38849234 -1.53220963 1.77777195
v -0.42537173 -1.50901496 1.85729301
v -0.45752981 -1.48461675 1.93675005
v -0.48444208 -1.4589225 2.01596736
v -0.50568109 -1.43198001 2.09484028
v -0.52097237 -1.40400302 2.17335176
v -0.53025716 -1.37539291 2.25156498
v -0.53371059 -1.34671187 2.3296082
v -0.53167396 -1.31859159 2.40765667
v -0.52458047 -1.29166066 2.48591876
v -0.51291197 -1.26651167 2.56461787
v -0.49718841 -1.24369049 2.64396047
v -0.47776475 -1.22361743 2.72423315
v -0.45518949 -1.20672988 2.80556225
v -0.42984184 -1.19332075 2.88808918
v -0.40194287 -1.18358242 2.97199297
v -0.37180751 -1.17764222 3.0572431
v -0.33951741 -1.1755197 3.14389944
v -0.30517187 -1.17716252 3.23187446
v -0.26875966 -1.18244445 3.32107377
v -0.23009881 -1.19116163 3.41143274
v -0.18889021 -1.20299923 3.50279951
v -0.1452513 -1.21765649 3.59467387
v -0.09901806 -1.23476779 3.68674945
v -0.05001829 -1.25392913 3.77870225
v 0.00192424 -1.27470135 3.87019658
v 0.05699141 -1.29660534 3.9608879
v 0.11537955 -1.31911647 4.0504136
v 0.17731498 -1.34165108 4.13838291
v 0.24307167 -1.363559 4.22435569
v 0.31297531 -1.38413667 4.30783987
v 0.38735529 -1.4027152 4.38834333
v 0.46645519 -1.41880893 4.46548318
v 0.55194616 -1.43013835 4.53742504
v 0.64435863 -1.43591761 4.60321569
v 0.744322 -1.43524146 4.66149282
v 0.85114979 -1.42878675 4.71182966
v 0.96345293 -1.41795146 4.75411224
v 1.07977485 -1.40384709 4.78721141
v 1.19829487 -1.38803267 4.81028509
v 1.317644 -1.37179648 4.82310438
v 1.43705546 -1.35572087 4.82546663
v 1.55606162 -1.34000361 4.81764078
v 1.67420423 -1.32464814 4.80047512
v 1.79087221 -1.30963444 4.77532625
v 1.90514433 -1.29480838 4.74329853
v 2.01610326 -1.28002214 4.70545864
v 2.12304091 -1.26504683 4.66252613
v 2.22551918 -1.24955582 4.61482906
v 2.32309889 -1.23302102 4.56214952
v 2.41573166 -1.21504545 4.50414419
v 2.50404739 -1.19581544 4.44092702
v 2.58815264 -1.17532205 4.37225818
v 2.66814613 -1.15369629 4.29812574
v 2.74395322 -1.13103663 4.21856117
v 2.81565427 -1.10765123 4.13395929
v 2.88341927 -1.08399224 4.04491758
v 2.94727802 -1.06048142 3.95193958
v 3.00706577 -1.03749573 3.85531163
v 3.06264305 -1.01547217 3.75503873
v 3.11402487 -0.9949063 3.65067791
v 3.16130328 -0.9762575 3.54127574
v 3.20449852 -0.95979601 3.42574524
v 3.24373936 -0.94542837 3.30402755
v 3.27968549 -0.93268281 3.17792773
v 3.31316518 -0.92101872 3.04951524
v 3.34522175 -0.91022783 2.91989493
v 3.37674665 -0.90035921 2.78923225
v 3.40819788 -0.89155024 2.65746426
v 3.43942332 -0.8841651 2.52452158
v 3.46974086 -0.87859851 2.39034867
v 3.49873447 -0.8744862 2.25432634
v 3.52389478 -0.87229794 2.11734581
v 3.54424786 -0.87298989 1.98050391
v 3.55769538 -0.87726438 1.84534633
v 3.56171321 -0.88555151 1.71380555
v 3.55619883 -0.89793235 1.58672308
v 3.54110765 -0.91418427 1.46465671
v 3.51667118 -0.93395614 1.34794414
v 3.48295879 -0.95680165 1.23699069
v 3.44045734 -0.98227477 1.131958
v 3.38950538 -1.00980091 1.03311967
v 3.33055973 -1.03874492 0.94065916
v 3.26434946 -1.0685141 0.85456013
v 3.19176292 -1.09858191 0.77470475
v 3.11375021 -1.12851154 0.70095419
v 3.03128695 -1.15797531 0.6331315
v 2.94528031 -1.18674814 0.57098001
v 2.85649108 -1.21470046 0.5141381
v 2.69122242 -1.26072073 0.50704491
v 2.60216045 -1.28760922 0.46232685
v 2.51216292 -1.31404817 0.42168322
v 2.42171454 -1.34037113 0.38489258
v 2.33105182 -1.36674678 0.35211655
v 2.24028515 -1.39338827 0.32366916
v 2.14946508 -1.4207015 0.29976961
v 2.05841302 -1.44872558 0.28118163
v 1.96694088 -1.47768187 0.26845476
v 1.87469732 -1.50760591 0.26233202
v 1.78163838 -1.53910458 0.2622652
v 1.68757557 -1.57197868 0.26830768
v 1.59249198 -1.60571265 0.28020173
v 1.49657034 -1.63958823 0.29738515
v 1.4000647 -1.67252659 0.31947401
v 1.30341279 -1.70401644 0.3458229
v 1.20712912 -1.73346567 0.37615531
v 1.11186802 -1.76033234 0.41039091
v 1.01825058 -1.7841798 0.4484654
v 0.92667353 -1.80479729 0.4901373
v 0.83741718 -1.82209944 0.53506732
v 0.75086224 -1.83579373 0.58305186
v 0.66741854 -1.84565007 0.63390994
v 0.58740377 -1.85142874 0.68750417
v 0.51083439 -1.85312485 0.74361282
v 0.43742764 -1.85102939 0.80193698
v 0.36686161 -1.84536922 0.86228549
v 0.29884982 -1.8364526 0.92451983
v 0.23319378 -1.82467079 0.98854225
v 0.16978819 -1.81044066 1.0542916
v 0.10858336 -1.79418778 1.12171649
v 0.04954857 -1.77633464 1.19075262
v -0.00734512 -1.75727665 1.26131618
v -0.06212399 -1.7373588 1.33330535
v -0.11479695 -1.71685552 1.40660369
v -0.16532973 -1.69594883 1.48107945
v -0.21361459 -1.67471444 1.55658209
v -0.25944277 -1.65311908 1.63293385
v -0.30248689 -1.63102936 1.70992839
v -0.34230288 -1.60823798 1.78733527
v -0.37835833 -1.58450961 1.86491608
v -0.41008499 -1.55964255 1.94244682
v -0.43693894 -1.53352069 2.01974725
v -0.45846319 -1.50616192 2.09670567
v -0.47435963 -1.47776198 2.17329287
v -0.48455035 -1.44871497 2.24955749
v -0.48916986 -1.41956067 2.32561492
v -0.48849901 -1.39089679 2.40163469
v -0.48290729 -1.3633213 2.47782206
v -0.47282061 -1.33740627 2.55439925
v -0.45870447 -1.31368637 2.63158083
v -0.44089564 -1.29257667 2.70963573
v -0.41990509 -1.2745217 2.78871035
v -0.39609366 -1.25982439 2.86895537
v -0.36966502 -1.24867701 2.95055508
v -0.34092924 -1.24123334 3.03350997
v -0.30998513 -1.2375257 3.11787653
v -0.27692756 -1.23752152 3.20360398
v -0.24176085 -1.24111259 3.29061365
v -0.20433735 -1.24810481 3.37883615
v -0.16432938 -1.25817906 3.46815967
v -0.12192957 -1.27109336 3.55810284
v -0.07700745 -1.28650295 3.64837098
v -0.02942648 -1.30402624 3.73864889
v 0.02095285 -1.32324528 3.82860899
v 0.07427659 -1.34370362 3.91791224
v 0.13070847 -1.36489605 4.00620126
v 0.19044749 -1.38625609 4.09308719
v 0.25374695 -1.40714538 4.17812728
v 0.32092273 -1.42686176 4.26082134
v 0.39232105 -1.44470942 4.34064769
v 0.46816664 -1.46023011 4.41722965
v 0.54945939 -1.47200465 4.48940324
v 0.63758873 -1.47810065 4.55536031
v 0.7328481 -1.47811269 4.6142497
v 0.83503961 -1.4721632 4.66532659
v 0.94297421 -1.46149921 4.708498
v 1.05528295 -1.44729554 4.74304866
v 1.17030918 -1.43084311 4.76782703
v 1.28651833 -1.41372811 4.78298234
v 1.40302765 -1.39648556 4.7877922
v 1.51927495 -1.37943279 4.78240585
v 1.63480806 -1.3626523 4.76750803
v 1.74901986 -1.34609365 4.74410581
v 1.86106586 -1.32966768 4.7133522
v 1.96999228 -1.31325852 4.67630004
v 2.07494139 -1.29668343 4.63370037
v 2.1753602 -1.27971315 4.58603763
v 2.27058744 -1.26184606 4.53320074
v 2.36055088 -1.24278783 4.47517824
v 2.44576358 -1.222615 4.41208362
v 2.52646136 -1.20134794 4.34375381
v 2.60268282 -1.17899954 4.26999378
v 2.6744697 -1.15568995 4.19079637
v 2.74209356 -1.13177835 4.10651159
v 2.80559349 -1.10754859 4.01742696
v 2.86520934 -1.08349406 3.92404937
v 2.92085552 -1.05999028 3.82660365
v 2.97251248 -1.03750491 3.72514534
v 3.01997184 -1.01646602 3.61921095
v 3.06335067 -0.99736869 3.50806045
v 3.10274529 -0.98049259 3.39097213
v 3.13849949 -0.96572178 3.2684369
v 3.17153239 -0.95256203 3.14265871
v 3.202847 -0.9405176 3.01563191
v 3.23335266 -0.92936158 2.8881309
v 3.26391387 -0.91914564 2.76008105
v 3.29487848 -0.91006571 2.63123297
v 3.32598328 -0.90254241 2.50138902
v 3.3570075 -0.89649927 2.36993885
v 3.38685035 -0.89161896 2.23653125
v 3.41319131 -0.88878589 2.10235643
v 3.43504095 -0.88894301 1.9684149
v 3.44943618 -0.89289528 1.83671593
v 3.45469737 -0.90108466 1.70883703
v 3.45041155 -0.91347432 1.58557939
v 3.43680119 -0.92983681 1.46727764
v 3.41378045 -0.94980645 1.35444331
v 3.38171792 -0.97295802 1.24729609
v 3.34090828 -0.99874985 1.14613568
v 3.29175663 -1.02653956 1.05119633
v 3.23483562 -1.05567789 0.96257793
v 3.17094016 -1.0855894 0.88021791
v 3.10097098 -1.11577796 0.80399578
v 3.02588725 -1.14585399 0.73375189
v 2.94662261 -1.17553424 0.66926777
v 2.8639965 -1.20463728 0.61023026
v 2.778692 -1.23307323 0.55624574
v 2.61317443 -1.27267408 0.55627238
v 2.52802991 -1.30044686 0.51386898
v 2.44204521 -1.32813322 0.47532302
v 2.35558772 -1.35595715 0.44059571
v 2.26884102 -1.38405752 0.40993595
v 2.18196725 -1.41283905 0.38345134
v 2.09491944 -1.44254005 0.36159777
v 2.00757837 -1.47342455 0.34486305
v 1.91952002 -1.50532126 0.33437985
v 1.83076548 -1.53910839 0.32954704
v 1.74110388 -1.57489967 0.33041334
v 1.65035581 -1.61227381 0.33704277
v 1.55863118 -1.65063822 0.34893661
v 1.46613585 -1.68899273 0.36559349
v 1.37315142 -1.72619092 0.38657444
v 1.28008174 -1.76170742 0.41133064
v 1.18740272 -1.79487836 0.4397102
v 1.09572994 -1.82514703 0.4717262
v 1.0056101 -1.85210263 0.50735229
v 0.91739046 -1.87543225 0.54642146
v 0.83134126 -1.89500331 0.5886535
v 0.74786919 -1.91047334 0.63391083
v 0.66742181 -1.9216659 0.68205601
v 0.5903601 -1.92843425 0.73298013
v 0.51681506 -1.93063473 0.78658109
v 0.4465202 -1.92862558 0.84256815
v 0.37910217 -1.92283928 0.90068274
v 0.31424573 -1.91369593 0.96074694
v 0.25174465 -1.90160954 1.02264976
v 0.19148989 -1.88698458 1.08632218
v 0.13341932 -1.87024033 1.15169787
v 0.07748038 -1.85180211 1.21869444
v 0.02361649 -1.83207237 1.28721344
v -0.02823202 -1.81141006 1.35714507
v -0.07811407 -1.79011333 1.42837035
v -0.12604117 -1.7683916 1.50076282
v -0.17195548 -1.74634802 1.57418286
v -0.21569892 -1.72397613 1.64846587
v -0.25699082 -1.70116865 1.72341501
v -0.29542526 -1.67774128 1.79880487
v -0.33049368 -1.65347147 1.87439763
v -0.36163204 -1.62815046 1.9499669
v -0.38827922 -1.60163664 2.02532839
v -0.40995481 -1.57392263 2.10036182
v -0.42634469 -1.54519605 2.17502212
v -0.43734842 -1.51583898 2.2493422
v -0.44305303 -1.48635911 2.32342553
v -0.4436765 -1.45731318 2.39743375
v -0.43952652 -1.42926454 2.47156667
v -0.43098047 -1.40276598 2.54604125
v -0.41844362 -1.37832975 2.62107729
v -0.40224683 -1.35637366 2.69692421
v -0.38285341 -1.33733737 2.77374243
v -0.36060532 -1.32153022 2.85169029
v -0.33569186 -1.30914342 2.93094945
v -0.30840724 -1.30034935 3.01155018
v -0.27886325 -1.29519414 3.09354949
v -0.24715125 -1.29366016 3.17692256
v -0.21327905 -1.2956531 3.26161241
v -0.17713849 -1.30099225 3.3475418
v -0.13840097 -1.30935335 3.43461704
v -0.09728901 -1.32054317 3.52240538
v -0.05372077 -1.33424294 3.61061787
v -0.00759474 -1.35009145 3.69895029
v 0.04119301 -1.36769199 3.78708362
v 0.09275423 -1.38660848 3.87468504
v 0.14722111 -1.40635538 3.9614017
v 0.20476478 -1.4263854 4.04684734
v 0.26561433 -1.4460777 4.13058233
v 0.33006599 -1.46474695 4.21210575
v 0.39846557 -1.48169136 4.29087829
v 0.47113221 -1.49632692 4.36641597
v 0.54829138 -1.50830555 4.43839263
v 0.63207143 -1.51460456 4.5041666
v 0.7223832 -1.51541328 4.5634737
v 0.81967133 -1.51002085 4.61497163
v 0.92290723 -1.49957609 4.65862274
v 1.03073155 -1.48545467 4.69427967
v 1.14176905 -1.46856749 4.72053813
v 1.25437295 -1.45061337 4.73754549
v 1.36754584 -1.43231642 4.74475383
v 1.48060786 -1.41397774 4.74180269
v 1.59306383 -1.39575648 4.72915792
v 1.70435845 -1.37767231 4.70772266
v 1.81376349 -1.3597027 4.67863178
v 1.920264 -1.34168958 4.64272499
v 2.02296781 -1.32353603 4.60090351
v 2.12111687 -1.30503904 4.55366373
v 2.21390628 -1.28577864 4.50103998
v 2.30131959 -1.26562988 4.44337129
v 2.3834536 -1.24445629 4.38063573
v 2.46069264 -1.22233557 4.31282472
v 2.53322839 -1.19932687 4.23978757
v 2.60110712 -1.17549037 4.16136407
v 2.66454744 -1.15107786 4.0776596
v 2.72379636 -1.12643921 3.9889214
v 2.77904486 -1.10197794 3.89542627
v 2.83039164 -1.07813274 3.7973833
v 2.87782812 -1.05535721 3.69480752
v 2.92111396 -1.03407859 3.58730602
v 2.96026444 -1.01477241 3.47434997
v 2.99551343 -0.99770587 3.3557589
v 3.02748322 -0.98270899 3.23272681
v 3.05735015 -0.96925467 3.107795
v 3.08620357 -0.95687675 2.98273181
v 3.11488771 -0.94535428 2.85796284
v 3.14417052 -0.93476462 2.73312735
v 3.174299 -0.92538267 2.60775136
v 3.20497751 -0.91756188 2.48144125
v 3.23665332 -0.91070079 2.35290932
v 3.26658296 -0.9049232 2.22285676
v 3.29419446 -0.90121126 2.09176278
v 3.31743359 -0.90059506 1.96105551
v 3.33287501 -0.90397119 1.83309042
v 3.33945655 -0.9117062 1.7090404
v 3.33679413 -0.92374175 1.5895555
v 3.32500577 -0.93991565 1.47499334
v 3.3037014 -0.95985084 1.36606216
v 3.27352547 -0.98309385 1.26278448
v 3.23467588 -1.00900793 1.16553914
v 3.18764162 -1.03688895 1.07449579
v 3.13311147 -1.06607997 0.9896717
v 3.07190585 -1.09601485 0.91099715
v 3.00494074 -1.126235 0.8383407
v 2.9331603 -1.15639495 0.77150446
v 2.85742926 -1.18625021 0.71021264
v 2.77847981 -1.21565544 0.65410637
v 2.69693493 -1.24455058 0.60279744
v 2.53139209 -1.27750682 0.61025381
v 2.45047211 -1.30621528 0.56992745
v 2.36871647 -1.33507454 0.53337556
v 2.28642177 -1.36426878 0.50065904
v 2.2037909 -1.39404463 0.4719221
v 2.12095451 -1.42478716 0.44730302
v 2.03781962 -1.45670092 0.42734441
v 1.95412969 -1.48989749 0.4128201
v 1.86979818 -1.52496779 0.40370497
v 1.78466725 -1.56233143 0.39995187
v 1.69856262 -1.60204315 0.40153738
v 1.61134815 -1.64348566 0.40848076
v 1.52323925 -1.68598437 0.42014449
v 1.43444395 -1.72828936 0.43611189
v 1.34528017 -1.76946961 0.45584255
v 1.25607919 -1.80870044 0.47903594
v 1.1672945 -1.84555709 0.50553077
v 1.07947838 -1.8792541 0.53548288
v 0.99310052 -1.90929317 0.56889516
v 0.90844357 -1.93550932 0.60553932
v 0.8257882 -1.95763254 0.64521104
v 0.74557203 -1.97520399 0.68785309
v 0.66830325 -1.987944 0.73342585
v 0.59433835 -1.99592399 0.78179419
v 0.5238682 -1.99896729 0.83291494
v 0.45671767 -1.9972614 0.8866049
v 0.39244312 -1.99153673 0.94251036
v 0.33068305 -1.98241341 1.00038135
v 0.27123937 -1.97029304 1.0601052
v 0.21401923 -1.95552492 1.1216197
v 0.15896257 -1.93851065 1.18484723
v 0.10600795 -1.91967701 1.24968946
v 0.05508391 -1.89942789 1.31604003
v 0.00610804 -1.87813425 1.38378679
v -0.04100164 -1.85611927 1.45281279
v -0.08629916 -1.83362507 1.52299952
v -0.12977714 -1.81078898 1.59421992
v -0.17133297 -1.78764069 1.66632306
v -0.21074195 -1.7641114 1.73912227
v -0.24764716 -1.74005222 1.81239724
v -0.2815727 -1.71525824 1.88591277
v -0.31196358 -1.68951356 1.9594438
v -0.33824899 -1.66265475 2.03280234
v -0.35993734 -1.63466489 2.10585689
v -0.37670385 -1.60572814 2.17854595
v -0.38841751 -1.5762043 2.25088572
v -0.39511027 -1.54655587 2.32296967
v -0.39693805 -1.51729488 2.39494895
v -0.39415398 -1.48895216 2.4670155
v -0.3870989 -1.46206522 2.5393753
v -0.37609884 -1.43710231 2.61225605
v -0.36149925 -1.41449952 2.68588113
v -0.3437061 -1.39467823 2.76042318
v -0.32304012 -1.37795019 2.83604311
v -0.29968142 -1.36450612 2.91291475
v -0.27389875 -1.35452818 2.99109554
v -0.24581351 -1.34807586 3.07064247
v -0.21551165 -1.34514308 3.15155124
v -0.18301023 -1.34564888 3.23377919
v -0.14822141 -1.34942328 3.31725549
v -0.11082236 -1.35613346 3.4018948
v -0.07107064 -1.36563611 3.48730874
v -0.02892434 -1.37763631 3.57322096
v 0.01568431 -1.39179253 3.65934038
v 0.0628254 -1.40772771 3.74535703
v 0.112578 -1.42502522 3.83094477
v 0.16504371 -1.44322025 3.91575717
v 0.22036503 -1.4617865 3.99941206
v 0.27874344 -1.48012852 4.08147811
v 0.34044939 -1.49758732 4.1614604
v 0.40581321 -1.5134772 4.23881864
v 0.47517845 -1.52717709 4.31302738
v 0.54876923 -1.53834748 4.38375473
v 0.62774765 -1.54532563 4.44950962
v 0.71313935 -1.54666698 4.50873136
v 0.80519348 -1.54201722 4.56050491
v 0.90330207 -1.53204596 4.60452318
v 1.00629258 -1.51796186 4.64063835
v 1.11278355 -1.5009557 4.6682291
v 1.22128272 -1.48226642 4.68665742
v 1.33062005 -1.46299862 4.6959114
v 1.44003748 -1.44348561 4.69539403
v 1.54898333 -1.42393481 4.68524599
v 1.65692627 -1.40441489 4.66611957
v 1.76317167 -1.38490986 4.63893032
v 1.86679434 -1.36533308 4.60457134
v 1.96690094 -1.34563601 4.56398868
v 2.06259942 -1.325652 4.51770877
v 2.15292263 -1.30502915 4.46582937
v 2.23771715 -1.28369569 4.40881776
v 2.31700038 -1.26156759 4.34684133
v 2.39091587 -1.23860311 4.27984046
v 2.45978331 -1.21490132 4.20773744
v 2.52379322 -1.19056391 4.13035965
v 2.58318042 -1.16579163 4.04763603
v 2.63821148 -1.14088463 3.9596014
v 2.68904781 -1.11618602 3.86629104
v 2.73595714 -1.09218943 3.76786136
v 2.77890658 -1.06933224 3.66422033
v 2.81778931 -1.04807782 3.55513644
v 2.8524146 -1.0288335 3.44030356
v 2.88323164 -1.01181137 3.32034063
v 2.91120147 -0.99675333 3.19728708
v 2.93770694 -0.98310405 3.07384681
v 2.96384978 -0.97042667 2.9514122
v 2.99041795 -0.95853096 2.83002901
v 3.01801371 -0.94755184 2.70903945
v 3.04678535 -0.9378252 2.58775067
v 3.07685303 -0.9294976 2.46531128
v 3.10765337 -0.92170059 2.3408153
v 3.13795948 -0.91494655 2.21446633
v 3.16645574 -0.91018134 2.08697652
v 3.19086885 -0.90852379 1.9599055
v 3.20753788 -0.91096317 1.83585488
v 3.2157278 -0.91777992 1.71563816
v 3.21499848 -0.92905706 1.5999161
v 3.20508766 -0.94467663 1.48926365
v 3.18602418 -0.96427011 1.38406896
v 3.15806579 -0.98729747 1.28462195
v 3.12152957 -1.01305651 1.19122052
v 3.07703185 -1.04080295 1.10393858
v 3.02531957 -1.06985831 1.02276659
v 2.96722912 -1.09966397 0.94763761
v 2.90368533 -1.12980425 0.87838894
v 2.83558392 -1.15997231 0.81476926
v 2.76370525 -1.18995392 0.75644671
v 2.68871212 -1.21962654 0.70304548
v 2.61103773 -1.24875807 0.65446674
v 2.44577837 -1.27525675 0.66949212
v 2.36932492 -1.30484986 0.63106977
v 2.29198694 -1.33478248 0.59638434
v 2.21399617 -1.36519813 0.56558924
v 2.13565373 -1.39654338 0.53855043
v 2.05693435 -1.42896008 0.51575988
v 1.97770023 -1.46267044 0.49782031
v 1.89785814 -1.49815285 0.48494535
v 1.8173803 -1.53603708 0.47692874
v 1.73607218 -1.57658243 0.47385841
v 1.65368723 -1.61955881 0.4759356
v 1.57029151 -1.66449618 0.48279237
v 1.48605525 -1.71038055 0.49401354
v 1.40125608 -1.7560842 0.50907677
v 1.31620037 -1.8007574 0.52749913
v 1.23117077 -1.8434118 0.54915684
v 1.14659929 -1.88368487 0.57393646
v 1.06294131 -1.92063736 0.60204237
v 0.98056268 -1.95387041 0.63339275
v 0.89974415 -1.98293983 0.66784501
v 0.82080298 -2.00750255 0.70523887
v 0.74416619 -2.02725052 0.74549675
v 0.6702978 -2.04203701 0.78856921
v 0.59959697 -2.05173111 0.83443445
v 0.5323143 -2.05603861 0.88312453
v 0.46833974 -2.05504393 0.93453037
v 0.40719902 -2.04972028 0.98823452
v 0.34847575 -2.04099178 1.04387843
v 0.29199692 -2.02920961 1.10135853
v 0.23770275 -2.01463127 1.16063082
v 0.18554474 -1.99764239 1.22160553
v 0.13546317 -1.97867214 1.28417205
v 0.08738376 -1.95811951 1.34822297
v 0.0412113 -1.93636441 1.4136511
v -0.00316241 -1.91376102 1.48034334
v -0.04583037 -1.89059329 1.54818844
v -0.08683519 -1.86704361 1.61707115
v -0.12613219 -1.84318625 1.68685376
v -0.1635573 -1.81899869 1.75736141
v -0.19880804 -1.79436969 1.82838368
v -0.23144607 -1.76911163 1.89969289
v -0.26093256 -1.74300503 1.97106814
v -0.28670126 -1.71588301 2.04231691
v -0.30826351 -1.68773567 2.11329269
v -0.32528245 -1.65873932 2.18392014
v -0.33758616 -1.62921309 2.25420284
v -0.34514871 -1.59956729 2.32422184
v -0.34807151 -1.57027161 2.3941183
v -0.34656399 -1.54183042 2.46407008
v -0.3409571 -1.5147854 2.53426361
v -0.33141508 -1.48947906 2.60495495
v -0.31838026 -1.46644008 2.67631888
v -0.30217909 -1.4460442 2.7485404
v -0.28310185 -1.42859554 2.82178211
v -0.26132381 -1.41428661 2.89620733
v -0.23709416 -1.40330719 2.97188735
v -0.21053022 -1.39572417 3.04888415
v -0.18170504 -1.39153599 3.12721276
v -0.15065273 -1.390679 3.20683789
v -0.11729814 -1.39299154 3.28769826
v -0.08132536 -1.39813029 3.36971163
v -0.04302556 -1.40600025 3.45253253
v -0.00239057 -1.4163289 3.53590297
v 0.04061573 -1.42879319 3.61954426
v 0.08603161 -1.44303453 3.70315694
v 0.13390527 -1.45865571 3.7864232
v 0.18430864 -1.47521317 3.86900425
v 0.23735499 -1.49220562 3.95052528
v 0.29321605 -1.50906825 4.03056621
v 0.35213261 -1.5251764 4.10864591
v 0.41441145 -1.53987216 4.18423461
v 0.48039904 -1.5525248 4.25678634
v 0.55041784 -1.56264257 4.32583379
v 0.62473875 -1.56991434 4.39103174
v 0.70526331 -1.57147395 4.44964599
v 0.79177939 -1.5677582 4.50159263
v 0.88440805 -1.55841088 4.54575634
v 0.98209446 -1.5446124 4.58215379
v 1.08348298 -1.5278114 4.61089563
v 1.18736839 -1.5086236 4.63054704
v 1.29237282 -1.48848128 4.64142227
v 1.39766621 -1.46793401 4.64319658
v 1.5026263 -1.44715988 4.63556146
v 1.60673856 -1.42630207 4.61897087
v 1.70932304 -1.40533351 4.593997
v 1.80959904 -1.38427746 4.56164503
v 1.90667927 -1.36309623 4.52277755
v 1.99964916 -1.3416866 4.4780054
v 2.08739876 -1.31975376 4.42744207
v 2.16954183 -1.29723596 4.37156152
v 2.24615073 -1.2741723 4.31077289
v 2.31696033 -1.25039339 4.24490881
v 2.38238143 -1.22604751 4.17403793
v 2.44268679 -1.20125925 4.09798908
v 2.49813652 -1.17620539 4.01654481
v 2.54895758 -1.15112507 3.92948746
v 2.59549021 -1.12640905 3.83674359
v 2.63786816 -1.10246729 3.73813962
v 2.6761825 -1.07978808 3.63353443
v 2.7103815 -1.05883216 3.52279233
v 2.7402482 -1.03993737 3.40603756
v 2.76646566 -1.02317738 3.28497529
v 2.79036855 -1.00818586 3.16255974
v 2.8134036 -0.99440026 3.04139018
v 2.8366692 -0.98145657 2.92225766
v 2.86077904 -0.9692043 2.80488824
v 2.88618874 -0.95784956 2.68836927
v 2.91298031 -0.94775348 2.57184696
v 2.94119429 -0.93880838 2.45432758
v 2.97077941 -0.93020951 2.33464026
v 3.00079202 -0.9224714 2.2127664
v 3.02955222 -0.91656035 2.0895946
v 3.05478453 -0.91359496 1.96666491
v 3.07278084 -0.91465729 1.84669232
v 3.08286643 -0.92009913 1.73032569
v 3.08433055 -0.93019038 1.61838924
v 3.07671141 -0.94483667 1.51154661
v 3.06019187 -0.96363896 1.4100238
v 3.03486871 -0.98602777 1.31423986
v 3.00112223 -1.01125514 1.2244445
v 2.95965957 -1.03854835 1.1406548
v 2.91125464 -1.06720566 1.06287324
v 2.85676097 -1.09667491 0.9910283
v 2.79708147 -1.12657916 0.9249103
v 2.73303413 -1.15664279 0.8642143
v 2.66532135 -1.18667018 0.80857491
v 2.5943911 -1.21637761 0.75789457
v 2.52096629 -1.24582207 0.71170455
v 2.3560934 -1.26614427 0.73468226
v 2.28426456 -1.29645419 0.69808918
v 2.21147799 -1.32728934 0.66518586
v 2.13799405 -1.35887956 0.63600266
v 2.06396865 -1.39145684 0.61071217
v 1.98927044 -1.42508411 0.59002792
v 1.91406738 -1.4604485 0.57373422
v 1.83831465 -1.49806046 0.56187373
v 1.76189482 -1.53833878 0.55448991
v 1.68451309 -1.58129334 0.55193847
v 1.60612833 -1.62686443 0.55402785
v 1.52678656 -1.67439615 0.56053888
v 1.44668078 -1.72276508 0.57110506
v 1.36618197 -1.77121007 0.58505868
v 1.28551602 -1.81859731 0.60220086
v 1.20500874 -1.86438632 0.62231344
v 1.12498593 -1.90769505 0.6455214
v 1.04579007 -1.94758904 0.6719619
v 0.96772152 -1.98371005 0.70146983
v 0.89108139 -2.01532053 0.73398917
v 0.81622606 -2.04216742 0.76934963
v 0.74356913 -2.06404376 0.80747109
v 0.67351692 -2.08085632 0.84830892
v 0.60640472 -2.09251499 0.89183819
v 0.54246932 -2.0986514 0.93812555
v 0.48166814 -2.09916567 0.98715019
v 0.42359885 -2.09497809 1.03854203
v 0.36784049 -2.08724284 1.09186565
v 0.314249 -2.07629799 1.14701139
v 0.26279392 -2.0623455 1.20393717
v 0.2134398 -2.04577612 1.26253593
v 0.16613467 -2.0270257 1.32268667
v 0.12080917 -2.00648808 1.38428831
v 0.07736337 -1.98454988 1.4472419
v 0.03566956 -1.96160244 1.51144075
v -0.00439865 -1.93797862 1.57677972
v -0.04292945 -1.91390955 1.64315438
v -0.07993387 -1.88951909 1.71044182
v -0.11530797 -1.86483168 1.77848184
v -0.14880424 -1.83977222 1.84707832
v -0.18002535 -1.81417071 1.91601574
v -0.20846051 -1.78782177 1.98507714
v -0.23356589 -1.76058197 2.05406212
v -0.25486242 -1.73245286 2.12281417
v -0.27199429 -1.70358431 2.19124531
v -0.28474476 -1.67424428 2.25935053
v -0.29303765 -1.64479398 2.32719922
v -0.29693138 -1.61567008 2.39491629
v -0.29659909 -1.58735251 2.46266579
v -0.29229787 -1.56032824 2.53063106
v -0.28419923 -1.5349456 2.59904313
v -0.2726807 -1.51169633 2.6680758
v -0.25805133 -1.49095284 2.73790407
v -0.24055789 -1.47299814 2.80869221
v -0.22037561 -1.45802998 2.88059043
v -0.19773955 -1.44624507 2.95367431
v -0.17275248 -1.43771004 3.02801275
v -0.14546857 -1.43242299 3.10363459
v -0.11594462 -1.43034088 3.18050909
v -0.08411279 -1.43130767 3.25858545
v -0.04966674 -1.43497073 3.3377788
v -0.0129242 -1.44127929 3.41778922
v 0.02609427 -1.44998145 3.49837589
v 0.06739585 -1.46077132 3.57927513
v 0.11098948 -1.47330904 3.66019868
v 0.15689455 -1.48721623 3.74083852
v 0.20515456 -1.50207185 3.8208642
v 0.25585374 -1.51740264 3.89991307
v 0.30913323 -1.53267836 3.97757911
v 0.36520233 -1.5473138 4.05340099
v 0.42433962 -1.56068646 4.12686491
v 0.48687559 -1.57218122 4.19742965
v 0.55314576 -1.58127427 4.26459169
v 0.62339943 -1.58767366 4.32801389
v 0.69858777 -1.58998858 4.38630819
v 0.77966743 -1.5867691 4.43776321
v 0.86644882 -1.57827639 4.48199176
v 0.95832294 -1.565135 4.51867532
v 1.05416548 -1.54854631 4.54786157
v 1.15280914 -1.52940237 4.56891346
v 1.25296628 -1.50863945 4.5812149
v 1.35363459 -1.48722767 4.58501005
v 1.45414578 -1.4654318 4.57993459
v 1.55391299 -1.44334483 4.565907
v 1.65237224 -1.4210807 4.54355812
v 1.74881053 -1.39867067 4.51365995
v 1.84236586 -1.37609159 4.47695684
v 1.9322102 -1.35333395 4.43420457
v 2.01722168 -1.33018732 4.38557863
v 2.09665465 -1.30654656 4.33139658
v 2.17044639 -1.28248155 4.27214479
v 2.23855543 -1.25800585 4.20795965
v 2.30082535 -1.2330724 4.13864278
v 2.35766696 -1.20787656 4.06416082
v 2.40936899 -1.18260443 3.98423433
v 2.45626187 -1.1575247 3.89854741
v 2.49855804 -1.13294911 3.80666494
v 2.53646826 -1.10930872 3.70820426
v 2.57004547 -1.08708262 3.60277557
v 2.59929251 -1.06672024 3.49031019
v 2.62433624 -1.04845297 3.37174892
v 2.64598417 -1.03211581 3.25008034
v 2.66595339 -1.01725494 3.1291449
v 2.68561625 -1.00336873 3.01106476
v 2.70584225 -0.99020361 2.89582514
v 2.72706723 -0.97766113 2.78299856
v 2.7495954 -0.96595805 2.67172098
v 2.77355742 -0.95550388 2.56086993
v 2.79904484 -0.94611865 2.4493792
v 2.82659792 -0.93695777 2.33546471
v 2.85527157 -0.92841309 2.21912217
v 2.88332819 -0.92141217 2.10126328
v 2.9087708 -0.91698056 1.98316168
v 2.92827582 -0.91624754 1.86731803
v 2.94021081 -0.91994166 1.75506413
v 2.94400692 -0.92837721 1.6469953
v 2.93906259 -0.94152951 1.54382789
v 2.92546916 -0.95899295 1.4458059
v 2.90327739 -0.98020488 1.35337901
v 2.87290406 -1.00440776 1.26677644
v 2.83505821 -1.03081333 1.18605065
v 2.79052615 -1.05870926 1.11123824
v 2.74016356 -1.0875529 1.04225432
v 2.68481779 -1.11699307 0.97884309
v 2.62521433 -1.14677369 0.92067176
v 2.56177353 -1.17654657 0.86770463
v 2.49530696 -1.20628702 0.81935811
v 2.42657804 -1.23612594 0.77508169
v 2.2618556 -1.25061655 0.8068543
v 2.19490075 -1.28154933 0.77178394
v 2.12679123 -1.31311368 0.74052423
v 2.05782723 -1.3455609 0.71301245
v 1.98786199 -1.37882757 0.69006538
v 1.91747903 -1.41372144 0.67076879
v 1.84657728 -1.45059132 0.65544676
v 1.77504217 -1.48982024 0.64429384
v 1.70274412 -1.53170502 0.63742625
v 1.62955904 -1.57636714 0.63489174
v 1.55536496 -1.62351751 0.63676345
v 1.48031199 -1.6725533 0.64270991
v 1.40467691 -1.72260284 0.65228182
v 1.32874882 -1.77267313 0.66512447
v 1.252846 -1.82214534 0.68088686
v 1.17719936 -1.87016117 0.69958996
v 1.10203719 -1.91572499 0.72137707
v 1.02760791 -1.95811259 0.74622339
v 0.9541803 -1.9965831 0.77405989
v 0.88209134 -2.03034138 0.80483615
v 0.81171405 -2.05939793 0.83830624
v 0.74343454 -2.08340859 0.87445867
v 0.6775965 -2.10223197 0.91326838
v 0.6144548 -2.11582303 0.95468533
v 0.55416411 -2.12390613 0.9987393
v 0.49664336 -2.12663483 1.04532468
v 0.44162815 -2.12452411 1.09422791
v 0.38881433 -2.11849427 1.14510273
v 0.33808356 -2.1089878 1.1977899
v 0.28942188 -2.09624242 1.25221777
v 0.24281096 -2.08064389 1.30827009
v 0.19821222 -2.06262517 1.36582517
v 0.15556466 -2.04257679 1.4247905
v 0.11476968 -2.02089333 1.48507988
v 0.07568699 -1.99800562 1.54659175
v 0.0381646 -1.97429871 1.60922741
v 0.00207678 -1.95005226 1.6728928
v -0.03263555 -1.92543566 1.73748076
v -0.06592296 -1.90051829 1.80284833
v -0.09759037 -1.87526011 1.86881744
v -0.12728646 -1.84952247 1.93518447
v -0.15454195 -1.82314205 2.00173282
v -0.17884632 -1.79601347 2.06825637
v -0.19972823 -1.76813423 2.13459348
v -0.21681143 -1.73961675 2.20065259
v -0.22984387 -1.71068239 2.26641893
v -0.23871305 -1.68165648 2.33194756
v -0.24344188 -1.65294551 2.39734816
v -0.24417027 -1.62500476 2.46276712
v -0.24106302 -1.59823501 2.52838921
v -0.23431976 -1.57301914 2.59441447
v -0.22425665 -1.54980468 2.66101217
v -0.21116676 -1.52896034 2.72834396
v -0.19523724 -1.51072764 2.79657673
v -0.1766522 -1.49531877 2.86584234
v -0.15563252 -1.48293411 2.9362173
v -0.1322568 -1.47363209 3.00777506
v -0.1065839 -1.46742153 3.08054614
v -0.07866757 -1.46426653 3.15451145
v -0.04844883 -1.46401727 3.22962641
v -0.01563536 -1.46631622 3.30580067
v 0.01943734 -1.47115087 3.38277769
v 0.05672457 -1.47828805 3.46033716
v 0.09620787 -1.48743939 3.5382297
v 0.13786983 -1.49828243 3.61617922
v 0.18170353 -1.51045858 3.69388914
v 0.2277259 -1.52357006 3.771039
v 0.27599319 -1.53717374 3.8472805
v 0.3266164 -1.550776 3.92222476
v 0.3797729 -1.56383371 3.99543476
v 0.43570992 -1.57576465 4.06641817
v 0.49473398 -1.58597958 4.13464736
v 0.55717927 -1.59393668 4.19959592
v 0.62335729 -1.59921562 4.26080608
v 0.69354671 -1.60150873 4.31789016
v 0.76895356 -1.5989207 4.36877965
v 0.84962362 -1.59139931 4.41293478
v 0.93529474 -1.57913994 4.44979047
v 1.02508068 -1.5630933 4.47932338
v 1.11790335 -1.54428684 4.50142526
v 1.21265518 -1.52335286 4.51519584
v 1.30818688 -1.50128221 4.52064609
v 1.40373587 -1.4786421 4.5178256
v 1.49873387 -1.45563745 4.50668191
v 1.59257102 -1.43227255 4.48718118
v 1.68465519 -1.40868151 4.46009826
v 1.7742089 -1.38487827 4.42607307
v 1.8603897 -1.36086475 4.38575506
v 1.94231295 -1.33660244 4.33962059
v 2.01894307 -1.31195628 4.28776598
v 2.08996796 -1.28699576 4.23065853
v 2.15525865 -1.26177525 4.16848325
v 2.21482276 -1.23637425 4.10125637
v 2.26856684 -1.21085131 4.02866458
v 2.31691718 -1.18546414 3.95055651
v 2.36010813 -1.1604644 3.86644578
v 2.39846396 -1.1362071 3.77581262
v 2.43207526 -1.11309182 3.677881
v 2.46103477 -1.09159755 3.57203149
v 2.48531127 -1.0721085 3.45809269
v 2.50549888 -1.05467355 3.33799576
v 2.52284145 -1.03883457 3.21643114
v 2.539258 -1.02409935 3.09799885
v 2.55580067 -1.01015269 2.98369717
v 2.57282042 -0.99682742 2.872864
v 2.59064173 -0.98407381 2.76520872
v 2.60963344 -0.97216087 2.65980744
v 2.6300342 -0.96146631 2.55547213
v 2.65203023 -0.95193415 2.45097279
v 2.67631912 -0.94259274 2.34409189
v 2.70232892 -0.93360698 2.23452854
v 2.72836589 -0.92582255 2.12329411
v 2.75296282 -0.9200288 2.01104927
v 2.77350258 -0.91731321 1.89981603
v 2.78719592 -0.91893178 1.79192209
v 2.79345846 -0.92521899 1.68774926
v 2.79151439 -0.93629437 1.58810043
v 2.7811408 -0.95183253 1.49343633
v 2.76260733 -0.97124671 1.403957
v 2.73620533 -0.99382507 1.32002627
v 2.70259237 -1.0187937 1.24179792
v 2.66254735 -1.04545176 1.16936385
v 2.61688661 -1.07327258 1.10264158
v 2.56637072 -1.10191905 1.041363
v 2.51129627 -1.13100636 0.98569798
v 2.45268034 -1.1604495 0.93477553
v 2.3912363 -1.19020462 0.88811463
v 2.32748603 -1.22025275 0.84550172
v 2.16262221 -1.22974085 0.88686066
v 2.10054016 -1.26095974 0.85341972
v 2.03690505 -1.29286181 0.82427299
v 1.97232079 -1.32577681 0.7987858
v 1.90706265 -1.35998964 0.77680951
v 1.84120452 -1.39583337 0.75844311
v 1.77467405 -1.43364226 0.7439357
v 1.70749723 -1.47381961 0.73321789
v 1.63954365 -1.51656484 0.72647631
v 1.57062196 -1.56180834 0.72398978
v 1.50090992 -1.60952687 0.72531092
v 1.43048 -1.65903616 0.73040115
v 1.35965716 -1.70965778 0.73881721
v 1.28871262 -1.7605381 0.75033521
v 1.2178936 -1.81091713 0.76480019
v 1.14736986 -1.85989224 0.78226232
v 1.0773257 -1.90687584 0.80262166
v 1.00794184 -1.95090353 0.82593286
v 0.93948906 -1.9908421 0.85226279
v 0.87233704 -2.02641534 0.88135409
v 0.80684292 -2.05735349 0.91306644
v 0.74333751 -2.0832026 0.94742709
v 0.68207263 -2.10392165 0.98435175
v 0.62321293 -2.11948275 1.02376091
v 0.56682479 -2.12974882 1.06562423
v 0.51279491 -2.13509297 1.10975766
v 0.46095714 -2.13576173 1.15604019
v 0.41116771 -2.13213992 1.20430874
v 0.36335071 -2.12475514 1.25436151
v 0.31750726 -2.11391758 1.30608761
v 0.27363988 -2.09998202 1.35937607
v 0.23172728 -2.08335042 1.4141184
v 0.19171868 -2.06441021 1.47023248
v 0.15351927 -2.04357171 1.52764082
v 0.11698323 -2.02130866 1.58624625
v 0.08194333 -1.99805021 1.64595592
v 0.04824764 -1.97411978 1.70668661
v 0.01580083 -1.94972467 1.76834774
v -0.01539145 -1.92496979 1.83081638
v -0.04518169 -1.89985513 1.89393127
v -0.07326888 -1.87429976 1.95749616
v -0.099233 -1.84820294 2.02129411
v -0.12259855 -1.82148957 2.08511972
v -0.14290311 -1.79414236 2.14881539
v -0.15976014 -1.76624167 2.21228766
v -0.1728976 -1.7379775 2.27551293
v -0.18217743 -1.70964622 2.33853101
v -0.18759025 -1.68162238 2.40143656
v -0.18925912 -1.65435242 2.46435546
v -0.18720184 -1.62806963 2.52748751
v -0.18171112 -1.60328292 2.59098219
v -0.17302863 -1.58036756 2.65500664
v -0.16143758 -1.55969202 2.71970486
v -0.14702491 -1.5414114 2.78525304
v -0.13002592 -1.52579402 2.85175275
v -0.11063355 -1.51302886 2.919281
v -0.08889668 -1.50315785 2.98791265
v -0.06488923 -1.49620914 3.05767488
v -0.03864993 -1.4921441 3.12855839
v -0.01013101 -1.49082171 3.20052266
v 0.02094474 -1.49188399 3.27346944
v 0.05423424 -1.49534821 3.34718513
v 0.0896725 -1.50099933 3.42146825
v 0.12721931 -1.50856578 3.49608492
v 0.16683442 -1.51774323 3.57077431
v 0.2084876 -1.52819323 3.64525008
v 0.25217148 -1.53954219 3.7192049
v 0.29791635 -1.55137705 3.79230594
v 0.3458043 -1.56324243 3.86418509
v 0.39598065 -1.57463824 3.93442964
v 0.44865879 -1.58502781 4.0025773
v 0.50411307 -1.59385848 4.06812286
v 0.56265407 -1.60060346 4.13054943
v 0.62458628 -1.60482156 4.18937683
v 0.69017189 -1.60619199 4.24419784
v 0.75969857 -1.60435891 4.2945137
v 0.83429449 -1.59745013 4.33800649
v 0.91340744 -1.58629739 4.37497329
v 0.99668294 -1.57109332 4.40476369
v 1.08312964 -1.55291461 4.42759132
v 1.1718353 -1.53234875 4.44285202
v 1.26171541 -1.51012265 4.4501028
v 1.35182702 -1.48690938 4.44927167
v 1.44152855 -1.46315574 4.44059467
v 1.53030335 -1.43902957 4.42424869
v 1.61753463 -1.41452252 4.40029287
v 1.70256781 -1.38972687 4.36935615
v 1.78459692 -1.36466753 4.33194923
v 1.86285424 -1.33939921 4.2886796
v 1.93640065 -1.31388306 4.23972463
v 2.00464677 -1.28817355 4.18541145
v 2.06717753 -1.26232028 4.12581539
v 2.12397718 -1.2364552 4.06102705
v 2.17510008 -1.21072948 3.99090194
v 2.22047448 -1.18531167 3.91493296
v 2.26047372 -1.16051936 3.8327763
v 2.29533529 -1.13670873 3.74378776
v 2.32501864 -1.11428868 3.64688754
v 2.34962034 -1.09371376 3.54124808
v 2.36931824 -1.07525754 3.42684769
v 2.38494038 -1.05871117 3.30626082
v 2.39848327 -1.04334294 3.18597865
v 2.41198396 -1.02874982 3.07110285
v 2.42576336 -1.01479697 2.96126771
v 2.43954706 -1.00140428 2.85502028
v 2.45357823 -0.9886229 2.75257349
v 2.46838641 -0.97674459 2.65329456
v 2.48459363 -0.96601796 2.55612897
v 2.50232935 -0.95656567 2.45934891
v 2.52216291 -0.94749891 2.36077117
v 2.54390096 -0.93864101 2.25953364
v 2.56654763 -0.93052995 2.15608692
v 2.58873081 -0.92388176 2.05114913
v 2.60906076 -0.91934722 1.94547617
v 2.62400174 -0.91872537 1.84242236
v 2.63243269 -0.92252588 1.74250471
v 2.63346457 -0.93100571 1.64647984
v 2.62673592 -0.94397848 1.55483198
v 2.6122303 -0.96096801 1.46797955
v 2.59033656 -0.98127377 1.38616418
v 2.56154871 -1.0041852 1.30977046
v 2.52659368 -1.02903521 1.23899006
v 2.48620057 -1.05532801 1.17378783
v 2.44059133 -1.08269333 1.11456465
v 2.39085245 -1.11089098 1.06036138
v 2.33768749 -1.13977158 1.01069498
v 2.28154897 -1.16920185 0.96544766
v 2.22300577 -1.19915688 0.92429894
v 2.05711984 -1.2048707 0.97700297
v 1.99973034 -1.23607122 0.94561582
v 1.94112551 -1.26824629 0.91761481
v 1.88154208 -1.30154359 0.89297109
v 1.82107663 -1.33615541 0.87184101
v 1.7599107 -1.37239134 0.85409778
v 1.69799053 -1.41053295 0.83997744
v 1.63526785 -1.450814 0.82963734
v 1.57184422 -1.49347353 0.82286405
v 1.50760591 -1.53847193 0.81989121
v 1.44266593 -1.58565008 0.82054603
v 1.37725269 -1.63460159 0.82455396
v 1.31159973 -1.68463969 0.83175736
v 1.24591338 -1.7348901 0.84212714
v 1.18042933 -1.78486859 0.85536128
v 1.11526596 -1.8338449 0.87145495
v 1.05053997 -1.88088464 0.89050686
v 0.98647368 -1.92528712 0.91240853
v 0.9233542 -1.96612715 0.93715477
v 0.86152041 -2.00270199 0.9646821
v 0.80127662 -2.03488898 0.99475735
v 0.74287152 -2.06212735 1.02742493
v 0.6864565 -2.08449816 1.06251192
v 0.6321125 -2.10195899 1.09991538
v 0.57981896 -2.11478614 1.13944768
v 0.52949535 -2.12308549 1.18101859
v 0.48106363 -2.1268444 1.22458887
v 0.43447819 -2.12622618 1.27005851
v 0.38972199 -2.12162208 1.31725966
v 0.3468084 -2.11340713 1.36604738
v 0.30575639 -2.101902 1.41631829
v 0.26656621 -2.08742427 1.46799647
v 0.22920171 -2.07032966 1.52101743
v 0.1935743 -2.05105352 1.57530641
v 0.1595387 -2.03011155 1.63076627
v 0.12692363 -2.00796508 1.68731081
v 0.09556526 -1.98496472 1.74486851
v 0.06534671 -1.96134543 1.80336558
v 0.03624236 -1.93724668 1.86269676
v 0.00835853 -1.91272664 1.92271089
v -0.01805361 -1.88778328 1.98321378
v -0.04262208 -1.86237335 2.04399395
v -0.06490679 -1.83644008 2.10485744
v -0.08446409 -1.80995857 2.16565418
v -0.10091117 -1.78299093 2.22629022
v -0.11396854 -1.75570535 2.28673505
v -0.12347976 -1.72837066 2.34701585
v -0.12940809 -1.70133018 2.40721249
v -0.13180634 -1.67494988 2.46744585
v -0.13071027 -1.64949166 2.52788543
v -0.12635965 -1.62541651 2.58866834
v -0.11896933 -1.6030792 2.64994549
v -0.10878476 -1.58282053 2.71185112
v -0.09585548 -1.56475806 2.77454614
v -0.08042007 -1.54917752 2.83811593
v -0.06265365 -1.53626227 2.90263247
v -0.04257176 -1.52603197 2.9681673
v -0.02026902 -1.51853931 3.03474164
v 0.00423556 -1.51373732 3.10235333
v 0.03097576 -1.51149845 3.17096304
v 0.06021513 -1.51146614 3.24046182
v 0.09161306 -1.51367926 3.310678
v 0.12508763 -1.51794099 3.38142871
v 0.16058118 -1.52399611 3.45249676
v 0.19803459 -1.53155887 3.52363491
v 0.23739764 -1.54031157 3.59457159
v 0.27864164 -1.54990565 3.66501379
v 0.3217732 -1.55995833 3.73464417
v 0.36684727 -1.57005155 3.80311679
v 0.41397762 -1.57972991 3.87004637
v 0.46334189 -1.5885055 3.93500471
v 0.51517623 -1.59587109 3.99752044
v 0.56975656 -1.60133254 4.05709981
v 0.6273635 -1.60445499 4.11326646
v 0.68824428 -1.60490322 4.16559648
v 0.75259709 -1.60243117 4.21370983
v 0.8206616 -1.5966953 4.25702381
v 0.89317864 -1.58640682 4.29357957
v 0.96949631 -1.57243609 4.32374477
v 1.0491352 -1.55510664 4.34700822
v 1.13118243 -1.53527975 4.36343812
v 1.21476948 -1.51350069 4.37257862
v 1.29896295 -1.49029469 4.37400341
v 1.38294029 -1.46614587 4.36764049
v 1.46611893 -1.44145345 4.3539462
v 1.54800009 -1.41636431 4.33323192
v 1.62800407 -1.39091575 4.30572795
v 1.70539403 -1.36512947 4.27168989
v 1.77950215 -1.33912336 4.23177337
v 1.84948992 -1.31292557 4.18616581
v 1.91454875 -1.28659486 4.13498163
v 1.97441697 -1.26029324 4.07867622
v 2.02853179 -1.23410177 4.01685762
v 2.07699012 -1.20823121 3.94952869
v 2.11989235 -1.18291246 3.8763833
v 2.15710735 -1.158427 3.79659676
v 2.1889491 -1.13515293 3.70966029
v 2.21551775 -1.11349141 3.61474156
v 2.23657536 -1.09384238 3.51065087
v 2.25262689 -1.07629966 3.39795255
v 2.26482677 -1.06045246 3.27981686
v 2.27535963 -1.04560554 3.16255331
v 2.28648209 -1.03142333 3.05198478
v 2.29780888 -1.01770591 2.94669795
v 2.30846309 -1.0042752 2.84476351
v 2.31850385 -0.99152821 2.7471497
v 2.32856702 -0.98002827 2.65379691
v 2.3399043 -0.96958863 2.56358671
v 2.35308885 -0.96030068 2.47486496
v 2.36763215 -0.95173728 2.38501262
v 2.38396358 -0.94345271 2.29301238
v 2.40155005 -0.9356212 2.19863176
v 2.41952467 -0.92883151 2.10243701
v 2.43683338 -0.92356771 2.00493264
v 2.45186424 -0.92070245 1.90719628
v 2.46166396 -0.92196142 1.8122605
v 2.46527838 -0.92752343 1.72026288
v 2.46223092 -0.93738234 1.63160169
v 2.45213913 -0.95129829 1.54693555
v 2.434973 -0.96876835 1.46695029
v 2.41139411 -0.98903143 1.39183342
v 2.38199257 -1.01148271 1.32198524
v 2.34696626 -1.03574299 1.25808394
v 2.30716347 -1.06143355 1.19960749
v 2.26337575 -1.08830058 1.14596712
v 2.21593999 -1.11618113 1.09720909
v 2.16553115 -1.1449325 1.05280649
v 2.1125009 -1.17449557 1.01271355
v 1.94426024 -1.17844951 1.07953381
v 1.89259374 -1.20932185 1.0483936
v 1.83942163 -1.24126064 1.02083087
v 1.78509044 -1.27435684 0.99658966
v 1.72966408 -1.30876159 0.97589051
v 1.6733706 -1.34468984 0.95853257
v 1.61631047 -1.38238 0.9444924
v 1.55843174 -1.42198824 0.93404269
v 1.49988222 -1.46367692 0.92695862
v 1.44068336 -1.50745701 0.92330282
v 1.3809278 -1.55313468 0.92308616
v 1.32084131 -1.60035336 0.92610383
v 1.2606368 -1.64857459 0.93220663
v 1.20047891 -1.69713056 0.94135898
v 1.14052081 -1.74544429 0.95344436
v 1.08089888 -1.79297423 0.96833187
v 1.02175867 -1.83898532 0.98603475
v 0.96331644 -1.88267231 1.00654375
v 0.90584707 -1.92323482 1.02981841
v 0.84962827 -1.95996403 1.05580461
v 0.79487943 -1.99258804 1.08429944
v 0.74175226 -2.02079343 1.11519765
v 0.69032287 -2.044528 1.14834594
v 0.64060235 -2.06406974 1.18349289
v 0.59256494 -2.0794928 1.22052598
v 0.54617613 -2.09066271 1.25943613
v 0.50141316 -2.09753513 1.30017924
v 0.45827275 -2.10028457 1.34263587
v 0.41678121 -2.09904003 1.38671982
v 0.37697005 -2.09407305 1.43231105
v 0.33887192 -2.08563256 1.47932517
v 0.30250322 -2.07396197 1.52771043
v 0.26783797 -2.05941176 1.57740593
v 0.23479473 -2.04244303 1.6283319
v 0.20323988 -2.02356863 1.68040061
v 0.17301179 -2.00324463 1.73353958
v 0.14394809 -1.98183774 1.78768718
v 0.11592471 -1.95960629 1.8427813
v 0.08889808 -1.93673014 1.89872801
v 0.06294158 -1.91334557 1.95537662
v 0.03826353 -1.88952636 2.012537
v 0.01519263 -1.86526775 2.07001328
v -0.00586898 -1.8405267 2.12762999
v -0.0245072 -1.81528401 2.1852467
v -0.04035601 -1.78959715 2.24277186
v -0.05313922 -1.76362025 2.30016923
v -0.06268932 -1.73759806 2.35745668
v -0.06895128 -1.71184921 2.41469907
v -0.07190391 -1.6866399 2.47201585
v -0.07162255 -1.66230177 2.52953863
v -0.06829048 -1.63923215 2.58739423
v -0.06209002 -1.61775708 2.64571809
v -0.05321853 -1.59817576 2.70463275
v -0.04171572 -1.5805962 2.76427674
v -0.02780499 -1.56530141 2.82472276
v -0.01164599 -1.55247056 2.88603472
v 0.00677876 -1.54209697 2.94827461
v 0.02735225 -1.53426182 3.01145911
v 0.0500781 -1.52890527 3.07558703
v 0.07497175 -1.52591764 3.14061999
v 0.10228694 -1.5249474 3.20643639
v 0.13169457 -1.5260446 3.27290248
v 0.16309852 -1.52903163 3.33985543
v 0.19642832 -1.53367006 3.40709424
v 0.23161016 -1.53969299 3.47438764
v 0.2685776 -1.5468043 3.54147982
v 0.30728378 -1.5546807 3.60809183
v 0.34771433 -1.56297016 3.67392492
v 0.38989907 -1.5712918 3.73865532
v 0.43392124 -1.57923471 3.80192852
v 0.47992187 -1.58636128 3.86335134
v 0.52809596 -1.59221696 3.92249465
v 0.57867711 -1.59635388 3.97890186
v 0.63191103 -1.59836447 4.03211975
v 0.68802005 -1.59792029 4.08173227
v 0.74717384 -1.5947889 4.12737512
v 0.80947262 -1.5888282 4.16872739
v 0.8750112 -1.57985985 4.20530843
v 0.94430786 -1.5669496 4.23533439
v 1.01665365 -1.55095696 4.2592678
v 1.09161961 -1.53207266 4.27642297
v 1.16829323 -1.51113164 4.28706502
v 1.24592435 -1.48852157 4.29072809
v 1.32370865 -1.46466743 4.28715133
v 1.40091633 -1.43986535 4.27610588
v 1.47699129 -1.41453254 4.25835466
v 1.55141258 -1.38875031 4.23404121
v 1.62364625 -1.36263585 4.20362806
v 1.69309175 -1.33627021 4.16747999
v 1.75893247 -1.30968594 4.12550258
v 1.82047355 -1.28302383 4.07796335
v 1.87717557 -1.25644624 4.02506494
v 1.92865443 -1.2301315 3.96680283
v 1.97471094 -1.20428705 3.90298271
v 2.01509952 -1.17917382 3.83293628
v 2.050076 -1.15508961 3.75641059
v 2.07949543 -1.1324073 3.67236781
v 2.10363483 -1.11145567 3.58041667
v 2.12267971 -1.09247422 3.48032665
v 2.1370511 -1.07546317 3.37302994
v 2.14791631 -1.06008029 3.26174664
v 2.15693974 -1.04594373 3.15097403
v 2.16633009 -1.03275609 3.04606699
v 2.17548537 -1.01985359 2.94591641
v 2.18309497 -1.00657677 2.8487184
v 2.18883538 -0.99366176 2.75472927
v 2.19374537 -0.98279434 2.66529154
v 2.1999104 -0.972956 2.57998943
v 2.20848655 -0.96382653 2.49787259
v 2.21771669 -0.95541495 2.41583943
v 2.22799825 -0.94769859 2.33273696
v 2.23933816 -0.94050896 2.24793195
v 2.25141668 -0.93414437 2.16148161
v 2.26358246 -0.92899745 2.07364583
v 2.27489471 -0.92559152 1.98497152
v 2.28390765 -0.92460089 1.89623832
v 2.28910613 -0.92709541 1.80890119
v 2.28881883 -0.93375802 1.72424304
v 2.28264761 -0.9442678 1.64231431
v 2.27045178 -0.95833194 1.5637474
v 2.25223803 -0.97544831 1.48946631
v 2.22860384 -0.99498665 1.41994154
v 2.19946813 -1.01676559 1.35635983
v 2.16583609 -1.04030382 1.29788208
v 2.12822914 -1.06538176 1.24432623
v 2.08684325 -1.09188282 1.19593715
v 2.04207134 -1.11963737 1.15255618
v 1.99417483 -1.14856267 1.11424529
v 1.82513892 -1.15262556 1.19361877
v 1.77942919 -1.18252778 1.1621983
v 1.7319374 -1.21359825 1.13459277
v 1.68310189 -1.24582088 1.11032247
v 1.63306152 -1.2793101 1.08949744
v 1.58205127 -1.31419408 1.07192885
v 1.530218 -1.35063672 1.05756819
v 1.47761881 -1.38877284 1.04656529
v 1.42434191 -1.42867541 1.03897106
v 1.37053823 -1.47035431 1.03459465
v 1.31631767 -1.5136379 1.03349173
v 1.2618581 -1.55820035 1.0355916
v 1.20735037 -1.60364902 1.04067909
v 1.15293204 -1.6494714 1.04872393
v 1.09873533 -1.6951394 1.05969035
v 1.0449053 -1.74019026 1.07342088
v 0.99159973 -1.78399586 1.0898981
v 0.9390167 -1.82595098 1.10900807
v 0.88738 -1.86525201 1.13080227
v 0.8368889 -1.90130353 1.15517079
v 0.78768241 -1.93379402 1.18190085
v 0.73984479 -1.96253132 1.21081054
v 0.69341069 -1.98747146 1.2417171
v 0.64838051 -2.00874519 1.27442002
v 0.60474228 -2.02636671 1.30881249
v 0.56248873 -2.0401957 1.34487485
v 0.52162361 -2.05016923 1.38256037
v 0.48216787 -2.05628538 1.421808
v 0.44416454 -2.05851578 1.46257996
v 0.40765565 -2.0570054 1.50478792
v 0.37268099 -2.05192637 1.5483638
v 0.33926454 -2.04346799 1.59326827
v 0.30738559 -2.03198194 1.6394329
v 0.27697429 -2.01791095 1.6867814
v 0.24791617 -2.00172162 1.7352426
v 0.22006721 -1.98384749 1.78475451
v 0.19327904 -1.96465301 1.83526527
v 0.16743487 -1.94440829 1.88672208
v 0.14248476 -1.92334508 1.93902945
v 0.11848102 -1.90167069 1.9920367
v 0.09560021 -1.87950325 2.04556822
v 0.07413186 -1.85686349 2.09945178
v 0.05443614 -1.8337301 2.15353035
v 0.03688881 -1.81010246 2.20767545
v 0.02182834 -1.78604507 2.26179933
v 0.00951834 -1.76170396 2.31586432
v 0.00012972 -1.73730289 2.36988139
v -0.00627874 -1.71315193 2.42389845
v -0.00960866 -1.68939948 2.4780395
v -0.00999146 -1.66647875 2.53239035
v -0.00754538 -1.64470267 2.58707213
v -0.00241866 -1.62436497 2.6422038
v 0.00523802 -1.60572183 2.69789505
v 0.0153869 -1.5888834 2.7542591
v 0.027824 -1.57412266 2.81135535
v 0.04240923 -1.56160795 2.86923909
v 0.05918702 -1.55131125 2.92795682
v 0.07802084 -1.54333901 2.9875226
v 0.09893806 -1.53761589 3.04793191
v 0.12193 -1.53405785 3.10914683
v 0.14724725 -1.53231775 3.17103004
v 0.17457817 -1.53244948 3.23348355
v 0.20381531 -1.53429472 3.29636359
v 0.23487988 -1.53763306 3.3594861
v 0.26768791 -1.54221642 3.42263698
v 0.30216065 -1.54777157 3.48557686
v 0.33823639 -1.55400121 3.54804468
v 0.37588271 -1.56058406 3.6097598
v 0.41510656 -1.56717634 3.67042231
v 0.45596242 -1.57341086 3.72970747
v 0.49855569 -1.57890093 3.78726124
v 0.54303944 -1.58324801 3.84269833
v 0.5896027 -1.5860573 3.89560937
v 0.63845044 -1.58696365 3.94558
v 0.68977415 -1.58566069 3.99221587
v 0.74372255 -1.58192467 4.03516674
v 0.80037957 -1.57562029 4.07413196
v 0.85975194 -1.56669199 4.10884189
v 0.92177397 -1.55514276 4.13900041
v 0.98672992 -1.54043626 4.16318702
v 1.05422794 -1.52286827 4.18106889
v 1.12350845 -1.50314164 4.1929965
v 1.19400775 -1.48152172 4.19843912
v 1.26497542 -1.4584341 4.19723653
v 1.33571302 -1.43425953 4.18937063
v 1.40560603 -1.40928173 4.17491531
v 1.47408855 -1.38364279 4.15378093
v 1.54066538 -1.35760378 4.12674903
v 1.60480856 -1.33126163 4.09406042
v 1.66594767 -1.30472636 4.05593919
v 1.72347247 -1.2781229 4.0124607
v 1.77669811 -1.25161683 3.96338844
v 1.82522368 -1.22543394 3.90892815
v 1.86869525 -1.19981658 3.84882974
v 1.90692377 -1.17504859 3.78269934
v 1.93990755 -1.15142893 3.71011114
v 1.96764791 -1.12929046 3.63040351
v 1.99035799 -1.10890579 3.54332065
v 2.00858998 -1.09035646 3.44963812
v 2.02295899 -1.07363951 3.3508296
v 2.03434681 -1.05869472 3.24944472
v 2.04388117 -1.04543936 3.14856863
v 2.05275988 -1.03380942 3.05102157
v 2.06101441 -1.02310729 2.95761537
v 2.06738996 -1.01200079 2.86670184
v 2.07122349 -1.00034582 2.77781581
v 2.07332205 -0.98920792 2.69190406
v 2.07516145 -0.97880536 2.60919046
v 2.07695388 -0.9688934 2.52918338
v 2.07865071 -0.95951622 2.45161747
v 2.08328151 -0.95176005 2.37553668
v 2.08762836 -0.9448871 2.29942989
v 2.09267664 -0.93896782 2.22263908
v 2.09807992 -0.93429583 2.14511084
v 2.10338759 -0.93108326 2.06686663
v 2.10780334 -0.92959892 1.9880805
v 2.11050105 -0.93051576 1.90920448
v 2.11038065 -0.93415981 1.83063125
v 2.10670661 -0.94104981 1.75279092
v 2.09842038 -0.95176595 1.67704093
v 2.08501958 -0.96550148 1.60401296
v 2.06677222 -0.98183429 1.53479909
v 2.04371309 -1.00065088 1.47066569
v 2.01633381 -1.02164351 1.41159462
v 1.9848386 -1.04467523 1.35796368
v 1.94900989 -1.06982433 1.31083333
v 1.91026008 -1.09622407 1.26776444
v 1.86889171 -1.123829 1.22868275
v 1.70109891 -1.12888538 1.31928396
v 1.66148746 -1.15720903 1.28702724
v 1.61998951 -1.18676698 1.25863552
v 1.57699501 -1.2174499 1.2336359
v 1.53271639 -1.24932861 1.21205985
v 1.48736262 -1.28248536 1.1938709
v 1.44112837 -1.31700074 1.17894077
v 1.39416122 -1.3529731 1.16727316
v 1.34658014 -1.39045846 1.15895819
v 1.29852795 -1.42941367 1.15383708
v 1.25014078 -1.4696933 1.15188884
v 1.20157599 -1.51104164 1.15306341
v 1.15298581 -1.55313015 1.15722596
v 1.10450375 -1.59558141 1.16426587
v 1.05625796 -1.63797855 1.17411601
v 1.0083903 -1.67986667 1.18674433
v 0.96103966 -1.72076582 1.20198154
v 0.91437006 -1.76014137 1.21973562
v 0.86855161 -1.79739356 1.2399795
v 0.82371985 -1.83207857 1.26254546
v 0.77996295 -1.86392879 1.28720068
v 0.73733633 -1.89275133 1.31377911
v 0.69586342 -1.91845703 1.34211826
v 0.65555238 -1.94102406 1.37208342
v 0.61640524 -1.96037828 1.40359664
v 0.57842642 -1.97637438 1.43662524
v 0.54163008 -1.98890006 1.47113192
v 0.50604331 -1.99786639 1.50707602
v 0.47171139 -2.00317049 1.5444411
v 0.43867689 -2.00486183 1.58316254
v 0.4069775 -2.00305008 1.62318098
v 0.37663683 -1.99788725 1.66445887
v 0.3476381 -1.98968577 1.7069292
v 0.31992572 -1.97882258 1.75052869
v 0.2934063 -1.96569585 1.79520201
v 0.26795795 -1.95070588 1.8408941
v 0.24345666 -1.93418669 1.88756418
v 0.21980251 -1.91641843 1.93516016
v 0.19694939 -1.89768254 1.98357927
v 0.17494142 -1.87821769 2.03267955
v 0.15393289 -1.85815727 2.08230972
v 0.13417661 -1.83754563 2.13232064
v 0.11598792 -1.81639123 2.18257451
v 0.09969834 -1.79472041 2.23295617
v 0.08561138 -1.77261006 2.28338503
v 0.07397075 -1.75020206 2.33382439
v 0.06494008 -1.72770714 2.38427949
v 0.05860255 -1.70538461 2.43479418
v 0.05503182 -1.6834253 2.48546242
v 0.05413966 -1.66219818 2.53636145
v 0.05583931 -1.64198136 2.5875957
v 0.06001585 -1.6230365 2.63926696
v 0.06656397 -1.60557627 2.6914711
v 0.07543896 -1.58972632 2.74429345
v 0.08646502 -1.57573604 2.79778218
v 0.09952639 -1.5637567 2.85198164
v 0.11467297 -1.55375814 2.90692138
v 0.1317669 -1.54585468 2.9626131
v 0.15085862 -1.53995621 3.01904296
v 0.17190666 -1.53601253 3.07617807
v 0.19516652 -1.53367912 3.13386154
v 0.2203471 -1.53300845 3.19202542
v 0.24733251 -1.53386306 3.25054764
v 0.27603992 -1.53603935 3.30926084
v 0.30637958 -1.53930997 3.36796855
v 0.33826449 -1.54342532 3.42645049
v 0.37162175 -1.54811441 3.48446345
v 0.40640378 -1.55308818 3.54174876
v 0.4425975 -1.55803883 3.59802889
v 0.48023125 -1.56264245 3.6530106
v 0.51937717 -1.56656229 3.70637726
v 0.56014889 -1.56945478 3.75778937
v 0.60269218 -1.57098102 3.8068881
v 0.64716994 -1.5708251 3.85330557
v 0.69373965 -1.56871402 3.89668297
v 0.74252945 -1.56443953 3.93669056
v 0.79361462 -1.557868 3.9730401
v 0.84700274 -1.54894089 4.00548267
v 0.9026221 -1.53767001 4.0337944
v 0.96028506 -1.52416586 4.05784463
v 1.02009701 -1.50817096 4.07654428
v 1.08180463 -1.48981034 4.08929967
v 1.14472937 -1.4696089 4.09639883
v 1.20837485 -1.44778549 4.09739112
v 1.27210295 -1.4246844 4.092206
v 1.33529675 -1.4006114 4.08090686
v 1.39742147 -1.37578952 4.06355238
v 1.45798659 -1.35040473 4.04031753
v 1.51648855 -1.32458567 4.01112556
v 1.57240557 -1.29853773 3.97646641
v 1.62522971 -1.2724303 3.93659377
v 1.67446196 -1.24643826 3.89153432
v 1.71965086 -1.22076761 3.84122562
v 1.76042461 -1.19566214 3.78547596
v 1.79652476 -1.17140638 3.7239573
v 1.82776248 -1.14834678 3.65611839
v 1.85428249 -1.1267451 3.58199214
v 1.87646234 -1.10674142 3.50205802
v 1.89460849 -1.08859527 3.41668748
v 1.90951609 -1.07226061 3.32775712
v 1.92186474 -1.05794704 3.2369349
v 1.93251061 -1.04557442 3.14660549
v 1.94205844 -1.03513765 3.0584743
v 1.95032727 -1.02657115 2.97240734
v 1.95657074 -1.01816904 2.88724899
v 1.95996999 -1.00840437 2.8028779
v 1.96188116 -0.99766409 2.72056245
v 1.96256232 -0.98707115 2.6408801
v 1.96215653 -0.97687554 2.5637834
v 1.9604305 -0.96725332 2.48925304
v 1.95758581 -0.95841711 2.41742539
v 1.95431554 -0.95042437 2.34753131
v 1.95213878 -0.94433718 2.27878618
v 1.95054805 -0.93987023 2.21058607
v 1.94865858 -0.93671983 2.14283227
v 1.94640255 -0.9351679 2.07521963
v 1.94352459 -0.93541771 2.00744271
v 1.93964171 -0.9379217 1.93927621
v 1.93378269 -0.94277602 1.87088131
v 1.92554509 -0.95026767 1.80220019
v 1.91442632 -0.96053642 1.73355758
v 1.89991867 -0.97351867 1.66569125
v 1.88202726 -0.98903125 1.60080909
v 1.86037278 -1.00774216 1.54180896
v 1.83479344 -1.02883601 1.48845374
v 1.80570292 -1.05161845 1.43974781
v 1.77352225 -1.07593619 1.39540612
v 1.73858857 -1.101709 1.35520899
v 1.57601368 -1.10848546 1.45378959
v 1.54234802 -1.13471627 1.42029178
v 1.50686407 -1.16225767 1.39071607
v 1.46981298 -1.19091868 1.36475276
v 1.43145167 -1.22070074 1.34233033
v 1.39200258 -1.25164544 1.32339465
v 1.35164523 -1.28376555 1.30777478
v 1.31057202 -1.31716024 1.29549574
v 1.26892316 -1.35182988 1.28648567
v 1.22684097 -1.38772368 1.28067195
v 1.18445813 -1.42470264 1.27796661
v 1.14191508 -1.46256566 1.27828788
v 1.09933698 -1.5010488 1.28149581
v 1.05685293 -1.5398637 1.28750908
v 1.01458478 -1.57867837 1.29623925
v 0.97265839 -1.61711871 1.30760777
v 0.93119347 -1.65478324 1.32144939
v 0.89031744 -1.69124257 1.33762669
v 0.85015785 -1.72607159 1.35602879
v 0.81081819 -1.75892615 1.37649786
v 0.77236354 -1.78956151 1.3988322
v 0.73483264 -1.81778991 1.42286145
v 0.69824987 -1.84347224 1.4484626
v 0.66263651 -1.86649262 1.47556328
v 0.62800401 -1.88672089 1.50410842
v 0.59435737 -1.90401566 1.53404319
v 0.56171107 -1.91823494 1.5653305
v 0.53008848 -1.92925453 1.59793293
v 0.49952989 -1.93694281 1.63184177
v 0.47007235 -1.9412831 1.66701102
v 0.44174659 -1.94233727 1.70338809
v 0.41457051 -1.94022119 1.74093544
v 0.38853004 -1.9351803 1.77959334
v 0.36358273 -1.92750644 1.81931448
v 0.33965498 -1.91752755 1.86005389
v 0.31665054 -1.90559005 1.90176332
v 0.29447439 -1.89198613 1.94441092
v 0.2730481 -1.87700164 1.9879378
v 0.25233784 -1.86093449 2.03223896
v 0.23238855 -1.84401691 2.07719183
v 0.21333749 -1.82638549 2.12266874
v 0.19540271 -1.80810642 2.16854429
v 0.17885437 -1.78921985 2.21469998
v 0.16397729 -1.76977801 2.26103448
v 0.15103578 -1.74987149 2.30747866
v 0.14024564 -1.72964298 2.3539977
v 0.13174921 -1.70930719 2.40058994
v 0.12565577 -1.68905913 2.44730138
v 0.12200836 -1.66913676 2.4941957
v 0.1207607 -1.64983916 2.54134416
v 0.12185445 -1.63141107 2.58883452
v 0.12520682 -1.61408197 2.63675093
v 0.13075198 -1.5980277 2.68517398
v 0.13843882 -1.58338928 2.73416328
v 0.14812375 -1.57038521 2.78375577
v 0.15971863 -1.55914402 2.83398437
v 0.17325751 -1.54965484 2.88486027
v 0.18862021 -1.54201901 2.93639564
v 0.20587858 -1.53613448 2.9885602
v 0.22495167 -1.53198981 3.04133343
v 0.24610656 -1.5292443 3.09453439
v 0.26907381 -1.52794516 3.14812088
v 0.29373171 -1.52797484 3.20199203
v 0.31999743 -1.5291481 3.25599837
v 0.34777948 -1.5312587 3.30996227
v 0.37698659 -1.53408122 3.36368274
v 0.40753856 -1.53737258 3.41693806
v 0.4393759 -1.54087531 3.469491
v 0.47246885 -1.54431831 3.52108979
v 0.50682282 -1.54741978 3.57147049
v 0.5424807 -1.54989063 3.62035322
v 0.57952076 -1.55143916 3.66744279
v 0.6180495 -1.55178117 3.71242928
v 0.65819025 -1.55065047 3.75499463
v 0.7000665 -1.5478146 3.79482388
v 0.74378293 -1.54308891 3.83161926
v 0.78940624 -1.53634762 3.86510968
v 0.83694988 -1.52752614 3.89505505
v 0.88636398 -1.51661789 3.92123985
v 0.93753063 -1.50366616 3.94345808
v 0.99027627 -1.48874032 3.96146392
v 1.04430389 -1.47200882 3.9751482
v 1.0995531 -1.4534136 3.98355269
v 1.15563356 -1.4331659 3.9863305
v 1.21199607 -1.41156649 3.98346686
v 1.26805472 -1.38891387 3.97515344
v 1.32340991 -1.36535739 3.96095895
v 1.37752437 -1.34115612 3.94127392
v 1.42996096 -1.31648218 3.91625428
v 1.48031282 -1.29149329 3.88581299
v 1.52812242 -1.2663815 3.850286
v 1.57294845 -1.24134635 3.80939793
v 1.61436712 -1.21661233 3.76335048
v 1.65204644 -1.19240653 3.71219444
v 1.68574416 -1.16899156 3.65575051
v 1.7153325 -1.14665651 3.59388566
v 1.74085199 -1.12569701 3.52666425
v 1.7625463 -1.10634875 3.45456647
v 1.78082966 -1.08871221 3.37857842
v 1.79620337 -1.07297492 3.29972434
v 1.80919289 -1.0594201 3.21920824
v 1.82039737 -1.04800856 3.13871908
v 1.83022368 -1.0385369 3.05949354
v 1.83852148 -1.0309056 2.98135757
v 1.84470701 -1.02416431 2.90362191
v 1.84857797 -1.01691484 2.82608509
v 1.85013628 -1.00792563 2.74871325
v 1.85041821 -0.997864 2.67266225
v 1.84924733 -0.98790317 2.59841084
v 1.84682059 -0.97814965 2.52645802
v 1.84318006 -0.96879077 2.45687842
v 1.83772051 -0.96089971 2.39043903
v 1.83105433 -0.95384824 2.32666015
v 1.82375335 -0.94818025 2.26508355
v 1.81624758 -0.94437348 2.20513796
v 1.80846417 -0.94245713 2.1465013
v 1.80022168 -0.94242143 2.08884048
v 1.79084134 -0.94397497 2.03203344
v 1.78049862 -0.94750565 1.97522866
v 1.76884162 -0.95315933 1.91798389
v 1.75576674 -0.96118378 1.85995078
v 1.74091959 -0.97155356 1.80125212
v 1.7249124 -0.98469466 1.74137592
v 1.70677173 -1.00031161 1.68306767
v 1.68615555 -1.01821649 1.62857079
v 1.66274619 -1.03815543 1.57840871
v 1.63645935 -1.05995583 1.53265035
v 1.6074717 -1.08348286 1.49115932
v 1.45624482 -1.09318268 1.59083688
v 1.42773163 -1.11716139 1.55708527
v 1.39766013 -1.14239776 1.52709996
v 1.36620712 -1.16875195 1.50078773
v 1.33356666 -1.19617354 1.47806525
v 1.29986989 -1.22459304 1.45879352
v 1.26532089 -1.25406312 1.44287467
v 1.23009979 -1.2846291 1.43024671
v 1.19433414 -1.31625413 1.42079043
v 1.15816116 -1.34888434 1.41442596
v 1.12170577 -1.38240456 1.41105938
v 1.0850836 -1.41664707 1.41058099
v 1.0483998 -1.45140028 1.4128499
v 1.01176023 -1.48642849 1.41774797
v 0.97528052 -1.52147793 1.42517685
v 0.93907678 -1.55626404 1.43503725
v 0.90326046 -1.59047293 1.44719469
v 0.86793774 -1.62377309 1.46150505
v 0.83320838 -1.6558429 1.47783017
v 0.79915243 -1.68640148 1.49601972
v 0.76582002 -1.71521854 1.51589727
v 0.73323923 -1.74210727 1.53730094
v 0.70143491 -1.76691269 1.56012284
v 0.67043739 -1.78949427 1.58431875
v 0.64026308 -1.80970132 1.60984742
v 0.61091715 -1.82738459 1.63665318
v 0.58240973 -1.84239327 1.66469478
v 0.55475616 -1.8545953 1.69393062
v 0.52798694 -1.86386489 1.7243458
v 0.50213134 -1.87014901 1.75590777
v 0.47721287 -1.87346494 1.78857708
v 0.45324203 -1.8738923 1.82231557
v 0.43020618 -1.87160599 1.85707259
v 0.40807342 -1.86682081 1.89281213
v 0.38678807 -1.85979759 1.92949438
v 0.36628094 -1.8508147 1.9670819
v 0.34648475 -1.84012615 2.00554204
v 0.32734289 -1.82800853 2.04480838
v 0.30883866 -1.81473445 2.08478617
v 0.29102164 -1.80051064 2.12537431
v 0.27401426 -1.78547024 2.16646957
v 0.25800198 -1.7696973 2.20796728
v 0.24321164 -1.75325644 2.24976825
v 0.22988095 -1.73622167 2.2917881
v 0.21823142 -1.71869754 2.33396697
v 0.2084431 -1.70083606 2.37627339
v 0.2006289 -1.68285739 2.41869974
v 0.19494028 -1.66486513 2.46130323
v 0.19136865 -1.64716446 2.50411415
v 0.18991111 -1.62997818 2.54719853
v 0.19053567 -1.61351859 2.59062957
v 0.19318918 -1.59798371 2.63447618
v 0.19783207 -1.58352589 2.67879819
v 0.20441556 -1.5702908 2.72363615
v 0.21282897 -1.55846142 2.76901602
v 0.22301247 -1.54814243 2.81495642
v 0.23497781 -1.53934848 2.86145758
v 0.24864278 -1.53214788 2.90852284
v 0.26407605 -1.52644968 2.95610833
v 0.28115397 -1.52228105 3.00421452
v 0.30012801 -1.5193324 3.05265212
v 0.32082521 -1.5175842 3.10136294
v 0.34308493 -1.5169667 3.150285
v 0.36682751 -1.51731348 3.19928622
v 0.39196342 -1.51843953 3.24820828
v 0.41840124 -1.52014482 3.2968707
v 0.44605705 -1.52221465 3.34507513
v 0.47486347 -1.52442359 3.39260745
v 0.50477767 -1.52653682 3.4392426
v 0.53578609 -1.52831304 3.4847455
v 0.56790703 -1.52950823 3.52887201
v 0.60118877 -1.52987909 3.57136821
v 0.63570421 -1.52919089 3.61196899
v 0.67154187 -1.52722585 3.65040564
v 0.70879346 -1.52379226 3.68640923
v 0.74753958 -1.51873505 3.71972012
v 0.78783518 -1.51194334 3.75009584
v 0.82969641 -1.50335288 3.7773137
v 0.87309128 -1.49294602 3.80116748
v 0.9179331 -1.48074615 3.82146024
v 0.96407836 -1.46681213 3.837996
v 1.01131844 -1.45123958 3.8505938
v 1.0593971 -1.43413949 3.85905051
v 1.10793924 -1.41568291 3.86336565
v 1.15685808 -1.39588952 3.86256218
v 1.20567131 -1.37499654 3.85674452
v 1.25399816 -1.35318589 3.84571957
v 1.30145454 -1.3306458 3.82938051
v 1.3475461 -1.30757927 3.80824279
v 1.39203071 -1.28415119 3.78180789
v 1.43444514 -1.26055038 3.75064873
v 1.47445011 -1.23696076 3.71470713
v 1.51171755 -1.21359562 3.67391657
v 1.54594636 -1.19066929 3.62837863
v 1.57692492 -1.16842269 3.57809782
v 1.60453403 -1.14713013 3.52311015
v 1.62877297 -1.12710046 3.46358871
v 1.64975333 -1.10876298 3.39965224
v 1.66773891 -1.09218168 3.33248662
v 1.68311631 -1.07744395 3.26313495
v 1.69626486 -1.06478011 3.19240784
v 1.7075119 -1.05422163 3.12134051
v 1.71705448 -1.04569256 3.05057883
v 1.72492682 -1.03878128 2.98034906
v 1.73087239 -1.03292644 2.91003823
v 1.73464202 -1.02696526 2.84012794
v 1.73612284 -1.02016592 2.77031827
v 1.73612511 -1.01191902 2.7012844
v 1.73462915 -1.00277948 2.63202214
v 1.73176753 -0.99355518 2.56350922
v 1.72755432 -0.98459565 2.4972167
v 1.72208929 -0.97605979 2.43341803
v 1.71550476 -0.96826481 2.37209677
v 1.70772242 -0.96243733 2.31375026
v 1.69899594 -0.9579733 2.25797987
v 1.68924307 -0.95493853 2.20445871
v 1.6785103 -0.95362639 2.15275549
v 1.66675448 -0.95405858 2.10253977
v 1.65373301 -0.95629233 2.05377626
v 1.6393429 -0.96034234 2.00612425
v 1.62363755 -0.96637159 1.9585756
v 1.60653102 -0.97439551 1.91101491
v 1.58943104 -0.98509341 1.86159336
v 1.57102859 -0.99792408 1.81170141
v 1.55143392 -1.01299083 1.76221597
v 1.53056073 -1.03025913 1.71438252
v 1.50769519 -1.04945635 1.6696614
v 1.48297619 -1.07056748 1.62837386
v 1.34771072 -1.08608186 1.72402668
v 1.32313036 -1.10773694 1.69242894
v 1.29752004 -1.13055658 1.66402149
v 1.27084922 -1.15434062 1.63885951
v 1.24325823 -1.17909109 1.61695945
v 1.21475851 -1.2046715 1.5982331
v 1.18557262 -1.23119843 1.58266532
v 1.15581572 -1.25865685 1.57017326
v 1.125579 -1.28698527 1.56064105
v 1.09495544 -1.31610119 1.55395698
v 1.0640521 -1.34591269 1.55002486
v 1.03297507 -1.37629997 1.54874801
v 1.00182592 -1.40711534 1.55001938
v 0.97070187 -1.43818247 1.55372893
v 0.93970191 -1.46930384 1.55977034
v 0.90892577 -1.50025928 1.56803298
v 0.87847 -1.53080654 1.57839167
v 0.84842121 -1.56068694 1.59070754
v 0.81885719 -1.58964622 1.60484182
v 0.78983932 -1.61744809 1.62065315
v 0.76140701 -1.64388346 1.63798987
v 0.73358434 -1.66877234 1.65671229
v 0.70639854 -1.69196593 1.6767286
v 0.67988097 -1.71332621 1.69799768
v 0.65404498 -1.7327038 1.72047567
v 0.62889635 -1.74995017 1.74411273
v 0.60443991 -1.76491951 1.76886534
v 0.58068496 -1.77748394 1.79469263
v 0.55765163 -1.78753161 1.82157266
v 0.53535944 -1.79499757 1.84947705
v 0.51382553 -1.79986953 1.8783766
v 0.4930531 -1.80219566 1.90823292
v 0.47303271 -1.80208957 1.9390068
v 0.45374065 -1.79970443 1.97066736
v 0.43513807 -1.79523778 2.00318002
v 0.41718035 -1.7889024 2.03651523
v 0.39982137 -1.78092026 2.07063221
v 0.38302558 -1.7715348 2.10546445
v 0.36679387 -1.76097154 2.14093446
v 0.35117983 -1.74940419 2.1769638
v 0.33629226 -1.73695814 2.21346974
v 0.32228559 -1.72372782 2.25036764
v 0.30934554 -1.70979225 2.28757762
v 0.29766267 -1.69524455 2.32502889
v 0.28741377 -1.68020212 2.3626728
v 0.27874171 -1.66482043 2.4004817
v 0.27176365 -1.64926552 2.43845868
v 0.26658663 -1.63368749 2.47663855
v 0.26322427 -1.61832511 2.51505112
v 0.2616885 -1.60337007 2.55375099
v 0.26197102 -1.58900165 2.59279608
v 0.26403787 -1.57539439 2.63223862
v 0.26787623 -1.56267654 2.67212176
v 0.27343821 -1.55099332 2.71246981
v 0.28064665 -1.54049181 2.75329756
v 0.28947049 -1.53125131 2.79461097
v 0.29989603 -1.5233109 2.83640265
v 0.31188923 -1.51670014 2.87866139
v 0.32546544 -1.51137757 2.92135095
v 0.3405382 -1.50734376 2.96446776
v 0.35729703 -1.50435984 3.00783824
v 0.37566793 -1.50234293 3.05136966
v 0.39545804 -1.50126242 3.09504294
v 0.41659349 -1.50097119 3.13874363
v 0.43899005 -1.50130677 3.18233251
v 0.4625597 -1.50209403 3.22565174
v 0.48721873 -1.50314772 3.26852583
v 0.51289588 -1.50427389 3.31076717
v 0.53953921 -1.50527334 3.35217666
v 0.56712114 -1.50594353 3.39254999
v 0.59564024 -1.50608193 3.43167638
v 0.62512064 -1.50549006 3.46933865
v 0.65560746 -1.50397813 3.5053153
v 0.68716043 -1.50137126 3.53938055
v 0.71984386 -1.49751651 3.57131099
v 0.7537164 -1.49228894 3.60088706
v 0.78881937 -1.48559665 3.6279006
v 0.82516747 -1.47738277 3.65215516
v 0.86273986 -1.46762538 3.67346406
v 0.90147429 -1.45633518 3.69164562
v 0.94126266 -1.44355273 3.70652365
v 0.98194795 -1.42934489 3.7179234
v 1.02332806 -1.41379833 3.72567081
v 1.06515026 -1.3970189 3.72961831
v 1.1071453 -1.37911379 3.72957396
v 1.14900589 -1.36021351 3.72541022
v 1.19037139 -1.34045159 3.71717834
v 1.23111784 -1.31996595 3.70416832
v 1.27085578 -1.29892027 3.68663072
v 1.30932545 -1.27749943 3.66442894
v 1.34621512 -1.25588548 3.63767075
v 1.38116705 -1.23422575 3.60669159
v 1.41398727 -1.21276879 3.57116293
v 1.44435119 -1.19164991 3.53157115
v 1.47212791 -1.17114889 3.48774862
v 1.49718725 -1.15148568 3.43996238
v 1.51952123 -1.13299822 3.38827514
v 1.53918671 -1.11602771 3.3329606
v 1.55630731 -1.10078322 3.27472615
v 1.57108235 -1.08732819 3.21452474
v 1.58375954 -1.07571423 3.15316963
v 1.59454858 -1.06606543 3.09112715
v 1.60354828 -1.0582385 3.02893543
v 1.6107459 -1.05186617 2.96690511
v 1.61603045 -1.04673016 2.90426874
v 1.61931896 -1.04179346 2.84170866
v 1.62058591 -1.03640639 2.77948379
v 1.61994767 -1.03022646 2.71782445
v 1.61765682 -1.02319181 2.65683364
v 1.61413919 -1.01548004 2.59616875
v 1.60977172 -1.00688779 2.53625035
v 1.60431706 -0.99887603 2.4765985
v 1.59780621 -0.99098789 2.41927647
v 1.59040427 -0.98357492 2.36427044
v 1.58220458 -0.97770392 2.31171846
v 1.57317054 -0.97339826 2.26142025
v 1.56310117 -0.97081017 2.21324038
v 1.55177378 -0.97027635 2.16720914
v 1.53919374 -0.97109115 2.12271523
v 1.52527284 -0.97346144 2.07965374
v 1.50999093 -0.97738641 2.03783893
v 1.49332058 -0.98319643 1.99692177
v 1.47546815 -0.99170088 1.95626962
v 1.45643246 -1.00232243 1.91560471
v 1.43626642 -1.01496493 1.87508738
v 1.41539919 -1.02989983 1.83492016
v 1.3937602 -1.04691171 1.79582262
v 1.37124192 -1.06573736 1.75862848
v 1.25193548 -1.09072172 1.8525598
v 1.23060691 -1.10958552 1.82500875
v 1.20869064 -1.12950193 1.79984104
v 1.18609798 -1.15029656 1.77723872
v 1.16284275 -1.17191147 1.75730824
v 1.13891232 -1.194247 1.74006414
v 1.11443066 -1.21734881 1.72552025
v 1.0895003 -1.24122178 1.71364879
v 1.06420731 -1.26583373 1.7043935
v 1.0386244 -1.29111766 1.6976782
v 1.01282501 -1.31698668 1.69342017
v 0.9868865 -1.34334015 1.6915363
v 0.96089118 -1.37006378 1.69193923
v 0.93491965 -1.3970232 1.69453465
v 0.9090535 -1.42406392 1.69922268
v 0.88337403 -1.45101487 1.7058978
v 0.85795927 -1.47768783 1.71444463
v 0.83287692 -1.50387835 1.72473597
v 0.80818587 -1.52938163 1.73664391
v 0.78393298 -1.55400145 1.75004077
v 0.76015311 -1.57755971 1.76480257
v 0.73686975 -1.59989523 1.78081691
v 0.71411007 -1.62087309 1.79800784
v 0.69189697 -1.64036226 1.81632566
v 0.67023718 -1.65822243 1.83571803
v 0.649136 -1.67431902 1.85614144
v 0.62859427 -1.68852067 1.87755215
v 0.60861849 -1.70071244 1.89991498
v 0.58921945 -1.71079659 1.92320263
v 0.57040798 -1.71870791 1.94738781
v 0.55219519 -1.7244215 1.97244465
v 0.53457957 -1.72795939 1.9983375
v 0.51755863 -1.72939074 2.02504015
v 0.50111442 -1.72882187 2.05252122
v 0.48522198 -1.72639381 2.08075141
v 0.46985268 -1.72227013 2.10969924
v 0.4549767 -1.71663558 2.13931965
v 0.44057926 -1.70968401 2.16955661
v 0.42667555 -1.70159006 2.20035219
v 0.41332012 -1.69249594 2.23164629
v 0.40060725 -1.6825149 2.2633748
v 0.38866114 -1.67174482 2.29546952
v 0.37762662 -1.66027557 2.32786583
v 0.36765092 -1.64820778 2.36050987
v 0.35886913 -1.63566207 2.3933618
v 0.35138824 -1.62278902 2.42640018
v 0.3453508 -1.6096847 2.45964622
v 0.34078848 -1.59656095 2.49310326
v 0.337747 -1.58358311 2.52680611
v 0.33624875 -1.57091295 2.56079864
v 0.3363018 -1.5587002 2.59512329
v 0.33786615 -1.54711496 2.62981987
v 0.34100174 -1.53621959 2.66491437
v 0.34561803 -1.52619016 2.7004199
v 0.35168513 -1.51712524 2.73634219
v 0.35919249 -1.50908601 2.77267503
v 0.36810573 -1.50212752 2.80940914
v 0.37842792 -1.49625206 2.84651827
v 0.39014279 -1.49144613 2.88397455
v 0.40319702 -1.48769056 2.92176461
v 0.41768923 -1.48483395 2.95976352
v 0.43367207 -1.48272311 2.99781274
v 0.45091491 -1.48136401 3.03594303
v 0.46935164 -1.48062956 3.07405567
v 0.48890581 -1.48038005 3.11203312
v 0.50949609 -1.480466 3.14973926
v 0.53104269 -1.48073005 3.18702387
v 0.55347472 -1.48101019 3.22372484
v 0.57673585 -1.48114132 3.25967216
v 0.60078895 -1.48095774 3.29469108
v 0.62561845 -1.48029518 3.32860326
v 0.65123009 -1.4789952 3.36122679
v 0.67764735 -1.47690808 3.39237809
v 0.704907 -1.47389698 3.42187166
v 0.73305124 -1.46984338 3.44952392
v 0.76212 -1.46465015 3.47515583
v 0.79214233 -1.45824492 3.49859333
v 0.82312887 -1.45058155 3.5196712
v 0.85506528 -1.44163942 3.53822779
v 0.88790667 -1.43142211 3.55410575
v 0.92157387 -1.41995632 3.5671482
v 0.95595079 -1.40728902 3.57719826
v 0.99088478 -1.39348363 3.58410096
v 1.02618575 -1.37861883 3.58771371
v 1.06163716 -1.36278426 3.5878973
v 1.09700918 -1.34608018 3.58450245
v 1.13204741 -1.32861685 3.57745003
v 1.16651666 -1.31050765 3.56662297
v 1.20016038 -1.29187703 3.55202794
v 1.23275065 -1.27286601 3.53363251
v 1.26403915 -1.25360345 3.51153278
v 1.29386007 -1.23429179 3.48554396
v 1.32202434 -1.21514821 3.45558667
v 1.34829008 -1.19633221 3.42193913
v 1.37250185 -1.17805159 3.3847239
v 1.39455008 -1.16051578 3.34415054
v 1.41443979 -1.14411747 3.30010294
v 1.43215489 -1.12908279 3.25300884
v 1.44773995 -1.11557519 3.20344996
v 1.46129274 -1.10368084 3.15209841
v 1.47294366 -1.09344148 3.09955
v 1.48281145 -1.0849477 3.04609751
v 1.49094569 -1.07799804 2.99221849
v 1.49733543 -1.07229304 2.93816208
v 1.50192785 -1.06755363 2.88373708
v 1.5046873 -1.06319356 2.82921099
v 1.50564575 -1.05871808 2.77482414
v 1.50489461 -1.05378031 2.72088766
v 1.50258207 -1.04826748 2.66758561
v 1.49893271 -1.04222965 2.61493945
v 1.4941796 -1.03573679 2.56306552
v 1.48838317 -1.02914106 2.51202106
v 1.48165082 -1.02236831 2.46230769
v 1.47420442 -1.01557922 2.41392254
v 1.46621143 -1.00938963 2.36700654
v 1.45760846 -1.00423753 2.32175517
v 1.44819438 -1.00035321 2.27820706
v 1.43784165 -0.99801576 2.23635888
v 1.42641782 -0.99715566 2.19601154
v 1.41381585 -0.99783682 2.15703034
v 1.39993464 -1.00003671 2.11928486
v 1.38474094 -1.00397837 2.08270669
v 1.36863327 -1.01091611 2.04742622
v 1.35127842 -1.01975619 2.01296114
v 1.33275294 -1.03039455 1.97915113
v 1.31332778 -1.04285538 1.94596111
v 1.29334676 -1.05722999 1.91350102
v 1.27286195 -1.07323384 1.88219928
v 1.16767334 -1.10782527 1.97880721
v 1.14936232 -1.12325263 1.95584225
v 1.130777 -1.13972508 1.9346255
v 1.11173725 -1.15695405 1.91532707
v 1.0922575 -1.17490387 1.89808356
v 1.07236766 -1.1935507 1.88297867
v 1.05213487 -1.21290099 1.87006342
v 1.03161275 -1.23293137 1.85935258
v 1.01085376 -1.25360083 1.85083282
v 0.98990565 -1.27484846 1.8444674
v 0.96881508 -1.29659616 1.84020221
v 0.94763642 -1.31876015 1.83797657
v 0.9264307 -1.34124851 1.83772301
v 0.90526008 -1.36395621 1.83936584
v 0.88418906 -1.38676476 1.84282183
v 0.86327934 -1.40953862 1.84799933
v 0.8425889 -1.43212974 1.85479736
v 0.82216912 -1.45437741 1.86310732
v 0.80206537 -1.47612106 1.87281978
v 0.78231334 -1.49720215 1.8838272
v 0.76294583 -1.51747834 1.89603388
v 0.7439832 -1.5368123 1.90934932
v 0.72544097 -1.55507731 1.9237014
v 0.70733296 -1.57215464 1.93903577
v 0.68966513 -1.58792483 1.95530235
v 0.67243975 -1.60227227 1.97246027
v 0.65565449 -1.61508441 1.99046886
v 0.63931387 -1.62626457 2.0092976
v 0.62342274 -1.6357299 2.0289185
v 0.60798704 -1.64342224 2.04930543
v 0.59301358 -1.64931285 2.07043385
v 0.57849901 -1.65340566 2.09227299
v 0.56444609 -1.6557393 2.11480355
v 0.55084216 -1.6563847 2.13799643
v 0.53766727 -1.65544235 2.16181778
v 0.5249024 -1.65303564 2.18623375
v 0.51253563 -1.6493045 2.21120715
v 0.50056994 -1.64439129 2.23669982
v 0.48902863 -1.6384288 2.26266717
v 0.47796118 -1.63153314 2.28906321
v 0.46744427 -1.62380468 2.31583643
v 0.45757436 -1.61533451 2.34293603
v 0.44845983 -1.60621333 2.37031292
v 0.44020837 -1.59654033 2.39792656
v 0.43291711 -1.58642971 2.42574644
v 0.42671912 -1.57596671 2.45377779
v 0.42165628 -1.56531572 2.48200845
v 0.41778507 -1.55461776 2.51045441
v 0.41515445 -1.54400551 2.53914523
v 0.41378939 -1.53361463 2.56811189
v 0.41369953 -1.52357506 2.59738564
v 0.41487303 -1.51401674 2.62699317
v 0.41735708 -1.50501191 2.65694856
v 0.42109695 -1.49668896 2.68725752
v 0.42608416 -1.4891237 2.71791553
v 0.43230396 -1.4823749 2.74891161
v 0.43972215 -1.47649312 2.78023648
v 0.448372 -1.47146427 2.81184935
v 0.45820844 -1.46729457 2.84373569
v 0.46920666 -1.4639523 2.87587165
v 0.48142126 -1.46133506 2.90816116
v 0.49491205 -1.45931196 2.94045734
v 0.50951987 -1.45785236 2.97276067
v 0.52515506 -1.45686781 3.00501442
v 0.5417512 -1.45624148 3.03712081
v 0.55923616 -1.45584952 3.06896615
v 0.57753789 -1.45556271 3.10042572
v 0.59658962 -1.45524942 3.13136482
v 0.61633533 -1.45477688 3.16164207
v 0.63673359 -1.45401299 3.19111251
v 0.65775996 -1.45282936 3.21962952
v 0.67940753 -1.45110285 3.24704456
v 0.70168417 -1.44871878 3.27320838
v 0.72460943 -1.44557356 3.29797244
v 0.7482084 -1.44157779 3.32118988
v 0.77250641 -1.43665933 3.34271645
v 0.79752212 -1.43076348 3.36241364
v 0.82326233 -1.42385542 3.38014578
v 0.84971606 -1.41591835 3.39578127
v 0.87685132 -1.40695333 3.40918779
v 0.90461081 -1.3969779 3.42023372
v 0.9329105 -1.38602447 3.4287858
v 0.96163839 -1.37413871 3.43471241
v 0.99065482 -1.36137807 3.43788719
v 1.01979839 -1.3478111 3.43818903
v 1.04889333 -1.33351624 3.43550062
v 1.07775008 -1.31858086 3.42973327
v 1.10617601 -1.30310022 3.42082333
v 1.13397669 -1.28718018 3.4087429
v 1.16097164 -1.27094197 3.39345741
v 1.18697738 -1.25451421 3.37497806
v 1.21182477 -1.23804473 3.35330033
v 1.23534095 -1.2216866 3.32848286
v 1.25736939 -1.2056061 3.30062198
v 1.27779185 -1.18999993 3.2697916
v 1.2965244 -1.17508494 3.23609757
v 1.31352543 -1.16110646 3.19966125
v 1.32878327 -1.14829802 3.16070461
v 1.34230589 -1.13680124 3.11964631
v 1.35413277 -1.12669456 3.07696509
v 1.36432468 -1.11801099 3.03308773
v 1.37293899 -1.11074173 2.98832678
v 1.38000142 -1.10473787 2.94300246
v 1.38550543 -1.09977114 2.89732289
v 1.38942873 -1.09556055 2.85136914
v 1.39176595 -1.09171319 2.80534696
v 1.39255702 -1.08788192 2.75945758
v 1.39188444 -1.08381819 2.71391058
v 1.38986766 -1.07940745 2.66887021
v 1.38665807 -1.07464587 2.62444114
v 1.38240957 -1.06957829 2.58074331
v 1.37723267 -1.06432735 2.53787994
v 1.37124121 -1.05894672 2.49602484
v 1.3645662 -1.05359661 2.45523762
v 1.3572855 -1.04860854 2.41561222
v 1.3493638 -1.04428529 2.37725329
v 1.34069871 -1.04083252 2.34018254
v 1.33120191 -1.03842735 2.30436825
v 1.32079935 -1.03715324 2.26971793
v 1.30944347 -1.03711378 2.2361567
v 1.29709804 -1.03840696 2.20363616
v 1.28372573 -1.04114532 2.17213535
v 1.26952278 -1.04578852 2.14163827
v 1.25443732 -1.05230259 2.11214709
v 1.23834216 -1.06037473 2.08357405
v 1.22142255 -1.0700283 2.05587887
v 1.2038846 -1.08120691 2.02907323
v 1.18590319 -1.09381258 2.00330376
v 1.09273397 -1.13553535 2.10424757
v 1.07751357 -1.1473062 2.08585095
v 1.06211936 -1.15997898 2.06875038
v 1.04650151 -1.17341148 2.05307221
v 1.03065955 -1.18754136 2.03892993
v 1.01461076 -1.20233416 2.02641248
v 0.99839526 -1.2177782 2.01558685
v 0.98202729 -1.23382091 2.00648713
v 0.96552836 -1.25040912 1.99912345
v 0.94892424 -1.26748406 1.99348616
v 0.93224334 -1.2849791 1.98954868
v 0.91552376 -1.302827 1.98727393
v 0.89880901 -1.32095503 1.98661625
v 0.88214439 -1.33928203 1.98752033
v 0.86557906 -1.3577187 1.98992335
v 0.84915721 -1.3761605 1.99375224
v 0.83291894 -1.39449083 1.99892544
v 0.81690305 -1.41258907 2.0053575
v 0.80114507 -1.43033444 2.01296329
v 0.7856661 -1.44759738 2.02165246
v 0.77048713 -1.46425998 2.03134656
v 0.75562453 -1.48021197 2.04197359
v 0.74108374 -1.49534249 2.05346775
v 0.72687578 -1.50955557 2.06578111
v 0.71301484 -1.5227648 2.07887721
v 0.69949728 -1.53487193 2.09271597
v 0.68631511 -1.54578197 2.10725903
v 0.67346924 -1.55541598 2.12247872
v 0.66095936 -1.56370651 2.13834691
v 0.64879369 -1.57060754 2.15484428
v 0.63697767 -1.57609164 2.17194986
v 0.62550509 -1.58015155 2.18963456
v 0.61437457 -1.58280718 2.20787668
v 0.60357618 -1.5841043 2.2266469
v 0.5930981 -1.5841124 2.24591708
v 0.58293283 -1.58291959 2.26566004
v 0.57308036 -1.58062481 2.28584814
v 0.56355232 -1.57733023 2.30645418
v 0.55437511 -1.57313442 2.32744598
v 0.54559004 -1.56812822 2.34878826
v 0.5372551 -1.56239545 2.37044262
v 0.52943998 -1.5560162 2.39237165
v 0.52221572 -1.54907488 2.41453838
v 0.51570063 -1.54163467 2.43692994
v 0.50994104 -1.53380513 2.45951509
v 0.50500917 -1.52568745 2.48228788
v 0.50095856 -1.51739394 2.50525093
v 0.49783384 -1.50903832 2.52841663
v 0.49567428 -1.5007292 2.55180573
v 0.49450433 -1.49257493 2.57544183
v 0.49432849 -1.48468422 2.59934616
v 0.49519833 -1.47713124 2.62353444
v 0.49709841 -1.47001218 2.64801287
v 0.50002569 -1.46340453 2.67278027
v 0.50397485 -1.45737063 2.69782781
v 0.508928 -1.45196259 2.72314477
v 0.51486063 -1.44721698 2.74872064
v 0.52183049 -1.44311487 2.77450203
v 0.52976137 -1.43967354 2.80049443
v 0.53868258 -1.43684494 2.82664418
v 0.54854375 -1.43459415 2.85293483
v 0.55946075 -1.432796 2.87920141
v 0.57133507 -1.43139994 2.90541577
v 0.58405524 -1.43034839 2.9315617
v 0.59756612 -1.42954695 2.95756244
v 0.6118074 -1.42889738 2.98332715
v 0.62671726 -1.42829811 3.00875663
v 0.64223724 -1.42764616 3.03374338
v 0.65831595 -1.42683911 3.05817532
v 0.67491275 -1.425776 3.08193707
v 0.69199985 -1.42436003 3.1049118
v 0.70956319 -1.42249965 3.12698364
v 0.72760045 -1.42011034 3.14803648
v 0.7461192 -1.41711664 3.16795373
v 0.7651326 -1.41345441 3.18662262
v 0.78465485 -1.40907192 3.20393228
v 0.80469727 -1.4039303 3.21977448
v 0.82526296 -1.39800465 3.23404479
v 0.84634405 -1.39128291 3.24663901
v 0.86791765 -1.38376545 3.25745296
v 0.8899436 -1.37546408 3.26638126
v 0.91236257 -1.36640155 3.27331733
v 0.93509537 -1.35660958 3.27815461
v 0.95804286 -1.34612929 3.28078889
v 0.98108965 -1.335011 3.28112101
v 1.00410747 -1.32331299 3.27905774
v 1.02695787 -1.31110239 3.27452302
v 1.04949712 -1.29845511 3.26746416
v 1.07157909 -1.28545737 3.2578516
v 1.09306252 -1.27220726 3.2456634
v 1.11380767 -1.25881373 3.23089861
v 1.13367784 -1.24539673 3.21357321
v 1.15254056 -1.23208653 3.19373226
v 1.17027652 -1.2190274 3.17143654
v 1.18678855 -1.20638239 3.14675593
v 1.20200383 -1.19432854 3.11978292
v 1.21587586 -1.18305015 3.09064269
v 1.22838044 -1.17271733 3.05952286
v 1.23950994 -1.1634469 3.02670979
v 1.24927663 -1.15530371 2.9925313
v 1.25770592 -1.14830517 2.9572947
v 1.26482331 -1.14241254 2.92126536
v 1.27064204 -1.13750302 2.88468885
v 1.27516055 -1.13339304 2.84775829
v 1.27837455 -1.12985253 2.81062269
v 1.28029346 -1.12661206 2.77345347
v 1.28095483 -1.12344372 2.73639869
v 1.28042542 -1.12016964 2.69961428
v 1.27879619 -1.11669087 2.66323518
v 1.27617418 -1.11298215 2.6273725
v 1.27266812 -1.10906612 2.59212875
v 1.26837408 -1.10500896 2.55758929
v 1.26338112 -1.10088694 2.52383995
v 1.25776732 -1.09682655 2.49093675
v 1.25157237 -1.09302103 2.45893836
v 1.24478054 -1.08966016 2.42789363
v 1.23734116 -1.08689689 2.39780998
v 1.22920429 -1.08486235 2.36866068
v 1.22033226 -1.08366119 2.34039712
v 1.21070146 -1.08339762 2.31298351
v 1.20029544 -1.0841701 2.28640174
v 1.18914771 -1.08615803 2.26064229
v 1.17723715 -1.08939945 2.23571515
v 1.16459119 -1.09397018 2.21162629
v 1.15121698 -1.0998249 2.18837428
v 1.1372528 -1.10701656 2.16596746
v 1.12274324 -1.11537385 2.14442443
v 1.10786354 -1.12490141 2.12381672
v 1.02499651 -1.17158377 2.22923493
v 1.01320719 -1.17998564 2.21537399
v 1.00130105 -1.1891067 2.20245528
v 0.98928266 -1.19887745 2.19055795
v 0.97715115 -1.20923697 2.17975902
v 0.96492767 -1.22016012 2.17012739
v 0.95263773 -1.23162794 2.16172051
v 0.94028627 -1.24359154 2.1545763
v 0.9278801 -1.25599849 2.14871406
v 0.91543543 -1.26880204 2.14414
v 0.90297198 -1.28195154 2.1408472
v 0.89051449 -1.29539477 2.13881754
v 0.87808847 -1.30907166 2.13802242
v 0.86572063 -1.32291638 2.13842439
v 0.8534432 -1.33686101 2.13997817
v 0.84128999 -1.35083329 2.14263367
v 0.82928663 -1.36474597 2.14632988
v 0.81745737 -1.37850856 2.15100359
v 0.80582475 -1.39203095 2.15658998
v 0.7944023 -1.40521705 2.16302204
v 0.78320348 -1.41797804 2.17023897
v 0.77224022 -1.43023169 2.17818641
v 0.76151096 -1.44188869 2.18681097
v 0.75102746 -1.45288085 2.19607591
v 0.74080652 -1.46314966 2.20595645
v 0.73084497 -1.47262013 2.21641969
v 0.72112983 -1.48121476 2.22743129
v 0.71165609 -1.4888699 2.23896479
v 0.70242005 -1.49553287 2.25099492
v 0.69342434 -1.50116717 2.26350212
v 0.68467021 -1.5057491 2.27646732
v 0.67615425 -1.5092709 2.28986811
v 0.66787493 -1.51174354 2.30368518
v 0.65982776 -1.51319623 2.3178966
v 0.65200918 -1.51367449 2.33248162
v 0.64441877 -1.51323628 2.34742116
v 0.63706129 -1.51194822 2.36269569
v 0.62994843 -1.50988042 2.37828397
v 0.62309527 -1.50710332 2.39416098
v 0.61657434 -1.50368046 2.41031765
v 0.61039972 -1.49967563 2.42671585
v 0.60462099 -1.4951508 2.44333052
v 0.59929353 -1.49017083 2.46013808
v 0.59446871 -1.48480474 2.47712016
v 0.59019637 -1.47912752 2.4942646
v 0.58652436 -1.4732182 2.51156783
v 0.58349216 -1.46716237 2.52903413
v 0.58113396 -1.46104455 2.54667186
v 0.5794776 -1.45494806 2.56449651
v 0.57853758 -1.44895529 2.58252501
v 0.57837528 -1.4431293 2.60076713
v 0.57898449 -1.43754613 2.61923146
v 0.58036601 -1.43227219 2.63792038
v 0.58252346 -1.42736268 2.6568315
v 0.58545732 -1.42286455 2.67595386
v 0.5891568 -1.41881442 2.69527721
v 0.59361499 -1.41523349 2.71478772
v 0.59888351 -1.41211378 2.73443436
v 0.60489803 -1.40946114 2.75422263
v 0.61164581 -1.40725386 2.77413106
v 0.61912804 -1.4054501 2.79412102
v 0.62738788 -1.40398597 2.81410241
v 0.63641136 -1.40280079 2.83400511
v 0.64609736 -1.40184569 2.853827
v 0.65639072 -1.4010539 2.87352085
v 0.66724449 -1.40035164 2.89301919
v 0.6786099 -1.39966356 2.91224789
v 0.6904397 -1.39891457 2.93112683
v 0.70269161 -1.39803004 2.9495728
v 0.71533012 -1.3969376 2.96749925
v 0.72832924 -1.39556872 2.98482012
v 0.74167275 -1.39385891 3.00144934
v 0.75535363 -1.39174962 3.01730108
v 0.76937222 -1.38918948 3.03229141
v 0.7837339 -1.3861345 3.04633736
v 0.7984457 -1.38255012 3.05935812
v 0.81351333 -1.37841069 3.07127571
v 0.82893824 -1.3736993 3.08201241
v 0.84471446 -1.36840832 3.09149289
v 0.86082649 -1.36253845 3.09963941
v 0.87724757 -1.35609781 3.10637378
v 0.89393794 -1.34910178 3.11161565
v 0.91084438 -1.34157168 3.11528563
v 0.92790019 -1.33353579 3.11730456
v 0.94502711 -1.32502877 3.11759662
v 0.9621368 -1.31609213 3.11609149
v 0.9791336 -1.30677413 3.11273169
v 0.99591612 -1.29713141 3.1074748
v 1.01238083 -1.2872293 3.10029411
v 1.02842462 -1.27714335 3.09117269
v 1.04394543 -1.26695764 3.08010792
v 1.05884218 -1.25676608 3.0671134
v 1.07301712 -1.24667096 3.0522201
v 1.08638155 -1.23678541 3.03547287
v 1.09886026 -1.22723376 3.0169301
v 1.11039423 -1.21814739 2.99666833
v 1.12094175 -1.2096585 2.974792
v 1.13047623 -1.20188498 2.95144462
v 1.13898444 -1.19491243 2.92682075
v 1.14646577 -1.18878758 2.90113949
v 1.15292871 -1.18351817 2.87461638
v 1.15838313 -1.17906332 2.84745073
v 1.16283512 -1.17532825 2.81982803
v 1.1662867 -1.17217505 2.79190874
v 1.16874051 -1.16943478 2.76383423
v 1.17021048 -1.1669265 2.73573851
v 1.17072796 -1.16449606 2.70773744
v 1.17034316 -1.16202306 2.67994356
v 1.16912102 -1.15943324 2.65245962
v 1.16713595 -1.15670013 2.62537479
v 1.16446328 -1.15383446 2.5987668
v 1.16117239 -1.15087866 2.5726993
v 1.15732514 -1.14789533 2.54722571
v 1.15296888 -1.14497602 2.52238464
v 1.14812719 -1.14223921 2.49821043
v 1.1427946 -1.13980448 2.47472596
v 1.1369481 -1.13777697 2.45193195
v 1.13056218 -1.13625216 2.42981171
v 1.12361812 -1.13531661 2.40834069
v 1.11610436 -1.13505315 2.38750076
v 1.10802483 -1.13556027 2.36728215
v 1.09941279 -1.13696992 2.34768033
v 1.09023773 -1.13927328 2.32871937
v 1.08046722 -1.14243137 2.31041264
v 1.07016778 -1.14651572 2.29276061
v 1.05937981 -1.15148913 2.2757821
v 1.04818594 -1.15733254 2.25950288
v 1.03669107 -1.16403603 2.24396848
v 0.96300584 -1.21449267 2.35363459
v 0.95496368 -1.21986651 2.34434294
v 0.94683021 -1.22571969 2.33567094
v 0.9386264 -1.23202467 2.32766413
v 0.93036931 -1.23875808 2.32036805
v 0.92208254 -1.24591004 2.31382656
v 0.91376912 -1.2534455 2.30807852
v 0.90543746 -1.26133549 2.30315375
v 0.89709627 -1.26954853 2.29907059
v 0.88875627 -1.27805197 2.29584074
v 0.88042986 -1.28681051 2.29346561
v 0.87213313 -1.29578912 2.29193854
v 0.86387836 -1.30494236 2.29124498
v 0.85567766 -1.31422066 2.2913618
v 0.84754908 -1.3235768 2.29226064
v 0.83951312 -1.33296251 2.29390931
v 0.83158582 -1.3423208 2.29626941
v 0.8237822 -1.35159266 2.29929971
v 0.81611478 -1.36071765 2.30295682
v 0.80859172 -1.3696326 2.30719733
v 0.80122005 -1.37827718 2.31197905
v 0.79400956 -1.38659966 2.31726741
v 0.78695756 -1.39453852 2.32302498
v 0.7800672 -1.40204405 2.32922387
v 0.77334368 -1.4090712 2.33584237
v 0.76678478 -1.41557157 2.34285783
v 0.76038438 -1.42149651 2.35024786
v 0.75413888 -1.4268043 2.35799288
v 0.74804401 -1.43145954 2.36607503
v 0.74209553 -1.43543362 2.37447643
v 0.73630374 -1.43871831 2.38318681
v 0.73067325 -1.44130992 2.39219284
v 0.7251926 -1.44320535 2.40147686
v 0.71986085 -1.44442129 2.41102409
v 0.7146784 -1.44498372 2.4208219
v 0.70964801 -1.44492781 2.43085646
v 0.70477551 -1.44429373 2.44111561
v 0.70007151 -1.44312441 2.45158529
v 0.69555324 -1.44146382 2.46225214
v 0.69124162 -1.43935585 2.47309947
v 0.68716293 -1.43684303 2.48411154
v 0.68334776 -1.43396806 2.49527335
v 0.67983454 -1.43077695 2.50657081
v 0.67665141 -1.42731726 2.51799273
v 0.67382711 -1.42364049 2.52953243
v 0.67138618 -1.41980052 2.54118871
v 0.6693679 -1.41585493 2.55296444
v 0.66780006 -1.41185975 2.56486511
v 0.66669458 -1.40786933 2.57689952
v 0.66606926 -1.40393638 2.58907675
v 0.66593903 -1.40011072 2.60140466
v 0.66631704 -1.39643812 2.61388707
v 0.66720849 -1.3929609 2.62652421
v 0.66861707 -1.38971579 2.63931298
v 0.67055958 -1.38673281 2.65224003
v 0.67302435 -1.38403439 2.66529798
v 0.67601603 -1.3816328 2.67847108
v 0.67954522 -1.3795315 2.69173431
v 0.6835792 -1.377725 2.70508694
v 0.68812322 -1.37619876 2.71850299
v 0.69317817 -1.37492692 2.7319529
v 0.69871151 -1.37387681 2.74542522
v 0.70477378 -1.37301242 2.7588315
v 0.71131163 -1.37229073 2.7721529
v 0.71826189 -1.37166416 2.78537845
v 0.72559231 -1.37108421 2.79846334
v 0.73326921 -1.37050092 2.81135892
v 0.74125939 -1.36986541 2.8240118
v 0.74953258 -1.36912906 2.83636665
v 0.75806272 -1.36824536 2.84836626
v 0.76682972 -1.36717081 2.85995364
v 0.77581983 -1.36586451 2.87107253
v 0.78502547 -1.36429035 2.88166594
v 0.79444432 -1.36241638 2.89167928
v 0.80407756 -1.3602159 2.90105843
v 0.81392806 -1.35766804 2.90975117
v 0.82399821 -1.35475695 2.91770649
v 0.83428829 -1.35147333 2.92487359
v 0.84479457 -1.34781265 2.93120312
v 0.85550749 -1.34377551 2.93664407
v 0.86641085 -1.33936727 2.94114422
v 0.8774805 -1.33459723 2.94465088
v 0.88868415 -1.32947921 2.94710993
v 0.89998084 -1.32403063 2.94846987
v 0.91132253 -1.3182733 2.94867825
v 0.92265451 -1.31223356 2.94768905
v 0.93391656 -1.30594289 2.94546389
v 0.94504469 -1.29943859 2.94197273
v 0.95597273 -1.29276466 2.9371953
v 0.96663367 -1.28597247 2.9311192
v 0.97696048 -1.27911961 2.92374181
v 0.98688632 -1.27227032 2.91507101
v 0.99634647 -1.26549518 2.90512824
v 1.0052818 -1.25887143 2.89394259
v 1.01364052 -1.25248241 2.88155651
v 1.02138137 -1.24641466 2.86802387
v 1.02847325 -1.24075293 2.85341811
v 1.03489458 -1.23557102 2.83783626
v 1.0406332 -1.23092317 2.82140135
v 1.04568469 -1.22683882 2.80424928
v 1.05005025 -1.22331917 2.78651809
v 1.05373323 -1.22033345 2.76833987
v 1.05673658 -1.2178179 2.74983882
v 1.05906295 -1.21568191 2.73112773
v 1.06071639 -1.21381688 2.7123084
v 1.06170928 -1.21211087 2.69347381
v 1.06206369 -1.21046721 2.67470502
v 1.06181299 -1.20881032 2.65607714
v 1.06099927 -1.20709216 2.63765931
v 1.05966949 -1.20529246 2.61951136
v 1.0578711 -1.2034161 2.601686
v 1.05564844 -1.20148897 2.58422493
v 1.05303931 -1.19955337 2.5671606
v 1.05007183 -1.19766759 2.55051827
v 1.04675984 -1.19590163 2.53431582
v 1.04310262 -1.19432663 2.51856446
v 1.03909075 -1.19300878 2.50326299
v 1.03471243 -1.19201028 2.48840332
v 1.02995824 -1.1913892 2.47397184
v 1.02482283 -1.19120073 2.45996141
v 1.01934778 -1.19156801 2.4463489
v 1.01349687 -1.19247198 2.43316125
v 1.00725579 -1.19392061 2.42040991
v 1.00063562 -1.19593679 2.40809845
v 0.99366945 -1.19854712 2.39623236
v 0.9863637 -1.20170712 2.38483142
v 0.97877496 -1.2054193 2.37391328
v 0.97097271 -1.20968961 2.36350274
v 0.9053961 -1.26265156 2.47712421
v 0.90130686 -1.26524841 2.4724605
v 0.89717763 -1.26809823 2.46810221
v 0.89301616 -1.27118349 2.46407151
v 0.8888446 -1.27450752 2.46038794
v 0.88465035 -1.27803397 2.45707702
v 0.88044583 -1.28175795 2.45415592
v 0.8762384 -1.28566718 2.45164012
v 0.87203371 -1.28974676 2.44954085
v 0.86783713 -1.29397964 2.44786572
v 0.86365479 -1.29834735 2.44661617
v 0.8594942 -1.30283176 2.44579148
v 0.85536509 -1.30741369 2.44538569
v 0.85126841 -1.31206321 2.44538855
v 0.84721261 -1.31675589 2.44578766
v 0.84320694 -1.3214674 2.4465661
v 0.83925938 -1.32616961 2.44770646
v 0.83537739 -1.33083391 2.44918823
v 0.83156669 -1.3354299 2.45099043
v 0.82783132 -1.33992672 2.45309114
v 0.82417368 -1.34429383 2.45546937
v 0.82059717 -1.34850347 2.45810771
v 0.81710112 -1.35252618 2.46098709
v 0.81368553 -1.35633564 2.46409249
v 0.81035077 -1.35990738 2.46741104
v 0.80709534 -1.36321723 2.47093129
v 0.80391764 -1.36624252 2.47464203
v 0.80081552 -1.36896288 2.47853374
v 0.79778653 -1.37136006 2.48259663
v 0.79482907 -1.37342011 2.48682189
v 0.79194718 -1.3751384 2.49120211
v 0.78914701 -1.37651538 2.49572944
v 0.7864201 -1.37754631 2.50039625
v 0.78376627 -1.3782376 2.50519585
v 0.78118652 -1.37860143 2.51012063
v 0.77868294 -1.3786534 2.51516485
v 0.77625966 -1.37841296 2.52032041
v 0.77392208 -1.37790012 2.52558231
v 0.77167868 -1.37713611 2.53094315
v 0.76954025 -1.37614274 2.53639483
v 0.76751995 -1.37494134 2.54193067
v 0.76563215 -1.37355387 2.54754233
v 0.7638933 -1.37200367 2.55322432
v 0.76231747 -1.37031507 2.55897092
v 0.76091891 -1.36851429 2.56477999
v 0.7597115 -1.366629 2.57065057
v 0.75870859 -1.36468803 2.57658386
v 0.75792235 -1.36271858 2.5825839
v 0.75736397 -1.36074852 2.58865428
v 0.75704312 -1.35880363 2.59479975
v 0.75696802 -1.35690867 2.60102272
v 0.7571451 -1.35508644 2.60732579
v 0.75757825 -1.35335695 2.61370778
v 0.75826752 -1.35173726 2.62016868
v 0.75922411 -1.3502438 2.6266992
v 0.76046544 -1.34889376 2.63328456
v 0.76197403 -1.34768676 2.63992428
v 0.7637465 -1.34662401 2.64661073
v 0.76577603 -1.34570157 2.65333795
v 0.76805836 -1.34491026 2.66009545
v 0.77061265 -1.34424817 2.666857
v 0.77340829 -1.34369027 2.6736238
v 0.77641356 -1.34320795 2.68039798
v 0.77970725 -1.34281849 2.68709468
v 0.78321224 -1.34247326 2.6937375
v 0.78690946 -1.34214687 2.70030713
v 0.79078161 -1.34181475 2.70677828
v 0.7948116 -1.34145224 2.71312475
v 0.79898351 -1.34103608 2.7193191
v 0.80328363 -1.34054315 2.72533321
v 0.80770093 -1.3399527 2.73113822
v 0.81222766 -1.33924508 2.73670649
v 0.81685918 -1.33840286 2.74200964
v 0.8215934 -1.33741104 2.74702072
v 0.8264302 -1.33625686 2.75171303
v 0.83137035 -1.33493089 2.75606083
v 0.83641457 -1.33342576 2.76003956
v 0.84156304 -1.33173692 2.76362371
v 0.84681379 -1.32986283 2.76678896
v 0.8521623 -1.32780361 2.76951026
v 0.8576011 -1.325562 2.77176094
v 0.86311876 -1.32314264 2.77351546
v 0.86870032 -1.32055211 2.77474665
v 0.87432616 -1.31779873 2.77542805
v 0.87997365 -1.314893 2.77553415
v 0.88561666 -1.31184768 2.77504205
v 0.89122623 -1.30867826 2.7739315
v 0.89677137 -1.30540359 2.77218771
v 0.90222001 -1.30204546 2.7697997
v 0.90753907 -1.29863011 2.76676106
v 0.91269522 -1.29518652 2.76306963
v 0.9176554 -1.29174745 2.75872945
v 0.92238712 -1.28834879 2.75375127
v 0.92686069 -1.28502953 2.74814987
v 0.93105006 -1.28183186 2.74194693
v 0.9349336 -1.27879798 2.7351706
v 0.93849492 -1.2759695 2.7278583
v 0.94172233 -1.27338171 2.72005963
v 0.94460856 -1.27106046 2.71183371
v 0.94715046 -1.2690196 2.7032473
v 0.94934743 -1.26725864 2.69436669
v 0.95120042 -1.26576113 2.68525791
v 0.95271068 -1.26449525 2.6759839
v 0.95387965 -1.26341676 2.6666007
v 0.95471048 -1.26247263 2.65716218
v 0.95520985 -1.26160943 2.64771533
v 0.95538926 -1.26078081 2.63830113
v 0.95526534 -1.25994992 2.62895846
v 0.95485866 -1.25909304 2.61972165
v 0.95419204 -1.25819969 2.61062097
v 0.95328849 -1.25727176 2.60168218
v 0.95216929 -1.25632154 2.59292626
v 0.95085257 -1.25537002 2.58436918
v 0.94935131 -1.25444519 2.57602334
v 0.94767218 -1.25357985 2.56789588
v 0.94581568 -1.25280761 2.55999231
v 0.94377851 -1.25216078 2.55231118
v 0.94155609 -1.25166928 2.54484939
v 0.9391449 -1.25136232 2.53760123
v 0.93656623 -1.25129818 2.53055095
v 0.93380415 -1.25148093 2.52370786
v 0.93084639 -1.25191509 2.51708006
v 0.92771822 -1.25264585 2.51066041
v 0.9243853 -1.25363278 2.50447034
v 0.92086446 -1.25488805 2.49851059
v 0.91717791 -1.25641799 2.49278521
v 0.91335731 -1.25823032 2.48730158
v 0.9094215 -1.260311 2.48207616
v 0.85132348 -1.31484413 2.5993824
vt 0 0
vt 0 0.01562
vt 0.00781 0.01562
vt 0.00781 0
vt 0.01562 0.01562
vt 0.01562 0
vt 0.02343 0.01562
vt 0.02343 0
vt 0.03125 0.01562
vt 0.03125 0
vt 0.03906 0.01562
vt 0.03906 0
vt 0.04687 0.01562
vt 0.04687 0
vt 0.05468 0.01562
vt 0.05468 0
vt 0.0625 0.01562
vt 0.0625 0
vt 0.07031 0.01562
vt 0.07031 0
vt 0.07812 0.01562
vt 0.07812 0
vt 0.08593 0.01562
vt 0.08593 0
vt 0.09375 0.01562
vt 0.09375 0
vt 0.10156 0.01562
vt 0.10156 0
vt 0.10937 0.01562
vt 0.10937 0
vt 0.11718 0.01562
vt 0.11718 0
vt 0.125 0.01562
vt 0.125 0
vt 0.13281 0.01562
vt 0.13281 0
vt 0.14062 0.01562
vt 0.14062 0
vt 0.14843 0.01562
vt 0.14843 0
vt 0.15625 0.01562
vt 0.15625 0
vt 0.16406 0.01562
vt 0.16406 0
vt 0.17187 0.01562
vt 0.17187 0
vt 0.17968 0.01562
vt 0.17968 0
vt 0.1875 0.01562
vt 0.1875 0
vt 0.19531 0.01562
vt 0.19531 0
vt 0.20312 0.01562
vt 0.20312 0
vt 0.21093 0.01562
vt 0.21093 0
vt 0.21875 0.01562
vt 0.21875 0
vt 0.22656 0.01562
vt 0.22656 0
vt 0.23437 0.01562
vt 0.23437 0
vt 0.24218 0.01562
vt 0.24218 0
vt 0.25 0.01562
vt 0.25 0
vt 0.25781 0.01562
vt 0.25781 0
vt 0.26562 0.01562
vt 0.26562 0
vt 0.27343 0.01562
vt 0.27343 0
vt 0.28125 0.01562
vt 0.28125 0
vt 0.28906 0.01562
vt 0.28906 0
vt 0.29687 0.01562
vt 0.29687 0
vt 0.30468 0.01562
vt 0.30468 0
vt 0.3125 0.01562
vt 0.3125 0
vt 0.32031 0.01562
vt 0.32031 0
vt 0.32812 0.01562
vt 0.32812 0
vt 0.33593 0.01562
vt 0.33593 0
vt 0.34375 0.01562
vt 0.34375 0
vt 0.35156 0.01562
vt 0.35156 0
vt 0.35937 0.01562
vt 0.35937 0
vt 0.36718 0.01562
vt 0.36718 0
vt 0.375 0.01562
vt 0.375 0
vt 0.38281 0.01562
vt 0.38281 0
vt 0.39062 0.01562
vt 0.39062 0
vt 0.39843 0.01562
vt 0.39843 0
vt 0.40625 0.01562
vt 0.40625 0
vt 0.41406 0.01562
vt 0.41406 0
vt 0.42187 0.01562
vt 0.42187 0
vt 0.42968 0.01562
vt 0.42968 0
vt 0.4375 0.01562
vt 0.4375 0
vt 0.44531 0.01562
vt 0.44531 0
vt 0.45312 0.01562
vt 0.45312 0
vt 0.46093 0.01562
vt 0.46093 0
vt 0.46875 0.01562
vt 0.46875 0
vt 0.47656 0.01562
vt 0.47656 0
vt 0.48437 0.01562
vt 0.48437 0
vt 0.49218 0.01562
vt 0.49218 0
vt 0.5 0.01562
vt 0.5 0
vt 0.50781 0.01562
vt 0.50781 0
vt 0.51562 0.01562
vt 0.51562 0
vt 0.52343 0.01562
vt 0.52343 0
vt 0.53125 0.01562
vt 0.53125 0
vt 0.53906 0.01562
vt 0.53906 0
vt 0.54687 0.01562
vt 0.54687 0
vt 0.55468 0.01562
vt 0.55468 0
vt 0.5625 0.01562
vt 0.5625 0
vt 0.57031 0.01562
vt 0.57031 0
vt 0.57812 0.01562
vt 0.57812 0
vt 0.58593 0.01562
vt 0.58593 0
vt 0.59375 0.01562
vt 0.59375 0
vt 0.60156 0.01562
vt 0.60156 0
vt 0.60937 0.01562
vt 0.60937 0
vt 0.61718 0.01562
vt 0.61718 0
vt 0.625 0.01562
vt 0.625 0
vt 0.63281 0.01562
vt 0.63281 0
vt 0.64062 0.01562
vt 0.64062 0
vt 0.64843 0.01562
vt 0.64843 0
vt 0.65625 0.01562
vt 0.65625 0
vt 0.66406 0.01562
vt 0.66406 0
vt 0.67187 0.01562
vt 0.67187 0
vt 0.67968 0.01562
vt 0.67968 0
vt 0.6875 0.01562
vt 0.6875 0
vt 0.69531 0.01562
vt 0.69531 0
vt 0.70312 0.01562
vt 0.70312 0
vt 0.71093 0.01562
vt 0.71093 0
vt 0.71875 0.01562
vt 0.71875 0
vt 0.72656 0.01562
vt 0.72656 0
vt 0.73437 0.01562
vt 0.73437 0
vt 0.74218 0.01562
vt 0.74218 0
vt 0.75 0.01562
vt 0.75 0
vt 0.75781 0.01562
vt 0.75781 0
vt 0.76562 0.01562
vt 0.76562 0
vt 0.77343 0.01562
vt 0.77343 0
vt 0.78125 0.01562
vt 0.78125 0
vt 0.78906 0.01562
vt 0.78906 0
vt 0.79687 0.01562
vt 0.79687 0
vt 0.80468 0.01562
vt 0.80468 0
vt 0.8125 0.01562
vt 0.8125 0
vt 0.82031 0.01562
vt 0.82031 0
vt 0.82812 0.01562
vt 0.82812 0
vt 0.83593 0.01562
vt 0.83593 0
vt 0.84375 0.01562
vt 0.84375 0
vt 0.85156 0.01562
vt 0.85156 0
vt 0.85937 0.01562
vt 0.85937 0
vt 0.86718 0.01562
vt 0.86718 0
vt 0.875 0.01562
vt 0.875 0
vt 0.88281 0.01562
vt 0.88281 0
vt 0.89062 0.01562
vt 0.89062 0
vt 0.89843 0.01562
vt 0.89843 0
vt 0.90625 0.01562
vt 0.90625 0
vt 0.91406 0.01562
vt 0.91406 0
vt 0.92187 0.01562
vt 0.92187 0
vt 0.92968 0.01562
vt 0.92968 0
vt 0.9375 0.01562
vt 0.9375 0
vt 0.94531 0.01562
vt 0.94531 0
vt 0.95312 0.01562
vt 0.95312 0
vt 0.96093 0.01562
vt 0.96093 0
vt 0.96875 0.01562
vt 0.96875 0
vt 0.97656 0.01562
vt 0.97656 0
vt 0.98437 0.01562
vt 0.98437 0
vt 0.99218 0.01562
vt 0.99218 0
vt 1 0.01562
vt 0 0.03125
vt 0.00781 0.03125
vt 0.01562 0.03125
vt 0.02343 0.03125
vt 0.03125 0.03125
vt 0.03906 0.03125
vt 0.04687 0.03125
vt 0.05468 0.03125
vt 0.0625 0.03125
vt 0.07031 0.03125
vt 0.07812 0.03125
vt 0.08593 0.03125
vt 0.09375 0.03125
vt 0.10156 0.03125
vt 0.10937 0.03125
vt 0.11718 0.03125
vt 0.125 0.03125
vt 0.13281 0.03125
vt 0.14062 0.03125
vt 0.14843 0.03125
vt 0.15625 0.03125
vt 0.16406 0.03125
vt 0.17187 0.03125
vt 0.17968 0.03125
vt 0.1875 0.03125
vt 0.19531 0.03125
vt 0.20312 0.03125
vt 0.21093 0.03125
vt 0.21875 0.03125
vt 0.22656 0.03125
vt 0.23437 0.03125
vt 0.24218 0.03125
vt 0.25 0.03125
vt 0.25781 0.03125
vt 0.26562 0.03125
vt 0.27343 0.03125
vt 0.28125 0.03125
vt 0.28906 0.03125
vt 0.29687 0.03125
vt 0.30468 0.03125
vt 0.3125 0.03125
vt 0.32031 0.03125
vt 0.32812 0.03125
vt 0.33593 0.03125
vt 0.34375 0.03125
vt 0.35156 0.03125
vt 0.35937 0.03125
vt 0.36718 0.03125
vt 0.375 0.03125
vt 0.38281 0.03125
vt 0.39062 0.03125
vt 0.39843 0.03125
vt 0.40625 0.03125
vt 0.41406 0.03125
vt 0.42187 0.03125
vt 0.42968 0.03125
vt 0.4375 0.03125
vt 0.44531 0.03125
vt 0.45312 0.03125
vt 0.46093 0.03125
vt 0.46875 0.03125
vt 0.47656 0.03125
vt 0.48437 0.03125
vt 0.49218 0.03125
vt 0.5 0.03125
vt 0.50781 0.03125
vt 0.51562 0.03125
vt 0.52343 0.03125
vt 0.53125 0.03125
vt 0.53906 0.03125
vt 0.54687 0.03125
vt 0.55468 0.03125
vt 0.5625 0.03125
vt 0.57031 0.03125
vt 0.57812 0.03125
vt 0.58593 0.03125
vt 0.59375 0.03125
vt 0.60156 0.03125
vt 0.60937 0.03125
vt 0.61718 0.03125
vt 0.625 0.03125
vt 0.63281 0.03125
vt 0.64062 0.03125
vt 0.64843 0.03125
vt 0.65625 0.03125
vt 0.66406 0.03125
vt 0.67187 0.03125
vt 0.67968 0.03125
vt 0.6875 0.03125
vt 0.69531 0.03125
vt 0.70312 0.03125
vt 0.71093 0.03125
vt 0.71875 0.03125
vt 0.72656 0.03125
vt 0.73437 0.03125
vt 0.74218 0.03125
vt 0.75 0.03125
vt 0.75781 0.03125
vt 0.76562 0.03125
vt 0.77343 0.03125
vt 0.78125 0.03125
vt 0.78906 0.03125
vt 0.79687 0.03125
vt 0.80468 0.03125
vt 0.8125 0.03125
vt 0.82031 0.03125
vt 0.82812 0.03125
vt 0.83593 0.03125
vt 0.84375 0.03125
vt 0.85156 0.03125
vt 0.85937 0.03125
vt 0.86718 0.03125
vt 0.875 0.03125
vt 0.88281 0.03125
vt 0.89062 0.03125
vt 0.89843 0.03125
vt 0.90625 0.03125
vt 0.91406 0.03125
vt 0.92187 0.03125
vt 0.92968 0.03125
vt 0.9375 0.03125
vt 0.94531 0.03125
vt 0.95312 0.03125
vt 0.96093 0.03125
vt 0.96875 0.03125
vt 0.97656 0.03125
vt 0.98437 0.03125
vt 0.99218 0.03125
vt 1 0.03125
vt 0 0.04687
vt 0.00781 0.04687
vt 0.01562 0.04687
vt 0.02343 0.04687
vt 0.03125 0.04687
vt 0.03906 0.04687
vt 0.04687 0.04687
vt 0.05468 0.04687
vt 0.0625 0.04687
vt 0.07031 0.04687
vt 0.07812 0.04687
vt 0.08593 0.04687
vt 0.09375 0.04687
vt 0.10156 0.04687
vt 0.10937 0.04687
vt 0.11718 0.04687
vt 0.125 0.04687
vt 0.13281 0.04687
vt 0.14062 0.04687
vt 0.14843 0.04687
vt 0.15625 0.04687
vt 0.16406 0.04687
vt 0.17187 0.04687
vt 0.17968 0.04687
vt 0.1875 0.04687
vt 0.19531 0.04687
vt 0.20312 0.04687
vt 0.21093 0.04687
vt 0.21875 0.04687
vt 0.22656 0.04687
vt 0.23437 0.04687
vt 0.24218 0.04687
vt 0.25 0.04687
vt 0.25781 0.04687
vt 0.26562 0.04687
vt 0.27343 0.04687
vt 0.28125 0.04687
vt 0.28906 0.04687
vt 0.29687 0.04687
vt 0.30468 0.04687
vt 0.3125 0.04687
vt 0.32031 0.04687
vt 0.32812 0.04687
vt 0.33593 0.04687
vt 0.34375 0.04687
vt 0.35156 0.04687
vt 0.35937 0.04687
vt 0.36718 0.04687
vt 0.375 0.04687
vt 0.38281 0.04687
vt 0.39062 0.04687
vt 0.39843 0.04687
vt 0.40625 0.04687
vt 0.41406 0.04687
vt 0.42187 0.04687
vt 0.42968 0.04687
vt 0.4375 0.04687
vt 0.44531 0.04687
vt 0.45312 0.04687
vt 0.46093 0.04687
vt 0.46875 0.04687
vt 0.47656 0.04687
vt 0.48437 0.04687
vt 0.49218 0.04687
vt 0.5 0.04687
vt 0.50781 0.04687
vt 0.51562 0.04687
vt 0.52343 0.04687
vt 0.53125 0.04687
vt 0.53906 0.04687
vt 0.54687 0.04687
vt 0.55468 0.04687
vt 0.5625 0.04687
vt 0.57031 0.04687
vt 0.57812 0.04687
vt 0.58593 0.04687
vt 0.59375 0.04687
vt 0.60156 0.04687
vt 0.60937 0.04687
vt 0.61718 0.04687
vt 0.625 0.04687
vt 0.63281 0.04687
vt 0.64062 0.04687
vt 0.64843 0.04687
vt 0.65625 0.04687
vt 0.66406 0.04687
vt 0.67187 0.04687
vt 0.67968 0.04687
vt 0.6875 0.04687
vt 0.69531 0.04687
vt 0.70312 0.04687
vt 0.71093 0.04687
vt 0.71875 0.04687
vt 0.72656 0.04687
vt 0.73437 0.04687
vt 0.74218 0.04687
vt 0.75 0.04687
vt 0.75781 0.04687
vt 0.76562 0.04687
vt 0.77343 0.04687
vt 0.78125 0.04687
vt 0.78906 0.04687
vt 0.79687 0.04687
vt 0.80468 0.04687
vt 0.8125 0.04687
vt 0.82031 0.04687
vt 0.82812 0.04687
vt 0.83593 0.04687
vt 0.84375 0.04687
vt 0.85156 0.04687
vt 0.85937 0.04687
vt 0.86718 0.04687
vt 0.875 0.04687
vt 0.88281 0.04687
vt 0.89062 0.04687
vt 0.89843 0.04687
vt 0.90625 0.04687
vt 0.91406 0.04687
vt 0.92187 0.04687
vt 0.92968 0.04687
vt 0.9375 0.04687
vt 0.94531 0.04687
vt 0.95312 0.04687
vt 0.96093 0.04687
vt 0.96875 0.04687
vt 0.97656 0.04687
vt 0.98437 0.04687
vt 0.99218 0.04687
vt 1 0.04687
vt 0 0.0625
vt 0.00781 0.0625
vt 0.01562 0.0625
vt 0.02343 0.0625
vt 0.03125 0.0625
vt 0.03906 0.0625
vt 0.04687 0.0625
vt 0.05468 0.0625
vt 0.0625 0.0625
vt 0.07031 0.0625
vt 0.07812 0.0625
vt 0.08593 0.0625
vt 0.09375 0.0625
vt 0.10156 0.0625
vt 0.10937 0.0625
vt 0.11718 0.0625
vt 0.125 0.0625
vt 0.13281 0.0625
vt 0.14062 0.0625
vt 0.14843 0.0625
vt 0.15625 0.0625
vt 0.16406 0.0625
vt 0.17187 0.0625
vt 0.17968 0.0625
vt 0.1875 0.0625
vt 0.19531 0.0625
vt 0.20312 0.0625
vt 0.21093 0.0625
vt 0.21875 0.0625
vt 0.22656 0.0625
vt 0.23437 0.0625
vt 0.24218 0.0625
vt 0.25 0.0625
vt 0.25781 0.0625
vt 0.26562 0.0625
vt 0.27343 0.0625
vt 0.28125 0.0625
vt 0.28906 0.0625
vt 0.29687 0.0625
vt 0.30468 0.0625
vt 0.3125 0.0625
vt 0.32031 0.0625
vt 0.32812 0.0625
vt 0.33593 0.0625
vt 0.34375 0.0625
vt 0.35156 0.0625
vt 0.35937 0.0625
vt 0.36718 0.0625
vt 0.375 0.0625
vt 0.38281 0.0625
vt 0.39062 0.0625
vt 0.39843 0.0625
vt 0.40625 0.0625
vt 0.41406 0.0625
vt 0.42187 0.0625
vt 0.42968 0.0625
vt 0.4375 0.0625
vt 0.44531 0.0625
vt 0.45312 0.0625
vt 0.46093 0.0625
vt 0.46875 0.0625
vt 0.47656 0.0625
vt 0.48437 0.0625
vt 0.49218 0.0625
vt 0.5 0.0625
vt 0.50781 0.0625
vt 0.51562 0.0625
vt 0.52343 0.0625
vt 0.53125 0.0625
vt 0.53906 0.0625
vt 0.54687 0.0625
vt 0.55468 0.0625
vt 0.5625 0.0625
vt 0.57031 0.0625
vt 0.57812 0.0625
vt 0.58593 0.0625
vt 0.59375 0.0625
vt 0.60156 0.0625
vt 0.60937 0.0625
vt 0.61718 0.0625
vt 0.625 0.0625
vt 0.63281 0.0625
vt 0.64062 0.0625
vt 0.64843 0.0625
vt 0.65625 0.0625
vt 0.66406 0.0625
vt 0.67187 0.0625
vt 0.67968 0.0625
vt 0.6875 0.0625
vt 0.69531 0.0625
vt 0.70312 0.0625
vt 0.71093 0.0625
vt 0.71875 0.0625
vt 0.72656 0.0625
vt 0.73437 0.0625
vt 0.74218 0.0625
vt 0.75 0.0625
vt 0.75781 0.0625
vt 0.76562 0.0625
vt 0.77343 0.0625
vt 0.78125 0.0625
vt 0.78906 0.0625
vt 0.79687 0.0625
vt 0.80468 0.0625
vt 0.8125 0.0625
vt 0.82031 0.0625
vt 0.82812 0.0625
vt 0.83593 0.0625
vt 0.84375 0.0625
vt 0.85156 0.0625
vt 0.85937 0.0625
vt 0.86718 0.0625
vt 0.875 0.0625
vt 0.88281 0.0625
vt 0.89062 0.0625
vt 0.89843 0.0625
vt 0.90625 0.0625
vt 0.91406 0.0625
vt 0.92187 0.0625
vt 0.92968 0.0625
vt 0.9375 0.0625
vt 0.94531 0.0625
vt 0.95312 0.0625
vt 0.96093 0.0625
vt 0.96875 0.0625
vt 0.97656 0.0625
vt 0.98437 0.0625
vt 0.99218 0.0625
vt 1 0.0625
vt 0 0.07812
vt 0.00781 0.07812
vt 0.01562 0.07812
vt 0.02343 0.07812
vt 0.03125 0.07812
vt 0.03906 0.07812
vt 0.04687 0.07812
vt 0.05468 0.07812
vt 0.0625 0.07812
vt 0.07031 0.07812
vt 0.07812 0.07812
vt 0.08593 0.07812
vt 0.09375 0.07812
vt 0.10156 0.07812
vt 0.10937 0.07812
vt 0.11718 0.07812
vt 0.125 0.07812
vt 0.13281 0.07812
vt 0.14062 0.07812
vt 0.14843 0.07812
vt 0.15625 0.07812
vt 0.16406 0.07812
vt 0.17187 0.07812
vt 0.17968 0.07812
vt 0.1875 0.07812
vt 0.19531 0.07812
vt 0.20312 0.07812
vt 0.21093 0.07812
vt 0.21875 0.07812
vt 0.22656 0.07812
vt 0.23437 0.07812
vt 0.24218 0.07812
vt 0.25 0.07812
vt 0.25781 0.07812
vt 0.26562 0.07812
vt 0.27343 0.07812
vt 0.28125 0.07812
vt 0.28906 0.07812
vt 0.29687 0.07812
vt 0.30468 0.07812
vt 0.3125 0.07812
vt 0.32031 0.07812
vt 0.32812 0.07812
vt 0.33593 0.07812
vt 0.34375 0.07812
vt 0.35156 0.07812
vt 0.35937 0.07812
vt 0.36718 0.07812
vt 0.375 0.07812
vt 0.38281 0.07812
vt 0.39062 0.07812
vt 0.39843 0.07812
vt 0.40625 0.07812
vt 0.41406 0.07812
vt 0.42187 0.07812
vt 0.42968 0.07812
vt 0.4375 0.07812
vt 0.44531 0.07812
vt 0.45312 0.07812
vt 0.46093 0.07812
vt 0.46875 0.07812
vt 0.47656 0.07812
vt 0.48437 0.07812
vt 0.49218 0.07812
vt 0.5 0.07812
vt 0.50781 0.07812
vt 0.51562 0.07812
vt 0.52343 0.07812
vt 0.53125 0.07812
vt 0.53906 0.07812
vt 0.54687 0.07812
vt 0.55468 0.07812
vt 0.5625 0.07812
vt 0.57031 0.07812
vt 0.57812 0.07812
vt 0.58593 0.07812
vt 0.59375 0.07812
vt 0.60156 0.07812
vt 0.60937 0.07812
vt 0.61718 0.07812
vt 0.625 0.07812
vt 0.63281 0.07812
vt 0.64062 0.07812
vt 0.64843 0.07812
vt 0.65625 0.07812
vt 0.66406 0.07812
vt 0.67187 0.07812
vt 0.67968 0.07812
vt 0.6875 0.07812
vt 0.69531 0.07812
vt 0.70312 0.07812
vt 0.71093 0.07812
vt 0.71875 0.07812
vt 0.72656 0.07812
vt 0.73437 0.07812
vt 0.74218 0.07812
vt 0.75 0.07812
vt 0.75781 0.07812
vt 0.76562 0.07812
vt 0.77343 0.07812
vt 0.78125 0.07812
vt 0.78906 0.07812
vt 0.79687 0.07812
vt 0.80468 0.07812
vt 0.8125 0.07812
vt 0.82031 0.07812
vt 0.82812 0.07812
vt 0.83593 0.07812
vt 0.84375 0.07812
vt 0.85156 0.07812
vt 0.85937 0.07812
vt 0.86718 0.07812
vt 0.875 0.07812
vt 0.88281 0.07812
vt 0.89062 0.07812
vt 0.89843 0.07812
vt 0.90625 0.07812
vt 0.91406 0.07812
vt 0.92187 0.07812
vt 0.92968 0.07812
vt 0.9375 0.07812
vt 0.94531 0.07812
vt 0.95312 0.07812
vt 0.96093 0.07812
vt 0.96875 0.07812
vt 0.97656 0.07812
vt 0.98437 0.07812
vt 0.99218 0.07812
vt 1 0.07812
vt 0 0.09375
vt 0.00781 0.09375
vt 0.01562 0.09375
vt 0.02343 0.09375
vt 0.03125 0.09375
vt 0.03906 0.09375
vt 0.04687 0.09375
vt 0.05468 0.09375
vt 0.0625 0.09375
vt 0.07031 0.09375
vt 0.07812 0.09375
vt 0.08593 0.09375
vt 0.09375 0.09375
vt 0.10156 0.09375
vt 0.10937 0.09375
vt 0.11718 0.09375
vt 0.125 0.09375
vt 0.13281 0.09375
vt 0.14062 0.09375
vt 0.14843 0.09375
vt 0.15625 0.09375
vt 0.16406 0.09375
vt 0.17187 0.09375
vt 0.17968 0.09375
vt 0.1875 0.09375
vt 0.19531 0.09375
vt 0.20312 0.09375
vt 0.21093 0.09375
vt 0.21875 0.09375
vt 0.22656 0.09375
vt 0.23437 0.09375
vt 0.24218 0.09375
vt 0.25 0.09375
vt 0.25781 0.09375
vt 0.26562 0.09375
vt 0.27343 0.09375
vt 0.28125 0.09375
vt 0.28906 0.09375
vt 0.29687 0.09375
vt 0.30468 0.09375
vt 0.3125 0.09375
vt 0.32031 0.09375
vt 0.32812 0.09375
vt 0.33593 0.09375
vt 0.34375 0.09375
vt 0.35156 0.09375
vt 0.35937 0.09375
vt 0.36718 0.09375
vt 0.375 0.09375
vt 0.38281 0.09375
vt 0.39062 0.09375
vt 0.39843 0.09375
vt 0.40625 0.09375
vt 0.41406 0.09375
vt 0.42187 0.09375
vt 0.42968 0.09375
vt 0.4375 0.09375
vt 0.44531 0.09375
vt 0.45312 0.09375
vt 0.46093 0.09375
vt 0.46875 0.09375
vt 0.47656 0.09375
vt 0.48437 0.09375
vt 0.49218 0.09375
vt 0.5 0.09375
vt 0.50781 0.09375
vt 0.51562 0.09375
vt 0.52343 0.09375
vt 0.53125 0.09375
vt 0.53906 0.09375
vt 0.54687 0.09375
vt 0.55468 0.09375
vt 0.5625 0.09375
vt 0.57031 0.09375
vt 0.57812 0.09375
vt 0.58593 0.09375
vt 0.59375 0.09375
vt 0.60156 0.09375
vt 0.60937 0.09375
vt 0.61718 0.09375
vt 0.625 0.09375
vt 0.63281 0.09375
vt 0.64062 0.09375
vt 0.64843 0.09375
vt 0.65625 0.09375
vt 0.66406 0.09375
vt 0.67187 0.09375
vt 0.67968 0.09375
vt 0.6875 0.09375
vt 0.69531 0.09375
vt 0.70312 0.09375
vt 0.71093 0.09375
vt 0.71875 0.09375
vt 0.72656 0.09375
vt 0.73437 0.09375
vt 0.74218 0.09375
vt 0.75 0.09375
vt 0.75781 0.09375
vt 0.76562 0.09375
vt 0.77343 0.09375
vt 0.78125 0.09375
vt 0.78906 0.09375
vt 0.79687 0.09375
vt 0.80468 0.09375
vt 0.8125 0.09375
vt 0.82031 0.09375
vt 0.82812 0.09375
vt 0.83593 0.09375
vt 0.84375 0.09375
vt 0.85156 0.09375
vt 0.85937 0.09375
vt 0.86718 0.09375
vt 0.875 0.09375
vt 0.88281 0.09375
vt 0.89062 0.09375
vt 0.89843 0.09375
vt 0.90625 0.09375
vt 0.91406 0.09375
vt 0.92187 0.09375
vt 0.92968 0.09375
vt 0.9375 0.09375
vt 0.94531 0.09375
vt 0.95312 0.09375
vt 0.96093 0.09375
vt 0.96875 0.09375
vt 0.97656 0.09375
vt 0.98437 0.09375
vt 0.99218 0.09375
vt 1 0.09375
vt 0 0.10937
vt 0.00781 0.10937
vt 0.01562 0.10937
vt 0.02343 0.10937
vt 0.03125 0.10937
vt 0.03906 0.10937
vt 0.04687 0.10937
vt 0.05468 0.10937
vt 0.0625 0.10937
vt 0.07031 0.10937
vt 0.07812 0.10937
vt 0.08593 0.10937
vt 0.09375 0.10937
vt 0.10156 0.10937
vt 0.10937 0.10937
vt 0.11718 0.10937
vt 0.125 0.10937
vt 0.13281 0.10937
vt 0.14062 0.10937
vt 0.14843 0.10937
vt 0.15625 0.10937
vt 0.16406 0.10937
vt 0.17187 0.10937
vt 0.17968 0.10937
vt 0.1875 0.10937
vt 0.19531 0.10937
vt 0.20312 0.10937
vt 0.21093 0.10937
vt 0.21875 0.10937
vt 0.22656 0.10937
vt 0.23437 0.10937
vt 0.24218 0.10937
vt 0.25 0.10937
vt 0.25781 0.10937
vt 0.26562 0.10937
vt 0.27343 0.10937
vt 0.28125 0.10937
vt 0.28906 0.10937
vt 0.29687 0.10937
vt 0.30468 0.10937
vt 0.3125 0.10937
vt 0.32031 0.10937
vt 0.32812 0.10937
vt 0.33593 0.10937
vt 0.34375 0.10937
vt 0.35156 0.10937
vt 0.35937 0.10937
vt 0.36718 0.10937
vt 0.375 0.10937
vt 0.38281 0.10937
vt 0.39062 0.10937
vt 0.39843 0.10937
vt 0.40625 0.10937
vt 0.41406 0.10937
vt 0.42187 0.10937
vt 0.42968 0.10937
vt 0.4375 0.10937
vt 0.44531 0.10937
vt 0.45312 0.10937
vt 0.46093 0.10937
vt 0.46875 0.10937
vt 0.47656 0.10937
vt 0.48437 0.10937
vt 0.49218 0.10937
vt 0.5 0.10937
vt 0.50781 0.10937
vt 0.51562 0.10937
vt 0.52343 0.10937
vt 0.53125 0.10937
vt 0.53906 0.10937
vt 0.54687 0.10937
vt 0.55468 0.10937
vt 0.5625 0.10937
vt 0.57031 0.10937
vt 0.57812 0.10937
vt 0.58593 0.10937
vt 0.59375 0.10937
vt 0.60156 0.10937
vt 0.60937 0.10937
vt 0.61718 0.10937
vt 0.625 0.10937
vt 0.63281 0.10937
vt 0.64062 0.10937
vt 0.64843 0.10937
vt 0.65625 0.10937
vt 0.66406 0.10937
vt 0.67187 0.10937
vt 0.67968 0.10937
vt 0.6875 0.10937
vt 0.69531 0.10937
vt 0.70312 0.10937
vt 0.71093 0.10937
vt 0.71875 0.10937
vt 0.72656 0.10937
vt 0.73437 0.10937
vt 0.74218 0.10937
vt 0.75 0.10937
vt 0.75781 0.10937
vt 0.76562 0.10937
vt 0.77343 0.10937
vt 0.78125 0.10937
vt 0.78906 0.10937
vt 0.79687 0.10937
vt 0.80468 0.10937
vt 0.8125 0.10937
vt 0.82031 0.10937
vt 0.82812 0.10937
vt 0.83593 0.10937
vt 0.84375 0.10937
vt 0.85156 0.10937
vt 0.85937 0.10937
vt 0.86718 0.10937
vt 0.875 0.10937
vt 0.88281 0.10937
vt 0.89062 0.10937
vt 0.89843 0.10937
vt 0.90625 0.10937
vt 0.91406 0.10937
vt 0.92187 0.10937
vt 0.92968 0.10937
vt 0.9375 0.10937
vt 0.94531 0.10937
vt 0.95312 0.10937
vt 0.96093 0.10937
vt 0.96875 0.10937
vt 0.97656 0.10937
vt 0.98437 0.10937
vt 0.99218 0.10937
vt 1 0.10937
vt 0 0.125
vt 0.00781 0.125
vt 0.01562 0.125
vt 0.02343 0.125
vt 0.03125 0.125
vt 0.03906 0.125
vt 0.04687 0.125
vt 0.05468 0.125
vt 0.0625 0.125
vt 0.07031 0.125
vt 0.07812 0.125
vt 0.08593 0.125
vt 0.09375 0.125
vt 0.10156 0.125
vt 0.10937 0.125
vt 0.11718 0.125
vt 0.125 0.125
vt 0.13281 0.125
vt 0.14062 0.125
vt 0.14843 0.125
vt 0.15625 0.125
vt 0.16406 0.125
vt 0.17187 0.125
vt 0.17968 0.125
vt 0.1875 0.125
vt 0.19531 0.125
vt 0.20312 0.125
vt 0.21093 0.125
vt 0.21875 0.125
vt 0.22656 0.125
vt 0.23437 0.125
vt 0.24218 0.125
vt 0.25 0.125
vt 0.25781 0.125
vt 0.26562 0.125
vt 0.27343 0.125
vt 0.28125 0.125
vt 0.28906 0.125
vt 0.29687 0.125
vt 0.30468 0.125
vt 0.3125 0.125
vt 0.32031 0.125
vt 0.32812 0.125
vt 0.33593 0.125
vt 0.34375 0.125
vt 0.35156 0.125
vt 0.35937 0.125
vt 0.36718 0.125
vt 0.375 0.125
vt 0.38281 0.125
vt 0.39062 0.125
vt 0.39843 0.125
vt 0.40625 0.125
vt 0.41406 0.125
vt 0.42187 0.125
vt 0.42968 0.125
vt 0.4375 0.125
vt 0.44531 0.125
vt 0.45312 0.125
vt 0.46093 0.125
vt 0.46875 0.125
vt 0.47656 0.125
vt 0.48437 0.125
vt 0.49218 0.125
vt 0.5 0.125
vt 0.50781 0.125
vt 0.51562 0.125
vt 0.52343 0.125
vt 0.53125 0.125
vt 0.53906 0.125
vt 0.54687 0.125
vt 0.55468 0.125
vt 0.5625 0.125
vt 0.57031 0.125
vt 0.57812 0.125
vt 0.58593 0.125
vt 0.59375 0.125
vt 0.60156 0.125
vt 0.60937 0.125
vt 0.61718 0.125
vt 0.625 0.125
vt 0.63281 0.125
vt 0.64062 0.125
vt 0.64843 0.125
vt 0.65625 0.125
vt 0.66406 0.125
vt 0.67187 0.125
vt 0.67968 0.125
vt 0.6875 0.125
vt 0.69531 0.125
vt 0.70312 0.125
vt 0.71093 0.125
vt 0.71875 0.125
vt 0.72656 0.125
vt 0.73437 0.125
vt 0.74218 0.125
vt 0.75 0.125
vt 0.75781 0.125
vt 0.76562 0.125
vt 0.77343 0.125
vt 0.78125 0.125
vt 0.78906 0.125
vt 0.79687 0.125
vt 0.80468 0.125
vt 0.8125 0.125
vt 0.82031 0.125
vt 0.82812 0.125
vt 0.83593 0.125
vt 0.84375 0.125
vt 0.85156 0.125
vt 0.85937 0.125
vt 0.86718 0.125
vt 0.875 0.125
vt 0.88281 0.125
vt 0.89062 0.125
vt 0.89843 0.125
vt 0.90625 0.125
vt 0.91406 0.125
vt 0.92187 0.125
vt 0.92968 0.125
vt 0.9375 0.125
vt 0.94531 0.125
vt 0.95312 0.125
vt 0.96093 0.125
vt 0.96875 0.125
vt 0.97656 0.125
vt 0.98437 0.125
vt 0.99218 0.125
vt 1 0.125
vt 0 0.14062
vt 0.00781 0.14062
vt 0.01562 0.14062
vt 0.02343 0.14062
vt 0.03125 0.14062
vt 0.03906 0.14062
vt 0.04687 0.14062
vt 0.05468 0.14062
vt 0.0625 0.14062
vt 0.07031 0.14062
vt 0.07812 0.14062
vt 0.08593 0.14062
vt 0.09375 0.14062
vt 0.10156 0.14062
vt 0.10937 0.14062
vt 0.11718 0.14062
vt 0.125 0.14062
vt 0.13281 0.14062
vt 0.14062 0.14062
vt 0.14843 0.14062
vt 0.15625 0.14062
vt 0.16406 0.14062
vt 0.17187 0.14062
vt 0.17968 0.14062
vt 0.1875 0.14062
vt 0.19531 0.14062
vt 0.20312 0.14062
vt 0.21093 0.14062
vt 0.21875 0.14062
vt 0.22656 0.14062
vt 0.23437 0.14062
vt 0.24218 0.14062
vt 0.25 0.14062
vt 0.25781 0.14062
vt 0.26562 0.14062
vt 0.27343 0.14062
vt 0.28125 0.14062
vt 0.28906 0.14062
vt 0.29687 0.14062
vt 0.30468 0.14062
vt 0.3125 0.14062
vt 0.32031 0.14062
vt 0.32812 0.14062
vt 0.33593 0.14062
vt 0.34375 0.14062
vt 0.35156 0.14062
vt 0.35937 0.14062
vt 0.36718 0.14062
vt 0.375 0.14062
vt 0.38281 0.14062
vt 0.39062 0.14062
vt 0.39843 0.14062
vt 0.40625 0.14062
vt 0.41406 0.14062
vt 0.42187 0.14062
vt 0.42968 0.14062
vt 0.4375 0.14062
vt 0.44531 0.14062
vt 0.45312 0.14062
vt 0.46093 0.14062
vt 0.46875 0.14062
vt 0.47656 0.14062
vt 0.48437 0.14062
vt 0.49218 0.14062
vt 0.5 0.14062
vt 0.50781 0.14062
vt 0.51562 0.14062
vt 0.52343 0.14062
vt 0.53125 0.14062
vt 0.53906 0.14062
vt 0.54687 0.14062
vt 0.55468 0.14062
vt 0.5625 0.14062
vt 0.57031 0.14062
vt 0.57812 0.14062
vt 0.58593 0.14062
vt 0.59375 0.14062
vt 0.60156 0.14062
vt 0.60937 0.14062
vt 0.61718 0.14062
vt 0.625 0.14062
vt 0.63281 0.14062
vt 0.64062 0.14062
vt 0.64843 0.14062
vt 0.65625 0.14062
vt 0.66406 0.14062
vt 0.67187 0.14062
vt 0.67968 0.14062
vt 0.6875 0.14062
vt 0.69531 0.14062
vt 0.70312 0.14062
vt 0.71093 0.14062
vt 0.71875 0.14062
vt 0.72656 0.14062
vt 0.73437 0.14062
vt 0.74218 0.14062
vt 0.75 0.14062
vt 0.75781 0.14062
vt 0.76562 0.14062
vt 0.77343 0.14062
vt 0.78125 0.14062
vt 0.78906 0.14062
vt 0.79687 0.14062
vt 0.80468 0.14062
vt 0.8125 0.14062
vt 0.82031 0.14062
vt 0.82812 0.14062
vt 0.83593 0.14062
vt 0.84375 0.14062
vt 0.85156 0.14062
vt 0.85937 0.14062
vt 0.86718 0.14062
vt 0.875 0.14062
vt 0.88281 0.14062
vt 0.89062 0.14062
vt 0.89843 0.14062
vt 0.90625 0.14062
vt 0.91406 0.14062
vt 0.92187 0.14062
vt 0.92968 0.14062
vt 0.9375 0.14062
vt 0.94531 0.14062
vt 0.95312 0.14062
vt 0.96093 0.14062
vt 0.96875 0.14062
vt 0.97656 0.14062
vt 0.98437 0.14062
vt 0.99218 0.14062
vt 1 0.14062
vt 0 0.15625
vt 0.00781 0.15625
vt 0.01562 0.15625
vt 0.02343 0.15625
vt 0.03125 0.15625
vt 0.03906 0.15625
vt 0.04687 0.15625
vt 0.05468 0.15625
vt 0.0625 0.15625
vt 0.07031 0.15625
vt 0.07812 0.15625
vt 0.08593 0.15625
vt 0.09375 0.15625
vt 0.10156 0.15625
vt 0.10937 0.15625
vt 0.11718 0.15625
vt 0.125 0.15625
vt 0.13281 0.15625
vt 0.14062 0.15625
vt 0.14843 0.15625
vt 0.15625 0.15625
vt 0.16406 0.15625
vt 0.17187 0.15625
vt 0.17968 0.15625
vt 0.1875 0.15625
vt 0.19531 0.15625
vt 0.20312 0.15625
vt 0.21093 0.15625
vt 0.21875 0.15625
vt 0.22656 0.15625
vt 0.23437 0.15625
vt 0.24218 0.15625
vt 0.25 0.15625
vt 0.25781 0.15625
vt 0.26562 0.15625
vt 0.27343 0.15625
vt 0.28125 0.15625
vt 0.28906 0.15625
vt 0.29687 0.15625
vt 0.30468 0.15625
vt 0.3125 0.15625
vt 0.32031 0.15625
vt 0.32812 0.15625
vt 0.33593 0.15625
vt 0.34375 0.15625
vt 0.35156 0.15625
vt 0.35937 0.15625
vt 0.36718 0.15625
vt 0.375 0.15625
vt 0.38281 0.15625
vt 0.39062 0.15625
vt 0.39843 0.15625
vt 0.40625 0.15625
vt 0.41406 0.15625
vt 0.42187 0.15625
vt 0.42968 0.15625
vt 0.4375 0.15625
vt 0.44531 0.15625
vt 0.45312 0.15625
vt 0.46093 0.15625
vt 0.46875 0.15625
vt 0.47656 0.15625
vt 0.48437 0.15625
vt 0.49218 0.15625
vt 0.5 0.15625
vt 0.50781 0.15625
vt 0.51562 0.15625
vt 0.52343 0.15625
vt 0.53125 0.15625
vt 0.53906 0.15625
vt 0.54687 0.15625
vt 0.55468 0.15625
vt 0.5625 0.15625
vt 0.57031 0.15625
vt 0.57812 0.15625
vt 0.58593 0.15625
vt 0.59375 0.15625
vt 0.60156 0.15625
vt 0.60937 0.15625
vt 0.61718 0.15625
vt 0.625 0.15625
vt 0.63281 0.15625
vt 0.64062 0.15625
vt 0.64843 0.15625
vt 0.65625 0.15625
vt 0.66406 0.15625
vt 0.67187 0.15625
vt 0.67968 0.15625
vt 0.6875 0.15625
vt 0.69531 0.15625
vt 0.70312 0.15625
vt 0.71093 0.15625
vt 0.71875 0.15625
vt 0.72656 0.15625
vt 0.73437 0.15625
vt 0.74218 0.15625
vt 0.75 0.15625
vt 0.75781 0.15625
vt 0.76562 0.15625
vt 0.77343 0.15625
vt 0.78125 0.15625
vt 0.78906 0.15625
vt 0.79687 0.15625
vt 0.80468 0.15625
vt 0.8125 0.15625
vt 0.82031 0.15625
vt 0.82812 0.15625
vt 0.83593 0.15625
vt 0.84375 0.15625
vt 0.85156 0.15625
vt 0.85937 0.15625
vt 0.86718 0.15625
vt 0.875 0.15625
vt 0.88281 0.15625
vt 0.89062 0.15625
vt 0.89843 0.15625
vt 0.90625 0.15625
vt 0.91406 0.15625
vt 0.92187 0.15625
vt 0.92968 0.15625
vt 0.9375 0.15625
vt 0.94531 0.15625
vt 0.95312 0.15625
vt 0.96093 0.15625
vt 0.96875 0.15625
vt 0.97656 0.15625
vt 0.98437 0.15625
vt 0.99218 0.15625
vt 1 0.15625
vt 0 0.17187
vt 0.00781 0.17187
vt 0.01562 0.17187
vt 0.02343 0.17187
vt 0.03125 0.17187
vt 0.03906 0.17187
vt 0.04687 0.17187
vt 0.05468 0.17187
vt 0.0625 0.17187
vt 0.07031 0.17187
vt 0.07812 0.17187
vt 0.08593 0.17187
vt 0.09375 0.17187
vt 0.10156 0.17187
vt 0.10937 0.17187
vt 0.11718 0.17187
vt 0.125 0.17187
vt 0.13281 0.17187
vt 0.14062 0.17187
vt 0.14843 0.17187
vt 0.15625 0.17187
vt 0.16406 0.17187
vt 0.17187 0.17187
vt 0.17968 0.17187
vt 0.1875 0.17187
vt 0.19531 0.17187
vt 0.20312 0.17187
vt 0.21093 0.17187
vt 0.21875 0.17187
vt 0.22656 0.17187
vt 0.23437 0.17187
vt 0.24218 0.17187
vt 0.25 0.17187
vt 0.25781 0.17187
vt 0.26562 0.17187
vt 0.27343 0.17187
vt 0.28125 0.17187
vt 0.28906 0.17187
vt 0.29687 0.17187
vt 0.30468 0.17187
vt 0.3125 0.17187
vt 0.32031 0.17187
vt 0.32812 0.17187
vt 0.33593 0.17187
vt 0.34375 0.17187
vt 0.35156 0.17187
vt 0.35937 0.17187
vt 0.36718 0.17187
vt 0.375 0.17187
vt 0.38281 0.17187
vt 0.39062 0.17187
vt 0.39843 0.17187
vt 0.40625 0.17187
vt 0.41406 0.17187
vt 0.42187 0.17187
vt 0.42968 0.17187
vt 0.4375 0.17187
vt 0.44531 0.17187
vt 0.45312 0.17187
vt 0.46093 0.17187
vt 0.46875 0.17187
vt 0.47656 0.17187
vt 0.48437 0.17187
vt 0.49218 0.17187
vt 0.5 0.17187
vt 0.50781 0.17187
vt 0.51562 0.17187
vt 0.52343 0.17187
vt 0.53125 0.17187
vt 0.53906 0.17187
vt 0.54687 0.17187
vt 0.55468 0.17187
vt 0.5625 0.17187
vt 0.57031 0.17187
vt 0.57812 0.17187
vt 0.58593 0.17187
vt 0.59375 0.17187
vt 0.60156 0.17187
vt 0.60937 0.17187
vt 0.61718 0.17187
vt 0.625 0.17187
vt 0.63281 0.17187
vt 0.64062 0.17187
vt 0.64843 0.17187
vt 0.65625 0.17187
vt 0.66406 0.17187
vt 0.67187 0.17187
vt 0.67968 0.17187
vt 0.6875 0.17187
vt 0.69531 0.17187
vt 0.70312 0.17187
vt 0.71093 0.17187
vt 0.71875 0.17187
vt 0.72656 0.17187
vt 0.73437 0.17187
vt 0.74218 0.17187
vt 0.75 0.17187
vt 0.75781 0.17187
vt 0.76562 0.17187
vt 0.77343 0.17187
vt 0.78125 0.17187
vt 0.78906 0.17187
vt 0.79687 0.17187
vt 0.80468 0.17187
vt 0.8125 0.17187
vt 0.82031 0.17187
vt 0.82812 0.17187
vt 0.83593 0.17187
vt 0.84375 0.17187
vt 0.85156 0.17187
vt 0.85937 0.17187
vt 0.86718 0.17187
vt 0.875 0.17187
vt 0.88281 0.17187
vt 0.89062 0.17187
vt 0.89843 0.17187
vt 0.90625 0.17187
vt 0.91406 0.17187
vt 0.92187 0.17187
vt 0.92968 0.17187
vt 0.9375 0.17187
vt 0.94531 0.17187
vt 0.95312 0.17187
vt 0.96093 0.17187
vt 0.96875 0.17187
vt 0.97656 0.17187
vt 0.98437 0.17187
vt 0.99218 0.17187
vt 1 0.17187
vt 0 0.1875
vt 0.00781 0.1875
vt 0.01562 0.1875
vt 0.02343 0.1875
vt 0.03125 0.1875
vt 0.03906 0.1875
vt 0.04687 0.1875
vt 0.05468 0.1875
vt 0.0625 0.1875
vt 0.07031 0.1875
vt 0.07812 0.1875
vt 0.08593 0.1875
vt 0.09375 0.1875
vt 0.10156 0.1875
vt 0.10937 0.1875
vt 0.11718 0.1875
vt 0.125 0.1875
vt 0.13281 0.1875
vt 0.14062 0.1875
vt 0.14843 0.1875
vt 0.15625 0.1875
vt 0.16406 0.1875
vt 0.17187 0.1875
vt 0.17968 0.1875
vt 0.1875 0.1875
vt 0.19531 0.1875
vt 0.20312 0.1875
vt 0.21093 0.1875
vt 0.21875 0.1875
vt 0.22656 0.1875
vt 0.23437 0.1875
vt 0.24218 0.1875
vt 0.25 0.1875
vt 0.25781 0.1875
vt 0.26562 0.1875
vt 0.27343 0.1875
vt 0.28125 0.1875
vt 0.28906 0.1875
vt 0.29687 0.1875
vt 0.30468 0.1875
vt 0.3125 0.1875
vt 0.32031 0.1875
vt 0.32812 0.1875
vt 0.33593 0.1875
vt 0.34375 0.1875
vt 0.35156 0.1875
vt 0.35937 0.1875
vt 0.36718 0.1875
vt 0.375 0.1875
vt 0.38281 0.1875
vt 0.39062 0.1875
vt 0.39843 0.1875
vt 0.40625 0.1875
vt 0.41406 0.1875
vt 0.42187 0.1875
vt 0.42968 0.1875
vt 0.4375 0.1875
vt 0.44531 0.1875
vt 0.45312 0.1875
vt 0.46093 0.1875
vt 0.46875 0.1875
vt 0.47656 0.1875
vt 0.48437 0.1875
vt 0.49218 0.1875
vt 0.5 0.1875
vt 0.50781 0.1875
vt 0.51562 0.1875
vt 0.52343 0.1875
vt 0.53125 0.1875
vt 0.53906 0.1875
vt 0.54687 0.1875
vt 0.55468 0.1875
vt 0.5625 0.1875
vt 0.57031 0.1875
vt 0.57812 0.1875
vt 0.58593 0.1875
vt 0.59375 0.1875
vt 0.60156 0.1875
vt 0.60937 0.1875
vt 0.61718 0.1875
vt 0.625 0.1875
vt 0.63281 0.1875
vt 0.64062 0.1875
vt 0.64843 0.1875
vt 0.65625 0.1875
vt 0.66406 0.1875
vt 0.67187 0.1875
vt 0.67968 0.1875
vt 0.6875 0.1875
vt 0.69531 0.1875
vt 0.70312 0.1875
vt 0.71093 0.1875
vt 0.71875 0.1875
vt 0.72656 0.1875
vt 0.73437 0.1875
vt 0.74218 0.1875
vt 0.75 0.1875
vt 0.75781 0.1875
vt 0.76562 0.1875
vt 0.77343 0.1875
vt 0.78125 0.1875
vt 0.78906 0.1875
vt 0.79687 0.1875
vt 0.80468 0.1875
vt 0.8125 0.1875
vt 0.82031 0.1875
vt 0.82812 0.1875
vt 0.83593 0.1875
vt 0.84375 0.1875
vt 0.85156 0.1875
vt 0.85937 0.1875
vt 0.86718 0.1875
vt 0.875 0.1875
vt 0.88281 0.1875
vt 0.89062 0.1875
vt 0.89843 0.1875
vt 0.90625 0.1875
vt 0.91406 0.1875
vt 0.92187 0.1875
vt 0.92968 0.1875
vt 0.9375 0.1875
vt 0.94531 0.1875
vt 0.95312 0.1875
vt 0.96093 0.1875
vt 0.96875 0.1875
vt 0.97656 0.1875
vt 0.98437 0.1875
vt 0.99218 0.1875
vt 1 0.1875
vt 0 0.20312
vt 0.00781 0.20312
vt 0.01562 0.20312
vt 0.02343 0.20312
vt 0.03125 0.20312
vt 0.03906 0.20312
vt 0.04687 0.20312
vt 0.05468 0.20312
vt 0.0625 0.20312
vt 0.07031 0.20312
vt 0.07812 0.20312
vt 0.08593 0.20312
vt 0.09375 0.20312
vt 0.10156 0.20312
vt 0.10937 0.20312
vt 0.11718 0.20312
vt 0.125 0.20312
vt 0.13281 0.20312
vt 0.14062 0.20312
vt 0.14843 0.20312
vt 0.15625 0.20312
vt 0.16406 0.20312
vt 0.17187 0.20312
vt 0.17968 0.20312
vt 0.1875 0.20312
vt 0.19531 0.20312
vt 0.20312 0.20312
vt 0.21093 0.20312
vt 0.21875 0.20312
vt 0.22656 0.20312
vt 0.23437 0.20312
vt 0.24218 0.20312
vt 0.25 0.20312
vt 0.25781 0.20312
vt 0.26562 0.20312
vt 0.27343 0.20312
vt 0.28125 0.20312
vt 0.28906 0.20312
vt 0.29687 0.20312
vt 0.30468 0.20312
vt 0.3125 0.20312
vt 0.32031 0.20312
vt 0.32812 0.20312
vt 0.33593 0.20312
vt 0.34375 0.20312
vt 0.35156 0.20312
vt 0.35937 0.20312
vt 0.36718 0.20312
vt 0.375 0.20312
vt 0.38281 0.20312
vt 0.39062 0.20312
vt 0.39843 0.20312
vt 0.40625 0.20312
vt 0.41406 0.20312
vt 0.42187 0.20312
vt 0.42968 0.20312
vt 0.4375 0.20312
vt 0.44531 0.20312
vt 0.45312 0.20312
vt 0.46093 0.20312
vt 0.46875 0.20312
vt 0.47656 0.20312
vt 0.48437 0.20312
vt 0.49218 0.20312
vt 0.5 0.20312
vt 0.50781 0.20312
vt 0.51562 0.20312
vt 0.52343 0.20312
vt 0.53125 0.20312
vt 0.53906 0.20312
vt 0.54687 0.20312
vt 0.55468 0.20312
vt 0.5625 0.20312
vt 0.57031 0.20312
vt 0.57812 0.20312
vt 0.58593 0.20312
vt 0.59375 0.20312
vt 0.60156 0.20312
vt 0.60937 0.20312
vt 0.61718 0.20312
vt 0.625 0.20312
vt 0.63281 0.20312
vt 0.64062 0.20312
vt 0.64843 0.20312
vt 0.65625 0.20312
vt 0.66406 0.20312
vt 0.67187 0.20312
vt 0.67968 0.20312
vt 0.6875 0.20312
vt 0.69531 0.20312
vt 0.70312 0.20312
vt 0.71093 0.20312
vt 0.71875 0.20312
vt 0.72656 0.20312
vt 0.73437 0.20312
vt 0.74218 0.20312
vt 0.75 0.20312
vt 0.75781 0.20312
vt 0.76562 0.20312
vt 0.77343 0.20312
vt 0.78125 0.20312
vt 0.78906 0.20312
vt 0.79687 0.20312
vt 0.80468 0.20312
vt 0.8125 0.20312
vt 0.82031 0.20312
vt 0.82812 0.20312
vt 0.83593 0.20312
vt 0.84375 0.20312
vt 0.85156 0.20312
vt 0.85937 0.20312
vt 0.86718 0.20312
vt 0.875 0.20312
vt 0.88281 0.20312
vt 0.89062 0.20312
vt 0.89843 0.20312
vt 0.90625 0.20312
vt 0.91406 0.20312
vt 0.92187 0.20312
vt 0.92968 0.20312
vt 0.9375 0.20312
vt 0.94531 0.20312
vt 0.95312 0.20312
vt 0.96093 0.20312
vt 0.96875 0.20312
vt 0.97656 0.20312
vt 0.98437 0.20312
vt 0.99218 0.20312
vt 1 0.20312
vt 0 0.21875
vt 0.00781 0.21875
vt 0.01562 0.21875
vt 0.02343 0.21875
vt 0.03125 0.21875
vt 0.03906 0.21875
vt 0.04687 0.21875
vt 0.05468 0.21875
vt 0.0625 0.21875
vt 0.07031 0.21875
vt 0.07812 0.21875
vt 0.08593 0.21875
vt 0.09375 0.21875
vt 0.10156 0.21875
vt 0.10937 0.21875
vt 0.11718 0.21875
vt 0.125 0.21875
vt 0.13281 0.21875
vt 0.14062 0.21875
vt 0.14843 0.21875
vt 0.15625 0.21875
vt 0.16406 0.21875
vt 0.17187 0.21875
vt 0.17968 0.21875
vt 0.1875 0.21875
vt 0.19531 0.21875
vt 0.20312 0.21875
vt 0.21093 0.21875
vt 0.21875 0.21875
vt 0.22656 0.21875
vt 0.23437 0.21875
vt 0.24218 0.21875
vt 0.25 0.21875
vt 0.25781 0.21875
vt 0.26562 0.21875
vt 0.27343 0.21875
vt 0.28125 0.21875
vt 0.28906 0.21875
vt 0.29687 0.21875
vt 0.30468 0.21875
vt 0.3125 0.21875
vt 0.32031 0.21875
vt 0.32812 0.21875
vt 0.33593 0.21875
vt 0.34375 0.21875
vt 0.35156 0.21875
vt 0.35937 0.21875
vt 0.36718 0.21875
vt 0.375 0.21875
vt 0.38281 0.21875
vt 0.39062 0.21875
vt 0.39843 0.21875
vt 0.40625 0.21875
vt 0.41406 0.21875
vt 0.42187 0.21875
vt 0.42968 0.21875
vt 0.4375 0.21875
vt 0.44531 0.21875
vt 0.45312 0.21875
vt 0.46093 0.21875
vt 0.46875 0.21875
vt 0.47656 0.21875
vt 0.48437 0.21875
vt 0.49218 0.21875
vt 0.5 0.21875
vt 0.50781 0.21875
vt 0.51562 0.21875
vt 0.52343 0.21875
vt 0.53125 0.21875
vt 0.53906 0.21875
vt 0.54687 0.21875
vt 0.55468 0.21875
vt 0.5625 0.21875
vt 0.57031 0.21875
vt 0.57812 0.21875
vt 0.58593 0.21875
vt 0.59375 0.21875
vt 0.60156 0.21875
vt 0.60937 0.21875
vt 0.61718 0.21875
vt 0.625 0.21875
vt 0.63281 0.21875
vt 0.64062 0.21875
vt 0.64843 0.21875
vt 0.65625 0.21875
vt 0.66406 0.21875
vt 0.67187 0.21875
vt 0.67968 0.21875
vt 0.6875 0.21875
vt 0.69531 0.21875
vt 0.70312 0.21875
vt 0.71093 0.21875
vt 0.71875 0.21875
vt 0.72656 0.21875
vt 0.73437 0.21875
vt 0.74218 0.21875
vt 0.75 0.21875
vt 0.75781 0.21875
vt 0.76562 0.21875
vt 0.77343 0.21875
vt 0.78125 0.21875
vt 0.78906 0.21875
vt 0.79687 0.21875
vt 0.80468 0.21875
vt 0.8125 0.21875
vt 0.82031 0.21875
vt 0.82812 0.21875
vt 0.83593 0.21875
vt 0.84375 0.21875
vt 0.85156 0.21875
vt 0.85937 0.21875
vt 0.86718 0.21875
vt 0.875 0.21875
vt 0.88281 0.21875
vt 0.89062 0.21875
vt 0.89843 0.21875
vt 0.90625 0.21875
vt 0.91406 0.21875
vt 0.92187 0.21875
vt 0.92968 0.21875
vt 0.9375 0.21875
vt 0.94531 0.21875
vt 0.95312 0.21875
vt 0.96093 0.21875
vt 0.96875 0.21875
vt 0.97656 0.21875
vt 0.98437 0.21875
vt 0.99218 0.21875
vt 1 0.21875
vt 0 0.23437
vt 0.00781 0.23437
vt 0.01562 0.23437
vt 0.02343 0.23437
vt 0.03125 0.23437
vt 0.03906 0.23437
vt 0.04687 0.23437
vt 0.05468 0.23437
vt 0.0625 0.23437
vt 0.07031 0.23437
vt 0.07812 0.23437
vt 0.08593 0.23437
vt 0.09375 0.23437
vt 0.10156 0.23437
vt 0.10937 0.23437
vt 0.11718 0.23437
vt 0.125 0.23437
vt 0.13281 0.23437
vt 0.14062 0.23437
vt 0.14843 0.23437
vt 0.15625 0.23437
vt 0.16406 0.23437
vt 0.17187 0.23437
vt 0.17968 0.23437
vt 0.1875 0.23437
vt 0.19531 0.23437
vt 0.20312 0.23437
vt 0.21093 0.23437
vt 0.21875 0.23437
vt 0.22656 0.23437
vt 0.23437 0.23437
vt 0.24218 0.23437
vt 0.25 0.23437
vt 0.25781 0.23437
vt 0.26562 0.23437
vt 0.27343 0.23437
vt 0.28125 0.23437
vt 0.28906 0.23437
vt 0.29687 0.23437
vt 0.30468 0.23437
vt 0.3125 0.23437
vt 0.32031 0.23437
vt 0.32812 0.23437
vt 0.33593 0.23437
vt 0.34375 0.23437
vt 0.35156 0.23437
vt 0.35937 0.23437
vt 0.36718 0.23437
vt 0.375 0.23437
vt 0.38281 0.23437
vt 0.39062 0.23437
vt 0.39843 0.23437
vt 0.40625 0.23437
vt 0.41406 0.23437
vt 0.42187 0.23437
vt 0.42968 0.23437
vt 0.4375 0.23437
vt 0.44531 0.23437
vt 0.45312 0.23437
vt 0.46093 0.23437
vt 0.46875 0.23437
vt 0.47656 0.23437
vt 0.48437 0.23437
vt 0.49218 0.23437
vt 0.5 0.23437
vt 0.50781 0.23437
vt 0.51562 0.23437
vt 0.52343 0.23437
vt 0.53125 0.23437
vt 0.53906 0.23437
vt 0.54687 0.23437
vt 0.55468 0.23437
vt 0.5625 0.23437
vt 0.57031 0.23437
vt 0.57812 0.23437
vt 0.58593 0.23437
vt 0.59375 0.23437
vt 0.60156 0.23437
vt 0.60937 0.23437
vt 0.61718 0.23437
vt 0.625 0.23437
vt 0.63281 0.23437
vt 0.64062 0.23437
vt 0.64843 0.23437
vt 0.65625 0.23437
vt 0.66406 0.23437
vt 0.67187 0.23437
vt 0.67968 0.23437
vt 0.6875 0.23437
vt 0.69531 0.23437
vt 0.70312 0.23437
vt 0.71093 0.23437
vt 0.71875 0.23437
vt 0.72656 0.23437
vt 0.73437 0.23437
vt 0.74218 0.23437
vt 0.75 0.23437
vt 0.75781 0.23437
vt 0.76562 0.23437
vt 0.77343 0.23437
vt 0.78125 0.23437
vt 0.78906 0.23437
vt 0.79687 0.23437
vt 0.80468 0.23437
vt 0.8125 0.23437
vt 0.82031 0.23437
vt 0.82812 0.23437
vt 0.83593 0.23437
vt 0.84375 0.23437
vt 0.85156 0.23437
vt 0.85937 0.23437
vt 0.86718 0.23437
vt 0.875 0.23437
vt 0.88281 0.23437
vt 0.89062 0.23437
vt 0.89843 0.23437
vt 0.90625 0.23437
vt 0.91406 0.23437
vt 0.92187 0.23437
vt 0.92968 0.23437
vt 0.9375 0.23437
vt 0.94531 0.23437
vt 0.95312 0.23437
vt 0.96093 0.23437
vt 0.96875 0.23437
vt 0.97656 0.23437
vt 0.98437 0.23437
vt 0.99218 0.23437
vt 1 0.23437
vt 0 0.25
vt 0.00781 0.25
vt 0.01562 0.25
vt 0.02343 0.25
vt 0.03125 0.25
vt 0.03906 0.25
vt 0.04687 0.25
vt 0.05468 0.25
vt 0.0625 0.25
vt 0.07031 0.25
vt 0.07812 0.25
vt 0.08593 0.25
vt 0.09375 0.25
vt 0.10156 0.25
vt 0.10937 0.25
vt 0.11718 0.25
vt 0.125 0.25
vt 0.13281 0.25
vt 0.14062 0.25
vt 0.14843 0.25
vt 0.15625 0.25
vt 0.16406 0.25
vt 0.17187 0.25
vt 0.17968 0.25
vt 0.1875 0.25
vt 0.19531 0.25
vt 0.20312 0.25
vt 0.21093 0.25
vt 0.21875 0.25
vt 0.22656 0.25
vt 0.23437 0.25
vt 0.24218 0.25
vt 0.25 0.25
vt 0.25781 0.25
vt 0.26562 0.25
vt 0.27343 0.25
vt 0.28125 0.25
vt 0.28906 0.25
vt 0.29687 0.25
vt 0.30468 0.25
vt 0.3125 0.25
vt 0.32031 0.25
vt 0.32812 0.25
vt 0.33593 0.25
vt 0.34375 0.25
vt 0.35156 0.25
vt 0.35937 0.25
vt 0.36718 0.25
vt 0.375 0.25
vt 0.38281 0.25
vt 0.39062 0.25
vt 0.39843 0.25
vt 0.40625 0.25
vt 0.41406 0.25
vt 0.42187 0.25
vt 0.42968 0.25
vt 0.4375 0.25
vt 0.44531 0.25
vt 0.45312 0.25
vt 0.46093 0.25
vt 0.46875 0.25
vt 0.47656 0.25
vt 0.48437 0.25
vt 0.49218 0.25
vt 0.5 0.25
vt 0.50781 0.25
vt 0.51562 0.25
vt 0.52343 0.25
vt 0.53125 0.25
vt 0.53906 0.25
vt 0.54687 0.25
vt 0.55468 0.25
vt 0.5625 0.25
vt 0.57031 0.25
vt 0.57812 0.25
vt 0.58593 0.25
vt 0.59375 0.25
vt 0.60156 0.25
vt 0.60937 0.25
vt 0.61718 0.25
vt 0.625 0.25
vt 0.63281 0.25
vt 0.64062 0.25
vt 0.64843 0.25
vt 0.65625 0.25
vt 0.66406 0.25
vt 0.67187 0.25
vt 0.67968 0.25
vt 0.6875 0.25
vt 0.69531 0.25
vt 0.70312 0.25
vt 0.71093 0.25
vt 0.71875 0.25
vt 0.72656 0.25
vt 0.73437 0.25
vt 0.74218 0.25
vt 0.75 0.25
vt 0.75781 0.25
vt 0.76562 0.25
vt 0.77343 0.25
vt 0.78125 0.25
vt 0.78906 0.25
vt 0.79687 0.25
vt 0.80468 0.25
vt 0.8125 0.25
vt 0.82031 0.25
vt 0.82812 0.25
vt 0.83593 0.25
vt 0.84375 0.25
vt 0.85156 0.25
vt 0.85937 0.25
vt 0.86718 0.25
vt 0.875 0.25
vt 0.88281 0.25
vt 0.89062 0.25
vt 0.89843 0.25
vt 0.90625 0.25
vt 0.91406 0.25
vt 0.92187 0.25
vt 0.92968 0.25
vt 0.9375 0.25
vt 0.94531 0.25
vt 0.95312 0.25
vt 0.96093 0.25
vt 0.96875 0.25
vt 0.97656 0.25
vt 0.98437 0.25
vt 0.99218 0.25
vt 1 0.25
vt 0 0.26562
vt 0.00781 0.26562
vt 0.01562 0.26562
vt 0.02343 0.26562
vt 0.03125 0.26562
vt 0.03906 0.26562
vt 0.04687 0.26562
vt 0.05468 0.26562
vt 0.0625 0.26562
vt 0.07031 0.26562
vt 0.07812 0.26562
vt 0.08593 0.26562
vt 0.09375 0.26562
vt 0.10156 0.26562
vt 0.10937 0.26562
vt 0.11718 0.26562
vt 0.125 0.26562
vt 0.13281 0.26562
vt 0.14062 0.26562
vt 0.14843 0.26562
vt 0.15625 0.26562
vt 0.16406 0.26562
vt 0.17187 0.26562
vt 0.17968 0.26562
vt 0.1875 0.26562
vt 0.19531 0.26562
vt 0.20312 0.26562
vt 0.21093 0.26562
vt 0.21875 0.26562
vt 0.22656 0.26562
vt 0.23437 0.26562
vt 0.24218 0.26562
vt 0.25 0.26562
vt 0.25781 0.26562
vt 0.26562 0.26562
vt 0.27343 0.26562
vt 0.28125 0.26562
vt 0.28906 0.26562
vt 0.29687 0.26562
vt 0.30468 0.26562
vt 0.3125 0.26562
vt 0.32031 0.26562
vt 0.32812 0.26562
vt 0.33593 0.26562
vt 0.34375 0.26562
vt 0.35156 0.26562
vt 0.35937 0.26562
vt 0.36718 0.26562
vt 0.375 0.26562
vt 0.38281 0.26562
vt 0.39062 0.26562
vt 0.39843 0.26562
vt 0.40625 0.26562
vt 0.41406 0.26562
vt 0.42187 0.26562
vt 0.42968 0.26562
vt 0.4375 0.26562
vt 0.44531 0.26562
vt 0.45312 0.26562
vt 0.46093 0.26562
vt 0.46875 0.26562
vt 0.47656 0.26562
vt 0.48437 0.26562
vt 0.49218 0.26562
vt 0.5 0.26562
vt 0.50781 0.26562
vt 0.51562 0.26562
vt 0.52343 0.26562
vt 0.53125 0.26562
vt 0.53906 0.26562
vt 0.54687 0.26562
vt 0.55468 0.26562
vt 0.5625 0.26562
vt 0.57031 0.26562
vt 0.57812 0.26562
vt 0.58593 0.26562
vt 0.59375 0.26562
vt 0.60156 0.26562
vt 0.60937 0.26562
vt 0.61718 0.26562
vt 0.625 0.26562
vt 0.63281 0.26562
vt 0.64062 0.26562
vt 0.64843 0.26562
vt 0.65625 0.26562
vt 0.66406 0.26562
vt 0.67187 0.26562
vt 0.67968 0.26562
vt 0.6875 0.26562
vt 0.69531 0.26562
vt 0.70312 0.26562
vt 0.71093 0.26562
vt 0.71875 0.26562
vt 0.72656 0.26562
vt 0.73437 0.26562
vt 0.74218 0.26562
vt 0.75 0.26562
vt 0.75781 0.26562
vt 0.76562 0.26562
vt 0.77343 0.26562
vt 0.78125 0.26562
vt 0.78906 0.26562
vt 0.79687 0.26562
vt 0.80468 0.26562
vt 0.8125 0.26562
vt 0.82031 0.26562
vt 0.82812 0.26562
vt 0.83593 0.26562
vt 0.84375 0.26562
vt 0.85156 0.26562
vt 0.85937 0.26562
vt 0.86718 0.26562
vt 0.875 0.26562
vt 0.88281 0.26562
vt 0.89062 0.26562
vt 0.89843 0.26562
vt 0.90625 0.26562
vt 0.91406 0.26562
vt 0.92187 0.26562
vt 0.92968 0.26562
vt 0.9375 0.26562
vt 0.94531 0.26562
vt 0.95312 0.26562
vt 0.96093 0.26562
vt 0.96875 0.26562
vt 0.97656 0.26562
vt 0.98437 0.26562
vt 0.99218 0.26562
vt 1 0.26562
vt 0 0.28125
vt 0.00781 0.28125
vt 0.01562 0.28125
vt 0.02343 0.28125
vt 0.03125 0.28125
vt 0.03906 0.28125
vt 0.04687 0.28125
vt 0.05468 0.28125
vt 0.0625 0.28125
vt 0.07031 0.28125
vt 0.07812 0.28125
vt 0.08593 0.28125
vt 0.09375 0.28125
vt 0.10156 0.28125
vt 0.10937 0.28125
vt 0.11718 0.28125
vt 0.125 0.28125
vt 0.13281 0.28125
vt 0.14062 0.28125
vt 0.14843 0.28125
vt 0.15625 0.28125
vt 0.16406 0.28125
vt 0.17187 0.28125
vt 0.17968 0.28125
vt 0.1875 0.28125
vt 0.19531 0.28125
vt 0.20312 0.28125
vt 0.21093 0.28125
vt 0.21875 0.28125
vt 0.22656 0.28125
vt 0.23437 0.28125
vt 0.24218 0.28125
vt 0.25 0.28125
vt 0.25781 0.28125
vt 0.26562 0.28125
vt 0.27343 0.28125
vt 0.28125 0.28125
vt 0.28906 0.28125
vt 0.29687 0.28125
vt 0.30468 0.28125
vt 0.3125 0.28125
vt 0.32031 0.28125
vt 0.32812 0.28125
vt 0.33593 0.28125
vt 0.34375 0.28125
vt 0.35156 0.28125
vt 0.35937 0.28125
vt 0.36718 0.28125
vt 0.375 0.28125
vt 0.38281 0.28125
vt 0.39062 0.28125
vt 0.39843 0.28125
vt 0.40625 0.28125
vt 0.41406 0.28125
vt 0.42187 0.28125
vt 0.42968 0.28125
vt 0.4375 0.28125
vt 0.44531 0.28125
vt 0.45312 0.28125
vt 0.46093 0.28125
vt 0.46875 0.28125
vt 0.47656 0.28125
vt 0.48437 0.28125
vt 0.49218 0.28125
vt 0.5 0.28125
vt 0.50781 0.28125
vt 0.51562 0.28125
vt 0.52343 0.28125
vt 0.53125 0.28125
vt 0.53906 0.28125
vt 0.54687 0.28125
vt 0.55468 0.28125
vt 0.5625 0.28125
vt 0.57031 0.28125
vt 0.57812 0.28125
vt 0.58593 0.28125
vt 0.59375 0.28125
vt 0.60156 0.28125
vt 0.60937 0.28125
vt 0.61718 0.28125
vt 0.625 0.28125
vt 0.63281 0.28125
vt 0.64062 0.28125
vt 0.64843 0.28125
vt 0.65625 0.28125
vt 0.66406 0.28125
vt 0.67187 0.28125
vt 0.67968 0.28125
vt 0.6875 0.28125
vt 0.69531 0.28125
vt 0.70312 0.28125
vt 0.71093 0.28125
vt 0.71875 0.28125
vt 0.72656 0.28125
vt 0.73437 0.28125
vt 0.74218 0.28125
vt 0.75 0.28125
vt 0.75781 0.28125
vt 0.76562 0.28125
vt 0.77343 0.28125
vt 0.78125 0.28125
vt 0.78906 0.28125
vt 0.79687 0.28125
vt 0.80468 0.28125
vt 0.8125 0.28125
vt 0.82031 0.28125
vt 0.82812 0.28125
vt 0.83593 0.28125
vt 0.84375 0.28125
vt 0.85156 0.28125
vt 0.85937 0.28125
vt 0.86718 0.28125
vt 0.875 0.28125
vt 0.88281 0.28125
vt 0.89062 0.28125
vt 0.89843 0.28125
vt 0.90625 0.28125
vt 0.91406 0.28125
vt 0.92187 0.28125
vt 0.92968 0.28125
vt 0.9375 0.28125
vt 0.94531 0.28125
vt 0.95312 0.28125
vt 0.96093 0.28125
vt 0.96875 0.28125
vt 0.97656 0.28125
vt 0.98437 0.28125
vt 0.99218 0.28125
vt 1 0.28125
vt 0 0.29687
vt 0.00781 0.29687
vt 0.01562 0.29687
vt 0.02343 0.29687
vt 0.03125 0.29687
vt 0.03906 0.29687
vt 0.04687 0.29687
vt 0.05468 0.29687
vt 0.0625 0.29687
vt 0.07031 0.29687
vt 0.07812 0.29687
vt 0.08593 0.29687
vt 0.09375 0.29687
vt 0.10156 0.29687
vt 0.10937 0.29687
vt 0.11718 0.29687
vt 0.125 0.29687
vt 0.13281 0.29687
vt 0.14062 0.29687
vt 0.14843 0.29687
vt 0.15625 0.29687
vt 0.16406 0.29687
vt 0.17187 0.29687
vt 0.17968 0.29687
vt 0.1875 0.29687
vt 0.19531 0.29687
vt 0.20312 0.29687
vt 0.21093 0.29687
vt 0.21875 0.29687
vt 0.22656 0.29687
vt 0.23437 0.29687
vt 0.24218 0.29687
vt 0.25 0.29687
vt 0.25781 0.29687
vt 0.26562 0.29687
vt 0.27343 0.29687
vt 0.28125 0.29687
vt 0.28906 0.29687
vt 0.29687 0.29687
vt 0.30468 0.29687
vt 0.3125 0.29687
vt 0.32031 0.29687
vt 0.32812 0.29687
vt 0.33593 0.29687
vt 0.34375 0.29687
vt 0.35156 0.29687
vt 0.35937 0.29687
vt 0.36718 0.29687
vt 0.375 0.29687
vt 0.38281 0.29687
vt 0.39062 0.29687
vt 0.39843 0.29687
vt 0.40625 0.29687
vt 0.41406 0.29687
vt 0.42187 0.29687
vt 0.42968 0.29687
vt 0.4375 0.29687
vt 0.44531 0.29687
vt 0.45312 0.29687
vt 0.46093 0.29687
vt 0.46875 0.29687
vt 0.47656 0.29687
vt 0.48437 0.29687
vt 0.49218 0.29687
vt 0.5 0.29687
vt 0.50781 0.29687
vt 0.51562 0.29687
vt 0.52343 0.29687
vt 0.53125 0.29687
vt 0.53906 0.29687
vt 0.54687 0.29687
vt 0.55468 0.29687
vt 0.5625 0.29687
vt 0.57031 0.29687
vt 0.57812 0.29687
vt 0.58593 0.29687
vt 0.59375 0.29687
vt 0.60156 0.29687
vt 0.60937 0.29687
vt 0.61718 0.29687
vt 0.625 0.29687
vt 0.63281 0.29687
vt 0.64062 0.29687
vt 0.64843 0.29687
vt 0.65625 0.29687
vt 0.66406 0.29687
vt 0.67187 0.29687
vt 0.67968 0.29687
vt 0.6875 0.29687
vt 0.69531 0.29687
vt 0.70312 0.29687
vt 0.71093 0.29687
vt 0.71875 0.29687
vt 0.72656 0.29687
vt 0.73437 0.29687
vt 0.74218 0.29687
vt 0.75 0.29687
vt 0.75781 0.29687
vt 0.76562 0.29687
vt 0.77343 0.29687
vt 0.78125 0.29687
vt 0.78906 0.29687
vt 0.79687 0.29687
vt 0.80468 0.29687
vt 0.8125 0.29687
vt 0.82031 0.29687
vt 0.82812 0.29687
vt 0.83593 0.29687
vt 0.84375 0.29687
vt 0.85156 0.29687
vt 0.85937 0.29687
vt 0.86718 0.29687
vt 0.875 0.29687
vt 0.88281 0.29687
vt 0.89062 0.29687
vt 0.89843 0.29687
vt 0.90625 0.29687
vt 0.91406 0.29687
vt 0.92187 0.29687
vt 0.92968 0.29687
vt 0.9375 0.29687
vt 0.94531 0.29687
vt 0.95312 0.29687
vt 0.96093 0.29687
vt 0.96875 0.29687
vt 0.97656 0.29687
vt 0.98437 0.29687
vt 0.99218 0.29687
vt 1 0.29687
vt 0 0.3125
vt 0.00781 0.3125
vt 0.01562 0.3125
vt 0.02343 0.3125
vt 0.03125 0.3125
vt 0.03906 0.3125
vt 0.04687 0.3125
vt 0.05468 0.3125
vt 0.0625 0.3125
vt 0.07031 0.3125
vt 0.07812 0.3125
vt 0.08593 0.3125
vt 0.09375 0.3125
vt 0.10156 0.3125
vt 0.10937 0.3125
vt 0.11718 0.3125
vt 0.125 0.3125
vt 0.13281 0.3125
vt 0.14062 0.3125
vt 0.14843 0.3125
vt 0.15625 0.3125
vt 0.16406 0.3125
vt 0.17187 0.3125
vt 0.17968 0.3125
vt 0.1875 0.3125
vt 0.19531 0.3125
vt 0.20312 0.3125
vt 0.21093 0.3125
vt 0.21875 0.3125
vt 0.22656 0.3125
vt 0.23437 0.3125
vt 0.24218 0.3125
vt 0.25 0.3125
vt 0.25781 0.3125
vt 0.26562 0.3125
vt 0.27343 0.3125
vt 0.28125 0.3125
vt 0.28906 0.3125
vt 0.29687 0.3125
vt 0.30468 0.3125
vt 0.3125 0.3125
vt 0.32031 0.3125
vt 0.32812 0.3125
vt 0.33593 0.3125
vt 0.34375 0.3125
vt 0.35156 0.3125
vt 0.35937 0.3125
vt 0.36718 0.3125
vt 0.375 0.3125
vt 0.38281 0.3125
vt 0.39062 0.3125
vt 0.39843 0.3125
vt 0.40625 0.3125
vt 0.41406 0.3125
vt 0.42187 0.3125
vt 0.42968 0.3125
vt 0.4375 0.3125
vt 0.44531 0.3125
vt 0.45312 0.3125
vt 0.46093 0.3125
vt 0.46875 0.3125
vt 0.47656 0.3125
vt 0.48437 0.3125
vt 0.49218 0.3125
vt 0.5 0.3125
vt 0.50781 0.3125
vt 0.51562 0.3125
vt 0.52343 0.3125
vt 0.53125 0.3125
vt 0.53906 0.3125
vt 0.54687 0.3125
vt 0.55468 0.3125
vt 0.5625 0.3125
vt 0.57031 0.3125
vt 0.57812 0.3125
vt 0.58593 0.3125
vt 0.59375 0.3125
vt 0.60156 0.3125
vt 0.60937 0.3125
vt 0.61718 0.3125
vt 0.625 0.3125
vt 0.63281 0.3125
vt 0.64062 0.3125
vt 0.64843 0.3125
vt 0.65625 0.3125
vt 0.66406 0.3125
vt 0.67187 0.3125
vt 0.67968 0.3125
vt 0.6875 0.3125
vt 0.69531 0.3125
vt 0.70312 0.3125
vt 0.71093 0.3125
vt 0.71875 0.3125
vt 0.72656 0.3125
vt 0.73437 0.3125
vt 0.74218 0.3125
vt 0.75 0.3125
vt 0.75781 0.3125
vt 0.76562 0.3125
vt 0.77343 0.3125
vt 0.78125 0.3125
vt 0.78906 0.3125
vt 0.79687 0.3125
vt 0.80468 0.3125
vt 0.8125 0.3125
vt 0.82031 0.3125
vt 0.82812 0.3125
vt 0.83593 0.3125
vt 0.84375 0.3125
vt 0.85156 0.3125
vt 0.85937 0.3125
vt 0.86718 0.3125
vt 0.875 0.3125
vt 0.88281 0.3125
vt 0.89062 0.3125
vt 0.89843 0.3125
vt 0.90625 0.3125
vt 0.91406 0.3125
vt 0.92187 0.3125
vt 0.92968 0.3125
vt 0.9375 0.3125
vt 0.94531 0.3125
vt 0.95312 0.3125
vt 0.96093 0.3125
vt 0.96875 0.3125
vt 0.97656 0.3125
vt 0.98437 0.3125
vt 0.99218 0.3125
vt 1 0.3125
vt 0 0.32812
vt 0.00781 0.32812
vt 0.01562 0.32812
vt 0.02343 0.32812
vt 0.03125 0.32812
vt 0.03906 0.32812
vt 0.04687 0.32812
vt 0.05468 0.32812
vt 0.0625 0.32812
vt 0.07031 0.32812
vt 0.07812 0.32812
vt 0.08593 0.32812
vt 0.09375 0.32812
vt 0.10156 0.32812
vt 0.10937 0.32812
vt 0.11718 0.32812
vt 0.125 0.32812
vt 0.13281 0.32812
vt 0.14062 0.32812
vt 0.14843 0.32812
vt 0.15625 0.32812
vt 0.16406 0.32812
vt 0.17187 0.32812
vt 0.17968 0.32812
vt 0.1875 0.32812
vt 0.19531 0.32812
vt 0.20312 0.32812
vt 0.21093 0.32812
vt 0.21875 0.32812
vt 0.22656 0.32812
vt 0.23437 0.32812
vt 0.24218 0.32812
vt 0.25 0.32812
vt 0.25781 0.32812
vt 0.26562 0.32812
vt 0.27343 0.32812
vt 0.28125 0.32812
vt 0.28906 0.32812
vt 0.29687 0.32812
vt 0.30468 0.32812
vt 0.3125 0.32812
vt 0.32031 0.32812
vt 0.32812 0.32812
vt 0.33593 0.32812
vt 0.34375 0.32812
vt 0.35156 0.32812
vt 0.35937 0.32812
vt 0.36718 0.32812
vt 0.375 0.32812
vt 0.38281 0.32812
vt 0.39062 0.32812
vt 0.39843 0.32812
vt 0.40625 0.32812
vt 0.41406 0.32812
vt 0.42187 0.32812
vt 0.42968 0.32812
vt 0.4375 0.32812
vt 0.44531 0.32812
vt 0.45312 0.32812
vt 0.46093 0.32812
vt 0.46875 0.32812
vt 0.47656 0.32812
vt 0.48437 0.32812
vt 0.49218 0.32812
vt 0.5 0.32812
vt 0.50781 0.32812
vt 0.51562 0.32812
vt 0.52343 0.32812
vt 0.53125 0.32812
vt 0.53906 0.32812
vt 0.54687 0.32812
vt 0.55468 0.32812
vt 0.5625 0.32812
vt 0.57031 0.32812
vt 0.57812 0.32812
vt 0.58593 0.32812
vt 0.59375 0.32812
vt 0.60156 0.32812
vt 0.60937 0.32812
vt 0.61718 0.32812
vt 0.625 0.32812
vt 0.63281 0.32812
vt 0.64062 0.32812
vt 0.64843 0.32812
vt 0.65625 0.32812
vt 0.66406 0.32812
vt 0.67187 0.32812
vt 0.67968 0.32812
vt 0.6875 0.32812
vt 0.69531 0.32812
vt 0.70312 0.32812
vt 0.71093 0.32812
vt 0.71875 0.32812
vt 0.72656 0.32812
vt 0.73437 0.32812
vt 0.74218 0.32812
vt 0.75 0.32812
vt 0.75781 0.32812
vt 0.76562 0.32812
vt 0.77343 0.32812
vt 0.78125 0.32812
vt 0.78906 0.32812
vt 0.79687 0.32812
vt 0.80468 0.32812
vt 0.8125 0.32812
vt 0.82031 0.32812
vt 0.82812 0.32812
vt 0.83593 0.32812
vt 0.84375 0.32812
vt 0.85156 0.32812
vt 0.85937 0.32812
vt 0.86718 0.32812
vt 0.875 0.32812
vt 0.88281 0.32812
vt 0.89062 0.32812
vt 0.89843 0.32812
vt 0.90625 0.32812
vt 0.91406 0.32812
vt 0.92187 0.32812
vt 0.92968 0.32812
vt 0.9375 0.32812
vt 0.94531 0.32812
vt 0.95312 0.32812
vt 0.96093 0.32812
vt 0.96875 0.32812
vt 0.97656 0.32812
vt 0.98437 0.32812
vt 0.99218 0.32812
vt 1 0.32812
vt 0 0.34375
vt 0.00781 0.34375
vt 0.01562 0.34375
vt 0.02343 0.34375
vt 0.03125 0.34375
vt 0.03906 0.34375
vt 0.04687 0.34375
vt 0.05468 0.34375
vt 0.0625 0.34375
vt 0.07031 0.34375
vt 0.07812 0.34375
vt 0.08593 0.34375
vt 0.09375 0.34375
vt 0.10156 0.34375
vt 0.10937 0.34375
vt 0.11718 0.34375
vt 0.125 0.34375
vt 0.13281 0.34375
vt 0.14062 0.34375
vt 0.14843 0.34375
vt 0.15625 0.34375
vt 0.16406 0.34375
vt 0.17187 0.34375
vt 0.17968 0.34375
vt 0.1875 0.34375
vt 0.19531 0.34375
vt 0.20312 0.34375
vt 0.21093 0.34375
vt 0.21875 0.34375
vt 0.22656 0.34375
vt 0.23437 0.34375
vt 0.24218 0.34375
vt 0.25 0.34375
vt 0.25781 0.34375
vt 0.26562 0.34375
vt 0.27343 0.34375
vt 0.28125 0.34375
vt 0.28906 0.34375
vt 0.29687 0.34375
vt 0.30468 0.34375
vt 0.3125 0.34375
vt 0.32031 0.34375
vt 0.32812 0.34375
vt 0.33593 0.34375
vt 0.34375 0.34375
vt 0.35156 0.34375
vt 0.35937 0.34375
vt 0.36718 0.34375
vt 0.375 0.34375
vt 0.38281 0.34375
vt 0.39062 0.34375
vt 0.39843 0.34375
vt 0.40625 0.34375
vt 0.41406 0.34375
vt 0.42187 0.34375
vt 0.42968 0.34375
vt 0.4375 0.34375
vt 0.44531 0.34375
vt 0.45312 0.34375
vt 0.46093 0.34375
vt 0.46875 0.34375
vt 0.47656 0.34375
vt 0.48437 0.34375
vt 0.49218 0.34375
vt 0.5 0.34375
vt 0.50781 0.34375
vt 0.51562 0.34375
vt 0.52343 0.34375
vt 0.53125 0.34375
vt 0.53906 0.34375
vt 0.54687 0.34375
vt 0.55468 0.34375
vt 0.5625 0.34375
vt 0.57031 0.34375
vt 0.57812 0.34375
vt 0.58593 0.34375
vt 0.59375 0.34375
vt 0.60156 0.34375
vt 0.60937 0.34375
vt 0.61718 0.34375
vt 0.625 0.34375
vt 0.63281 0.34375
vt 0.64062 0.34375
vt 0.64843 0.34375
vt 0.65625 0.34375
vt 0.66406 0.34375
vt 0.67187 0.34375
vt 0.67968 0.34375
vt 0.6875 0.34375
vt 0.69531 0.34375
vt 0.70312 0.34375
vt 0.71093 0.34375
vt 0.71875 0.34375
vt 0.72656 0.34375
vt 0.73437 0.34375
vt 0.74218 0.34375
vt 0.75 0.34375
vt 0.75781 0.34375
vt 0.76562 0.34375
vt 0.77343 0.34375
vt 0.78125 0.34375
vt 0.78906 0.34375
vt 0.79687 0.34375
vt 0.80468 0.34375
vt 0.8125 0.34375
vt 0.82031 0.34375
vt 0.82812 0.34375
vt 0.83593 0.34375
vt 0.84375 0.34375
vt 0.85156 0.34375
vt 0.85937 0.34375
vt 0.86718 0.34375
vt 0.875 0.34375
vt 0.88281 0.34375
vt 0.89062 0.34375
vt 0.89843 0.34375
vt 0.90625 0.34375
vt 0.91406 0.34375
vt 0.92187 0.34375
vt 0.92968 0.34375
vt 0.9375 0.34375
vt 0.94531 0.34375
vt 0.95312 0.34375
vt 0.96093 0.34375
vt 0.96875 0.34375
vt 0.97656 0.34375
vt 0.98437 0.34375
vt 0.99218 0.34375
vt 1 0.34375
vt 0 0.35937
vt 0.00781 0.35937
vt 0.01562 0.35937
vt 0.02343 0.35937
vt 0.03125 0.35937
vt 0.03906 0.35937
vt 0.04687 0.35937
vt 0.05468 0.35937
vt 0.0625 0.35937
vt 0.07031 0.35937
vt 0.07812 0.35937
vt 0.08593 0.35937
vt 0.09375 0.35937
vt 0.10156 0.35937
vt 0.10937 0.35937
vt 0.11718 0.35937
vt 0.125 0.35937
vt 0.13281 0.35937
vt 0.14062 0.35937
vt 0.14843 0.35937
vt 0.15625 0.35937
vt 0.16406 0.35937
vt 0.17187 0.35937
vt 0.17968 0.35937
vt 0.1875 0.35937
vt 0.19531 0.35937
vt 0.20312 0.35937
vt 0.21093 0.35937
vt 0.21875 0.35937
vt 0.22656 0.35937
vt 0.23437 0.35937
vt 0.24218 0.35937
vt 0.25 0.35937
vt 0.25781 0.35937
vt 0.26562 0.35937
vt 0.27343 0.35937
vt 0.28125 0.35937
vt 0.28906 0.35937
vt 0.29687 0.35937
vt 0.30468 0.35937
vt 0.3125 0.35937
vt 0.32031 0.35937
vt 0.32812 0.35937
vt 0.33593 0.35937
vt 0.34375 0.35937
vt 0.35156 0.35937
vt 0.35937 0.35937
vt 0.36718 0.35937
vt 0.375 0.35937
vt 0.38281 0.35937
vt 0.39062 0.35937
vt 0.39843 0.35937
vt 0.40625 0.35937
vt 0.41406 0.35937
vt 0.42187 0.35937
vt 0.42968 0.35937
vt 0.4375 0.35937
vt 0.44531 0.35937
vt 0.45312 0.35937
vt 0.46093 0.35937
vt 0.46875 0.35937
vt 0.47656 0.35937
vt 0.48437 0.35937
vt 0.49218 0.35937
vt 0.5 0.35937
vt 0.50781 0.35937
vt 0.51562 0.35937
vt 0.52343 0.35937
vt 0.53125 0.35937
vt 0.53906 0.35937
vt 0.54687 0.35937
vt 0.55468 0.35937
vt 0.5625 0.35937
vt 0.57031 0.35937
vt 0.57812 0.35937
vt 0.58593 0.35937
vt 0.59375 0.35937
vt 0.60156 0.35937
vt 0.60937 0.35937
vt 0.61718 0.35937
vt 0.625 0.35937
vt 0.63281 0.35937
vt 0.64062 0.35937
vt 0.64843 0.35937
vt 0.65625 0.35937
vt 0.66406 0.35937
vt 0.67187 0.35937
vt 0.67968 0.35937
vt 0.6875 0.35937
vt 0.69531 0.35937
vt 0.70312 0.35937
vt 0.71093 0.35937
vt 0.71875 0.35937
vt 0.72656 0.35937
vt 0.73437 0.35937
vt 0.74218 0.35937
vt 0.75 0.35937
vt 0.75781 0.35937
vt 0.76562 0.35937
vt 0.77343 0.35937
vt 0.78125 0.35937
vt 0.78906 0.35937
vt 0.79687 0.35937
vt 0.80468 0.35937
vt 0.8125 0.35937
vt 0.82031 0.35937
vt 0.82812 0.35937
vt 0.83593 0.35937
vt 0.84375 0.35937
vt 0.85156 0.35937
vt 0.85937 0.35937
vt 0.86718 0.35937
vt 0.875 0.35937
vt 0.88281 0.35937
vt 0.89062 0.35937
vt 0.89843 0.35937
vt 0.90625 0.35937
vt 0.91406 0.35937
vt 0.92187 0.35937
vt 0.92968 0.35937
vt 0.9375 0.35937
vt 0.94531 0.35937
vt 0.95312 0.35937
vt 0.96093 0.35937
vt 0.96875 0.35937
vt 0.97656 0.35937
vt 0.98437 0.35937
vt 0.99218 0.35937
vt 1 0.35937
vt 0 0.375
vt 0.00781 0.375
vt 0.01562 0.375
vt 0.02343 0.375
vt 0.03125 0.375
vt 0.03906 0.375
vt 0.04687 0.375
vt 0.05468 0.375
vt 0.0625 0.375
vt 0.07031 0.375
vt 0.07812 0.375
vt 0.08593 0.375
vt 0.09375 0.375
vt 0.10156 0.375
vt 0.10937 0.375
vt 0.11718 0.375
vt 0.125 0.375
vt 0.13281 0.375
vt 0.14062 0.375
vt 0.14843 0.375
vt 0.15625 0.375
vt 0.16406 0.375
vt 0.17187 0.375
vt 0.17968 0.375
vt 0.1875 0.375
vt 0.19531 0.375
vt 0.20312 0.375
vt 0.21093 0.375
vt 0.21875 0.375
vt 0.22656 0.375
vt 0.23437 0.375
vt 0.24218 0.375
vt 0.25 0.375
vt 0.25781 0.375
vt 0.26562 0.375
vt 0.27343 0.375
vt 0.28125 0.375
vt 0.28906 0.375
vt 0.29687 0.375
vt 0.30468 0.375
vt 0.3125 0.375
vt 0.32031 0.375
vt 0.32812 0.375
vt 0.33593 0.375
vt 0.34375 0.375
vt 0.35156 0.375
vt 0.35937 0.375
vt 0.36718 0.375
vt 0.375 0.375
vt 0.38281 0.375
vt 0.39062 0.375
vt 0.39843 0.375
vt 0.40625 0.375
vt 0.41406 0.375
vt 0.42187 0.375
vt 0.42968 0.375
vt 0.4375 0.375
vt 0.44531 0.375
vt 0.45312 0.375
vt 0.46093 0.375
vt 0.46875 0.375
vt 0.47656 0.375
vt 0.48437 0.375
vt 0.49218 0.375
vt 0.5 0.375
vt 0.50781 0.375
vt 0.51562 0.375
vt 0.52343 0.375
vt 0.53125 0.375
vt 0.53906 0.375
vt 0.54687 0.375
vt 0.55468 0.375
vt 0.5625 0.375
vt 0.57031 0.375
vt 0.57812 0.375
vt 0.58593 0.375
vt 0.59375 0.375
vt 0.60156 0.375
vt 0.60937 0.375
vt 0.61718 0.375
vt 0.625 0.375
vt 0.63281 0.375
vt 0.64062 0.375
vt 0.64843 0.375
vt 0.65625 0.375
vt 0.66406 0.375
vt 0.67187 0.375
vt 0.67968 0.375
vt 0.6875 0.375
vt 0.69531 0.375
vt 0.70312 0.375
vt 0.71093 0.375
vt 0.71875 0.375
vt 0.72656 0.375
vt 0.73437 0.375
vt 0.74218 0.375
vt 0.75 0.375
vt 0.75781 0.375
vt 0.76562 0.375
vt 0.77343 0.375
vt 0.78125 0.375
vt 0.78906 0.375
vt 0.79687 0.375
vt 0.80468 0.375
vt 0.8125 0.375
vt 0.82031 0.375
vt 0.82812 0.375
vt 0.83593 0.375
vt 0.84375 0.375
vt 0.85156 0.375
vt 0.85937 0.375
vt 0.86718 0.375
vt 0.875 0.375
vt 0.88281 0.375
vt 0.89062 0.375
vt 0.89843 0.375
vt 0.90625 0.375
vt 0.91406 0.375
vt 0.92187 0.375
vt 0.92968 0.375
vt 0.9375 0.375
vt 0.94531 0.375
vt 0.95312 0.375
vt 0.96093 0.375
vt 0.96875 0.375
vt 0.97656 0.375
vt 0.98437 0.375
vt 0.99218 0.375
vt 1 0.375
vt 0 0.39062
vt 0.00781 0.39062
vt 0.01562 0.39062
vt 0.02343 0.39062
vt 0.03125 0.39062
vt 0.03906 0.39062
vt 0.04687 0.39062
vt 0.05468 0.39062
vt 0.0625 0.39062
vt 0.07031 0.39062
vt 0.07812 0.39062
vt 0.08593 0.39062
vt 0.09375 0.39062
vt 0.10156 0.39062
vt 0.10937 0.39062
vt 0.11718 0.39062
vt 0.125 0.39062
vt 0.13281 0.39062
vt 0.14062 0.39062
vt 0.14843 0.39062
vt 0.15625 0.39062
vt 0.16406 0.39062
vt 0.17187 0.39062
vt 0.17968 0.39062
vt 0.1875 0.39062
vt 0.19531 0.39062
vt 0.20312 0.39062
vt 0.21093 0.39062
vt 0.21875 0.39062
vt 0.22656 0.39062
vt 0.23437 0.39062
vt 0.24218 0.39062
vt 0.25 0.39062
vt 0.25781 0.39062
vt 0.26562 0.39062
vt 0.27343 0.39062
vt 0.28125 0.39062
vt 0.28906 0.39062
vt 0.29687 0.39062
vt 0.30468 0.39062
vt 0.3125 0.39062
vt 0.32031 0.39062
vt 0.32812 0.39062
vt 0.33593 0.39062
vt 0.34375 0.39062
vt 0.35156 0.39062
vt 0.35937 0.39062
vt 0.36718 0.39062
vt 0.375 0.39062
vt 0.38281 0.39062
vt 0.39062 0.39062
vt 0.39843 0.39062
vt 0.40625 0.39062
vt 0.41406 0.39062
vt 0.42187 0.39062
vt 0.42968 0.39062
vt 0.4375 0.39062
vt 0.44531 0.39062
vt 0.45312 0.39062
vt 0.46093 0.39062
vt 0.46875 0.39062
vt 0.47656 0.39062
vt 0.48437 0.39062
vt 0.49218 0.39062
vt 0.5 0.39062
vt 0.50781 0.39062
vt 0.51562 0.39062
vt 0.52343 0.39062
vt 0.53125 0.39062
vt 0.53906 0.39062
vt 0.54687 0.39062
vt 0.55468 0.39062
vt 0.5625 0.39062
vt 0.57031 0.39062
vt 0.57812 0.39062
vt 0.58593 0.39062
vt 0.59375 0.39062
vt 0.60156 0.39062
vt 0.60937 0.39062
vt 0.61718 0.39062
vt 0.625 0.39062
vt 0.63281 0.39062
vt 0.64062 0.39062
vt 0.64843 0.39062
vt 0.65625 0.39062
vt 0.66406 0.39062
vt 0.67187 0.39062
vt 0.67968 0.39062
vt 0.6875 0.39062
vt 0.69531 0.39062
vt 0.70312 0.39062
vt 0.71093 0.39062
vt 0.71875 0.39062
vt 0.72656 0.39062
vt 0.73437 0.39062
vt 0.74218 0.39062
vt 0.75 0.39062
vt 0.75781 0.39062
vt 0.76562 0.39062
vt 0.77343 0.39062
vt 0.78125 0.39062
vt 0.78906 0.39062
vt 0.79687 0.39062
vt 0.80468 0.39062
vt 0.8125 0.39062
vt 0.82031 0.39062
vt 0.82812 0.39062
vt 0.83593 0.39062
vt 0.84375 0.39062
vt 0.85156 0.39062
vt 0.85937 0.39062
vt 0.86718 0.39062
vt 0.875 0.39062
vt 0.88281 0.39062
vt 0.89062 0.39062
vt 0.89843 0.39062
vt 0.90625 0.39062
vt 0.91406 0.39062
vt 0.92187 0.39062
vt 0.92968 0.39062
vt 0.9375 0.39062
vt 0.94531 0.39062
vt 0.95312 0.39062
vt 0.96093 0.39062
vt 0.96875 0.39062
vt 0.97656 0.39062
vt 0.98437 0.39062
vt 0.99218 0.39062
vt 1 0.39062
vt 0 0.40625
vt 0.00781 0.40625
vt 0.01562 0.40625
vt 0.02343 0.40625
vt 0.03125 0.40625
vt 0.03906 0.40625
vt 0.04687 0.40625
vt 0.05468 0.40625
vt 0.0625 0.40625
vt 0.07031 0.40625
vt 0.07812 0.40625
vt 0.08593 0.40625
vt 0.09375 0.40625
vt 0.10156 0.40625
vt 0.10937 0.40625
vt 0.11718 0.40625
vt 0.125 0.40625
vt 0.13281 0.40625
vt 0.14062 0.40625
vt 0.14843 0.40625
vt 0.15625 0.40625
vt 0.16406 0.40625
vt 0.17187 0.40625
vt 0.17968 0.40625
vt 0.1875 0.40625
vt 0.19531 0.40625
vt 0.20312 0.40625
vt 0.21093 0.40625
vt 0.21875 0.40625
vt 0.22656 0.40625
vt 0.23437 0.40625
vt 0.24218 0.40625
vt 0.25 0.40625
vt 0.25781 0.40625
vt 0.26562 0.40625
vt 0.27343 0.40625
vt 0.28125 0.40625
vt 0.28906 0.40625
vt 0.29687 0.40625
vt 0.30468 0.40625
vt 0.3125 0.40625
vt 0.32031 0.40625
vt 0.32812 0.40625
vt 0.33593 0.40625
vt 0.34375 0.40625
vt 0.35156 0.40625
vt 0.35937 0.40625
vt 0.36718 0.40625
vt 0.375 0.40625
vt 0.38281 0.40625
vt 0.39062 0.40625
vt 0.39843 0.40625
vt 0.40625 0.40625
vt 0.41406 0.40625
vt 0.42187 0.40625
vt 0.42968 0.40625
vt 0.4375 0.40625
vt 0.44531 0.40625
vt 0.45312 0.40625
vt 0.46093 0.40625
vt 0.46875 0.40625
vt 0.47656 0.40625
vt 0.48437 0.40625
vt 0.49218 0.40625
vt 0.5 0.40625
vt 0.50781 0.40625
vt 0.51562 0.40625
vt 0.52343 0.40625
vt 0.53125 0.40625
vt 0.53906 0.40625
vt 0.54687 0.40625
vt 0.55468 0.40625
vt 0.5625 0.40625
vt 0.57031 0.40625
vt 0.57812 0.40625
vt 0.58593 0.40625
vt 0.59375 0.40625
vt 0.60156 0.40625
vt 0.60937 0.40625
vt 0.61718 0.40625
vt 0.625 0.40625
vt 0.63281 0.40625
vt 0.64062 0.40625
vt 0.64843 0.40625
vt 0.65625 0.40625
vt 0.66406 0.40625
vt 0.67187 0.40625
vt 0.67968 0.40625
vt 0.6875 0.40625
vt 0.69531 0.40625
vt 0.70312 0.40625
vt 0.71093 0.40625
vt 0.71875 0.40625
vt 0.72656 0.40625
vt 0.73437 0.40625
vt 0.74218 0.40625
vt 0.75 0.40625
vt 0.75781 0.40625
vt 0.76562 0.40625
vt 0.77343 0.40625
vt 0.78125 0.40625
vt 0.78906 0.40625
vt 0.79687 0.40625
vt 0.80468 0.40625
vt 0.8125 0.40625
vt 0.82031 0.40625
vt 0.82812 0.40625
vt 0.83593 0.40625
vt 0.84375 0.40625
vt 0.85156 0.40625
vt 0.85937 0.40625
vt 0.86718 0.40625
vt 0.875 0.40625
vt 0.88281 0.40625
vt 0.89062 0.40625
vt 0.89843 0.40625
vt 0.90625 0.40625
vt 0.91406 0.40625
vt 0.92187 0.40625
vt 0.92968 0.40625
vt 0.9375 0.40625
vt 0.94531 0.40625
vt 0.95312 0.40625
vt 0.96093 0.40625
vt 0.96875 0.40625
vt 0.97656 0.40625
vt 0.98437 0.40625
vt 0.99218 0.40625
vt 1 0.40625
vt 0 0.42187
vt 0.00781 0.42187
vt 0.01562 0.42187
vt 0.02343 0.42187
vt 0.03125 0.42187
vt 0.03906 0.42187
vt 0.04687 0.42187
vt 0.05468 0.42187
vt 0.0625 0.42187
vt 0.07031 0.42187
vt 0.07812 0.42187
vt 0.08593 0.42187
vt 0.09375 0.42187
vt 0.10156 0.42187
vt 0.10937 0.42187
vt 0.11718 0.42187
vt 0.125 0.42187
vt 0.13281 0.42187
vt 0.14062 0.42187
vt 0.14843 0.42187
vt 0.15625 0.42187
vt 0.16406 0.42187
vt 0.17187 0.42187
vt 0.17968 0.42187
vt 0.1875 0.42187
vt 0.19531 0.42187
vt 0.20312 0.42187
vt 0.21093 0.42187
vt 0.21875 0.42187
vt 0.22656 0.42187
vt 0.23437 0.42187
vt 0.24218 0.42187
vt 0.25 0.42187
vt 0.25781 0.42187
vt 0.26562 0.42187
vt 0.27343 0.42187
vt 0.28125 0.42187
vt 0.28906 0.42187
vt 0.29687 0.42187
vt 0.30468 0.42187
vt 0.3125 0.42187
vt 0.32031 0.42187
vt 0.32812 0.42187
vt 0.33593 0.42187
vt 0.34375 0.42187
vt 0.35156 0.42187
vt 0.35937 0.42187
vt 0.36718 0.42187
vt 0.375 0.42187
vt 0.38281 0.42187
vt 0.39062 0.42187
vt 0.39843 0.42187
vt 0.40625 0.42187
vt 0.41406 0.42187
vt 0.42187 0.42187
vt 0.42968 0.42187
vt 0.4375 0.42187
vt 0.44531 0.42187
vt 0.45312 0.42187
vt 0.46093 0.42187
vt 0.46875 0.42187
vt 0.47656 0.42187
vt 0.48437 0.42187
vt 0.49218 0.42187
vt 0.5 0.42187
vt 0.50781 0.42187
vt 0.51562 0.42187
vt 0.52343 0.42187
vt 0.53125 0.42187
vt 0.53906 0.42187
vt 0.54687 0.42187
vt 0.55468 0.42187
vt 0.5625 0.42187
vt 0.57031 0.42187
vt 0.57812 0.42187
vt 0.58593 0.42187
vt 0.59375 0.42187
vt 0.60156 0.42187
vt 0.60937 0.42187
vt 0.61718 0.42187
vt 0.625 0.42187
vt 0.63281 0.42187
vt 0.64062 0.42187
vt 0.64843 0.42187
vt 0.65625 0.42187
vt 0.66406 0.42187
vt 0.67187 0.42187
vt 0.67968 0.42187
vt 0.6875 0.42187
vt 0.69531 0.42187
vt 0.70312 0.42187
vt 0.71093 0.42187
vt 0.71875 0.42187
vt 0.72656 0.42187
vt 0.73437 0.42187
vt 0.74218 0.42187
vt 0.75 0.42187
vt 0.75781 0.42187
vt 0.76562 0.42187
vt 0.77343 0.42187
vt 0.78125 0.42187
vt 0.78906 0.42187
vt 0.79687 0.42187
vt 0.80468 0.42187
vt 0.8125 0.42187
vt 0.82031 0.42187
vt 0.82812 0.42187
vt 0.83593 0.42187
vt 0.84375 0.42187
vt 0.85156 0.42187
vt 0.85937 0.42187
vt 0.86718 0.42187
vt 0.875 0.42187
vt 0.88281 0.42187
vt 0.89062 0.42187
vt 0.89843 0.42187
vt 0.90625 0.42187
vt 0.91406 0.42187
vt 0.92187 0.42187
vt 0.92968 0.42187
vt 0.9375 0.42187
vt 0.94531 0.42187
vt 0.95312 0.42187
vt 0.96093 0.42187
vt 0.96875 0.42187
vt 0.97656 0.42187
vt 0.98437 0.42187
vt 0.99218 0.42187
vt 1 0.42187
vt 0 0.4375
vt 0.00781 0.4375
vt 0.01562 0.4375
vt 0.02343 0.4375
vt 0.03125 0.4375
vt 0.03906 0.4375
vt 0.04687 0.4375
vt 0.05468 0.4375
vt 0.0625 0.4375
vt 0.07031 0.4375
vt 0.07812 0.4375
vt 0.08593 0.4375
vt 0.09375 0.4375
vt 0.10156 0.4375
vt 0.10937 0.4375
vt 0.11718 0.4375
vt 0.125 0.4375
vt 0.13281 0.4375
vt 0.14062 0.4375
vt 0.14843 0.4375
vt 0.15625 0.4375
vt 0.16406 0.4375
vt 0.17187 0.4375
vt 0.17968 0.4375
vt 0.1875 0.4375
vt 0.19531 0.4375
vt 0.20312 0.4375
vt 0.21093 0.4375
vt 0.21875 0.4375
vt 0.22656 0.4375
vt 0.23437 0.4375
vt 0.24218 0.4375
vt 0.25 0.4375
vt 0.25781 0.4375
vt 0.26562 0.4375
vt 0.27343 0.4375
vt 0.28125 0.4375
vt 0.28906 0.4375
vt 0.29687 0.4375
vt 0.30468 0.4375
vt 0.3125 0.4375
vt 0.32031 0.4375
vt 0.32812 0.4375
vt 0.33593 0.4375
vt 0.34375 0.4375
vt 0.35156 0.4375
vt 0.35937 0.4375
vt 0.36718 0.4375
vt 0.375 0.4375
vt 0.38281 0.4375
vt 0.39062 0.4375
vt 0.39843 0.4375
vt 0.40625 0.4375
vt 0.41406 0.4375
vt 0.42187 0.4375
vt 0.42968 0.4375
vt 0.4375 0.4375
vt 0.44531 0.4375
vt 0.45312 0.4375
vt 0.46093 0.4375
vt 0.46875 0.4375
vt 0.47656 0.4375
vt 0.48437 0.4375
vt 0.49218 0.4375
vt 0.5 0.4375
vt 0.50781 0.4375
vt 0.51562 0.4375
vt 0.52343 0.4375
vt 0.53125 0.4375
vt 0.53906 0.4375
vt 0.54687 0.4375
vt 0.55468 0.4375
vt 0.5625 0.4375
vt 0.57031 0.4375
vt 0.57812 0.4375
vt 0.58593 0.4375
vt 0.59375 0.4375
vt 0.60156 0.4375
vt 0.60937 0.4375
vt 0.61718 0.4375
vt 0.625 0.4375
vt 0.63281 0.4375
vt 0.64062 0.4375
vt 0.64843 0.4375
vt 0.65625 0.4375
vt 0.66406 0.4375
vt 0.67187 0.4375
vt 0.67968 0.4375
vt 0.6875 0.4375
vt 0.69531 0.4375
vt 0.70312 0.4375
vt 0.71093 0.4375
vt 0.71875 0.4375
vt 0.72656 0.4375
vt 0.73437 0.4375
vt 0.74218 0.4375
vt 0.75 0.4375
vt 0.75781 0.4375
vt 0.76562 0.4375
vt 0.77343 0.4375
vt 0.78125 0.4375
vt 0.78906 0.4375
vt 0.79687 0.4375
vt 0.80468 0.4375
vt 0.8125 0.4375
vt 0.82031 0.4375
vt 0.82812 0.4375
vt 0.83593 0.4375
vt 0.84375 0.4375
vt 0.85156 0.4375
vt 0.85937 0.4375
vt 0.86718 0.4375
vt 0.875 0.4375
vt 0.88281 0.4375
vt 0.89062 0.4375
vt 0.89843 0.4375
vt 0.90625 0.4375
vt 0.91406 0.4375
vt 0.92187 0.4375
vt 0.92968 0.4375
vt 0.9375 0.4375
vt 0.94531 0.4375
vt 0.95312 0.4375
vt 0.96093 0.4375
vt 0.96875 0.4375
vt 0.97656 0.4375
vt 0.98437 0.4375
vt 0.99218 0.4375
vt 1 0.4375
vt 0 0.45312
vt 0.00781 0.45312
vt 0.01562 0.45312
vt 0.02343 0.45312
vt 0.03125 0.45312
vt 0.03906 0.45312
vt 0.04687 0.45312
vt 0.05468 0.45312
vt 0.0625 0.45312
vt 0.07031 0.45312
vt 0.07812 0.45312
vt 0.08593 0.45312
vt 0.09375 0.45312
vt 0.10156 0.45312
vt 0.10937 0.45312
vt 0.11718 0.45312
vt 0.125 0.45312
vt 0.13281 0.45312
vt 0.14062 0.45312
vt 0.14843 0.45312
vt 0.15625 0.45312
vt 0.16406 0.45312
vt 0.17187 0.45312
vt 0.17968 0.45312
vt 0.1875 0.45312
vt 0.19531 0.45312
vt 0.20312 0.45312
vt 0.21093 0.45312
vt 0.21875 0.45312
vt 0.22656 0.45312
vt 0.23437 0.45312
vt 0.24218 0.45312
vt 0.25 0.45312
vt 0.25781 0.45312
vt 0.26562 0.45312
vt 0.27343 0.45312
vt 0.28125 0.45312
vt 0.28906 0.45312
vt 0.29687 0.45312
vt 0.30468 0.45312
vt 0.3125 0.45312
vt 0.32031 0.45312
vt 0.32812 0.45312
vt 0.33593 0.45312
vt 0.34375 0.45312
vt 0.35156 0.45312
vt 0.35937 0.45312
vt 0.36718 0.45312
vt 0.375 0.45312
vt 0.38281 0.45312
vt 0.39062 0.45312
vt 0.39843 0.45312
vt 0.40625 0.45312
vt 0.41406 0.45312
vt 0.42187 0.45312
vt 0.42968 0.45312
vt 0.4375 0.45312
vt 0.44531 0.45312
vt 0.45312 0.45312
vt 0.46093 0.45312
vt 0.46875 0.45312
vt 0.47656 0.45312
vt 0.48437 0.45312
vt 0.49218 0.45312
vt 0.5 0.45312
vt 0.50781 0.45312
vt 0.51562 0.45312
vt 0.52343 0.45312
vt 0.53125 0.45312
vt 0.53906 0.45312
vt 0.54687 0.45312
vt 0.55468 0.45312
vt 0.5625 0.45312
vt 0.57031 0.45312
vt 0.57812 0.45312
vt 0.58593 0.45312
vt 0.59375 0.45312
vt 0.60156 0.45312
vt 0.60937 0.45312
vt 0.61718 0.45312
vt 0.625 0.45312
vt 0.63281 0.45312
vt 0.64062 0.45312
vt 0.64843 0.45312
vt 0.65625 0.45312
vt 0.66406 0.45312
vt 0.67187 0.45312
vt 0.67968 0.45312
vt 0.6875 0.45312
vt 0.69531 0.45312
vt 0.70312 0.45312
vt 0.71093 0.45312
vt 0.71875 0.45312
vt 0.72656 0.45312
vt 0.73437 0.45312
vt 0.74218 0.45312
vt 0.75 0.45312
vt 0.75781 0.45312
vt 0.76562 0.45312
vt 0.77343 0.45312
vt 0.78125 0.45312
vt 0.78906 0.45312
vt 0.79687 0.45312
vt 0.80468 0.45312
vt 0.8125 0.45312
vt 0.82031 0.45312
vt 0.82812 0.45312
vt 0.83593 0.45312
vt 0.84375 0.45312
vt 0.85156 0.45312
vt 0.85937 0.45312
vt 0.86718 0.45312
vt 0.875 0.45312
vt 0.88281 0.45312
vt 0.89062 0.45312
vt 0.89843 0.45312
vt 0.90625 0.45312
vt 0.91406 0.45312
vt 0.92187 0.45312
vt 0.92968 0.45312
vt 0.9375 0.45312
vt 0.94531 0.45312
vt 0.95312 0.45312
vt 0.96093 0.45312
vt 0.96875 0.45312
vt 0.97656 0.45312
vt 0.98437 0.45312
vt 0.99218 0.45312
vt 1 0.45312
vt 0 0.46875
vt 0.00781 0.46875
vt 0.01562 0.46875
vt 0.02343 0.46875
vt 0.03125 0.46875
vt 0.03906 0.46875
vt 0.04687 0.46875
vt 0.05468 0.46875
vt 0.0625 0.46875
vt 0.07031 0.46875
vt 0.07812 0.46875
vt 0.08593 0.46875
vt 0.09375 0.46875
vt 0.10156 0.46875
vt 0.10937 0.46875
vt 0.11718 0.46875
vt 0.125 0.46875
vt 0.13281 0.46875
vt 0.14062 0.46875
vt 0.14843 0.46875
vt 0.15625 0.46875
vt 0.16406 0.46875
vt 0.17187 0.46875
vt 0.17968 0.46875
vt 0.1875 0.46875
vt 0.19531 0.46875
vt 0.20312 0.46875
vt 0.21093 0.46875
vt 0.21875 0.46875
vt 0.22656 0.46875
vt 0.23437 0.46875
vt 0.24218 0.46875
vt 0.25 0.46875
vt 0.25781 0.46875
vt 0.26562 0.46875
vt 0.27343 0.46875
vt 0.28125 0.46875
vt 0.28906 0.46875
vt 0.29687 0.46875
vt 0.30468 0.46875
vt 0.3125 0.46875
vt 0.32031 0.46875
vt 0.32812 0.46875
vt 0.33593 0.46875
vt 0.34375 0.46875
vt 0.35156 0.46875
vt 0.35937 0.46875
vt 0.36718 0.46875
vt 0.375 0.46875
vt 0.38281 0.46875
vt 0.39062 0.46875
vt 0.39843 0.46875
vt 0.40625 0.46875
vt 0.41406 0.46875
vt 0.42187 0.46875
vt 0.42968 0.46875
vt 0.4375 0.46875
vt 0.44531 0.46875
vt 0.45312 0.46875
vt 0.46093 0.46875
vt 0.46875 0.46875
vt 0.47656 0.46875
vt 0.48437 0.46875
vt 0.49218 0.46875
vt 0.5 0.46875
vt 0.50781 0.46875
vt 0.51562 0.46875
vt 0.52343 0.46875
vt 0.53125 0.46875
vt 0.53906 0.46875
vt 0.54687 0.46875
vt 0.55468 0.46875
vt 0.5625 0.46875
vt 0.57031 0.46875
vt 0.57812 0.46875
vt 0.58593 0.46875
vt 0.59375 0.46875
vt 0.60156 0.46875
vt 0.60937 0.46875
vt 0.61718 0.46875
vt 0.625 0.46875
vt 0.63281 0.46875
vt 0.64062 0.46875
vt 0.64843 0.46875
vt 0.65625 0.46875
vt 0.66406 0.46875
vt 0.67187 0.46875
vt 0.67968 0.46875
vt 0.6875 0.46875
vt 0.69531 0.46875
vt 0.70312 0.46875
vt 0.71093 0.46875
vt 0.71875 0.46875
vt 0.72656 0.46875
vt 0.73437 0.46875
vt 0.74218 0.46875
vt 0.75 0.46875
vt 0.75781 0.46875
vt 0.76562 0.46875
vt 0.77343 0.46875
vt 0.78125 0.46875
vt 0.78906 0.46875
vt 0.79687 0.46875
vt 0.80468 0.46875
vt 0.8125 0.46875
vt 0.82031 0.46875
vt 0.82812 0.46875
vt 0.83593 0.46875
vt 0.84375 0.46875
vt 0.85156 0.46875
vt 0.85937 0.46875
vt 0.86718 0.46875
vt 0.875 0.46875
vt 0.88281 0.46875
vt 0.89062 0.46875
vt 0.89843 0.46875
vt 0.90625 0.46875
vt 0.91406 0.46875
vt 0.92187 0.46875
vt 0.92968 0.46875
vt 0.9375 0.46875
vt 0.94531 0.46875
vt 0.95312 0.46875
vt 0.96093 0.46875
vt 0.96875 0.46875
vt 0.97656 0.46875
vt 0.98437 0.46875
vt 0.99218 0.46875
vt 1 0.46875
vt 0 0.48437
vt 0.00781 0.48437
vt 0.01562 0.48437
vt 0.02343 0.48437
vt 0.03125 0.48437
vt 0.03906 0.48437
vt 0.04687 0.48437
vt 0.05468 0.48437
vt 0.0625 0.48437
vt 0.07031 0.48437
vt 0.07812 0.48437
vt 0.08593 0.48437
vt 0.09375 0.48437
vt 0.10156 0.48437
vt 0.10937 0.48437
vt 0.11718 0.48437
vt 0.125 0.48437
vt 0.13281 0.48437
vt 0.14062 0.48437
vt 0.14843 0.48437
vt 0.15625 0.48437
vt 0.16406 0.48437
vt 0.17187 0.48437
vt 0.17968 0.48437
vt 0.1875 0.48437
vt 0.19531 0.48437
vt 0.20312 0.48437
vt 0.21093 0.48437
vt 0.21875 0.48437
vt 0.22656 0.48437
vt 0.23437 0.48437
vt 0.24218 0.48437
vt 0.25 0.48437
vt 0.25781 0.48437
vt 0.26562 0.48437
vt 0.27343 0.48437
vt 0.28125 0.48437
vt 0.28906 0.48437
vt 0.29687 0.48437
vt 0.30468 0.48437
vt 0.3125 0.48437
vt 0.32031 0.48437
vt 0.32812 0.48437
vt 0.33593 0.48437
vt 0.34375 0.48437
vt 0.35156 0.48437
vt 0.35937 0.48437
vt 0.36718 0.48437
vt 0.375 0.48437
vt 0.38281 0.48437
vt 0.39062 0.48437
vt 0.39843 0.48437
vt 0.40625 0.48437
vt 0.41406 0.48437
vt 0.42187 0.48437
vt 0.42968 0.48437
vt 0.4375 0.48437
vt 0.44531 0.48437
vt 0.45312 0.48437
vt 0.46093 0.48437
vt 0.46875 0.48437
vt 0.47656 0.48437
vt 0.48437 0.48437
vt 0.49218 0.48437
vt 0.5 0.48437
vt 0.50781 0.48437
vt 0.51562 0.48437
vt 0.52343 0.48437
vt 0.53125 0.48437
vt 0.53906 0.48437
vt 0.54687 0.48437
vt 0.55468 0.48437
vt 0.5625 0.48437
vt 0.57031 0.48437
vt 0.57812 0.48437
vt 0.58593 0.48437
vt 0.59375 0.48437
vt 0.60156 0.48437
vt 0.60937 0.48437
vt 0.61718 0.48437
vt 0.625 0.48437
vt 0.63281 0.48437
vt 0.64062 0.48437
vt 0.64843 0.48437
vt 0.65625 0.48437
vt 0.66406 0.48437
vt 0.67187 0.48437
vt 0.67968 0.48437
vt 0.6875 0.48437
vt 0.69531 0.48437
vt 0.70312 0.48437
vt 0.71093 0.48437
vt 0.71875 0.48437
vt 0.72656 0.48437
vt 0.73437 0.48437
vt 0.74218 0.48437
vt 0.75 0.48437
vt 0.75781 0.48437
vt 0.76562 0.48437
vt 0.77343 0.48437
vt 0.78125 0.48437
vt 0.78906 0.48437
vt 0.79687 0.48437
vt 0.80468 0.48437
vt 0.8125 0.48437
vt 0.82031 0.48437
vt 0.82812 0.48437
vt 0.83593 0.48437
vt 0.84375 0.48437
vt 0.85156 0.48437
vt 0.85937 0.48437
vt 0.86718 0.48437
vt 0.875 0.48437
vt 0.88281 0.48437
vt 0.89062 0.48437
vt 0.89843 0.48437
vt 0.90625 0.48437
vt 0.91406 0.48437
vt 0.92187 0.48437
vt 0.92968 0.48437
vt 0.9375 0.48437
vt 0.94531 0.48437
vt 0.95312 0.48437
vt 0.96093 0.48437
vt 0.96875 0.48437
vt 0.97656 0.48437
vt 0.98437 0.48437
vt 0.99218 0.48437
vt 1 0.48437
vt 0 0.5
vt 0.00781 0.5
vt 0.01562 0.5
vt 0.02343 0.5
vt 0.03125 0.5
vt 0.03906 0.5
vt 0.04687 0.5
vt 0.05468 0.5
vt 0.0625 0.5
vt 0.07031 0.5
vt 0.07812 0.5
vt 0.08593 0.5
vt 0.09375 0.5
vt 0.10156 0.5
vt 0.10937 0.5
vt 0.11718 0.5
vt 0.125 0.5
vt 0.13281 0.5
vt 0.14062 0.5
vt 0.14843 0.5
vt 0.15625 0.5
vt 0.16406 0.5
vt 0.17187 0.5
vt 0.17968 0.5
vt 0.1875 0.5
vt 0.19531 0.5
vt 0.20312 0.5
vt 0.21093 0.5
vt 0.21875 0.5
vt 0.22656 0.5
vt 0.23437 0.5
vt 0.24218 0.5
vt 0.25 0.5
vt 0.25781 0.5
vt 0.26562 0.5
vt 0.27343 0.5
vt 0.28125 0.5
vt 0.28906 0.5
vt 0.29687 0.5
vt 0.30468 0.5
vt 0.3125 0.5
vt 0.32031 0.5
vt 0.32812 0.5
vt 0.33593 0.5
vt 0.34375 0.5
vt 0.35156 0.5
vt 0.35937 0.5
vt 0.36718 0.5
vt 0.375 0.5
vt 0.38281 0.5
vt 0.39062 0.5
vt 0.39843 0.5
vt 0.40625 0.5
vt 0.41406 0.5
vt 0.42187 0.5
vt 0.42968 0.5
vt 0.4375 0.5
vt 0.44531 0.5
vt 0.45312 0.5
vt 0.46093 0.5
vt 0.46875 0.5
vt 0.47656 0.5
vt 0.48437 0.5
vt 0.49218 0.5
vt 0.5 0.5
vt 0.50781 0.5
vt 0.51562 0.5
vt 0.52343 0.5
vt 0.53125 0.5
vt 0.53906 0.5
vt 0.54687 0.5
vt 0.55468 0.5
vt 0.5625 0.5
vt 0.57031 0.5
vt 0.57812 0.5
vt 0.58593 0.5
vt 0.59375 0.5
vt 0.60156 0.5
vt 0.60937 0.5
vt 0.61718 0.5
vt 0.625 0.5
vt 0.63281 0.5
vt 0.64062 0.5
vt 0.64843 0.5
vt 0.65625 0.5
vt 0.66406 0.5
vt 0.67187 0.5
vt 0.67968 0.5
vt 0.6875 0.5
vt 0.69531 0.5
vt 0.70312 0.5
vt 0.71093 0.5
vt 0.71875 0.5
vt 0.72656 0.5
vt 0.73437 0.5
vt 0.74218 0.5
vt 0.75 0.5
vt 0.75781 0.5
vt 0.76562 0.5
vt 0.77343 0.5
vt 0.78125 0.5
vt 0.78906 0.5
vt 0.79687 0.5
vt 0.80468 0.5
vt 0.8125 0.5
vt 0.82031 0.5
vt 0.82812 0.5
vt 0.83593 0.5
vt 0.84375 0.5
vt 0.85156 0.5
vt 0.85937 0.5
vt 0.86718 0.5
vt 0.875 0.5
vt 0.88281 0.5
vt 0.89062 0.5
vt 0.89843 0.5
vt 0.90625 0.5
vt 0.91406 0.5
vt 0.92187 0.5
vt 0.92968 0.5
vt 0.9375 0.5
vt 0.94531 0.5
vt 0.95312 0.5
vt 0.96093 0.5
vt 0.96875 0.5
vt 0.97656 0.5
vt 0.98437 0.5
vt 0.99218 0.5
vt 1 0.5
vt 0 0.51562
vt 0.00781 0.51562
vt 0.01562 0.51562
vt 0.02343 0.51562
vt 0.03125 0.51562
vt 0.03906 0.51562
vt 0.04687 0.51562
vt 0.05468 0.51562
vt 0.0625 0.51562
vt 0.07031 0.51562
vt 0.07812 0.51562
vt 0.08593 0.51562
vt 0.09375 0.51562
vt 0.10156 0.51562
vt 0.10937 0.51562
vt 0.11718 0.51562
vt 0.125 0.51562
vt 0.13281 0.51562
vt 0.14062 0.51562
vt 0.14843 0.51562
vt 0.15625 0.51562
vt 0.16406 0.51562
vt 0.17187 0.51562
vt 0.17968 0.51562
vt 0.1875 0.51562
vt 0.19531 0.51562
vt 0.20312 0.51562
vt 0.21093 0.51562
vt 0.21875 0.51562
vt 0.22656 0.51562
vt 0.23437 0.51562
vt 0.24218 0.51562
vt 0.25 0.51562
vt 0.25781 0.51562
vt 0.26562 0.51562
vt 0.27343 0.51562
vt 0.28125 0.51562
vt 0.28906 0.51562
vt 0.29687 0.51562
vt 0.30468 0.51562
vt 0.3125 0.51562
vt 0.32031 0.51562
vt 0.32812 0.51562
vt 0.33593 0.51562
vt 0.34375 0.51562
vt 0.35156 0.51562
vt 0.35937 0.51562
vt 0.36718 0.51562
vt 0.375 0.51562
vt 0.38281 0.51562
vt 0.39062 0.51562
vt 0.39843 0.51562
vt 0.40625 0.51562
vt 0.41406 0.51562
vt 0.42187 0.51562
vt 0.42968 0.51562
vt 0.4375 0.51562
vt 0.44531 0.51562
vt 0.45312 0.51562
vt 0.46093 0.51562
vt 0.46875 0.51562
vt 0.47656 0.51562
vt 0.48437 0.51562
vt 0.49218 0.51562
vt 0.5 0.51562
vt 0.50781 0.51562
vt 0.51562 0.51562
vt 0.52343 0.51562
vt 0.53125 0.51562
vt 0.53906 0.51562
vt 0.54687 0.51562
vt 0.55468 0.51562
vt 0.5625 0.51562
vt 0.57031 0.51562
vt 0.57812 0.51562
vt 0.58593 0.51562
vt 0.59375 0.51562
vt 0.60156 0.51562
vt 0.60937 0.51562
vt 0.61718 0.51562
vt 0.625 0.51562
vt 0.63281 0.51562
vt 0.64062 0.51562
vt 0.64843 0.51562
vt 0.65625 0.51562
vt 0.66406 0.51562
vt 0.67187 0.51562
vt 0.67968 0.51562
vt 0.6875 0.51562
vt 0.69531 0.51562
vt 0.70312 0.51562
vt 0.71093 0.51562
vt 0.71875 0.51562
vt 0.72656 0.51562
vt 0.73437 0.51562
vt 0.74218 0.51562
vt 0.75 0.51562
vt 0.75781 0.51562
vt 0.76562 0.51562
vt 0.77343 0.51562
vt 0.78125 0.51562
vt 0.78906 0.51562
vt 0.79687 0.51562
vt 0.80468 0.51562
vt 0.8125 0.51562
vt 0.82031 0.51562
vt 0.82812 0.51562
vt 0.83593 0.51562
vt 0.84375 0.51562
vt 0.85156 0.51562
vt 0.85937 0.51562
vt 0.86718 0.51562
vt 0.875 0.51562
vt 0.88281 0.51562
vt 0.89062 0.51562
vt 0.89843 0.51562
vt 0.90625 0.51562
vt 0.91406 0.51562
vt 0.92187 0.51562
vt 0.92968 0.51562
vt 0.9375 0.51562
vt 0.94531 0.51562
vt 0.95312 0.51562
vt 0.96093 0.51562
vt 0.96875 0.51562
vt 0.97656 0.51562
vt 0.98437 0.51562
vt 0.99218 0.51562
vt 1 0.51562
vt 0 0.53125
vt 0.00781 0.53125
vt 0.01562 0.53125
vt 0.02343 0.53125
vt 0.03125 0.53125
vt 0.03906 0.53125
vt 0.04687 0.53125
vt 0.05468 0.53125
vt 0.0625 0.53125
vt 0.07031 0.53125
vt 0.07812 0.53125
vt 0.08593 0.53125
vt 0.09375 0.53125
vt 0.10156 0.53125
vt 0.10937 0.53125
vt 0.11718 0.53125
vt 0.125 0.53125
vt 0.13281 0.53125
vt 0.14062 0.53125
vt 0.14843 0.53125
vt 0.15625 0.53125
vt 0.16406 0.53125
vt 0.17187 0.53125
vt 0.17968 0.53125
vt 0.1875 0.53125
vt 0.19531 0.53125
vt 0.20312 0.53125
vt 0.21093 0.53125
vt 0.21875 0.53125
vt 0.22656 0.53125
vt 0.23437 0.53125
vt 0.24218 0.53125
vt 0.25 0.53125
vt 0.25781 0.53125
vt 0.26562 0.53125
vt 0.27343 0.53125
vt 0.28125 0.53125
vt 0.28906 0.53125
vt 0.29687 0.53125
vt 0.30468 0.53125
vt 0.3125 0.53125
vt 0.32031 0.53125
vt 0.32812 0.53125
vt 0.33593 0.53125
vt 0.34375 0.53125
vt 0.35156 0.53125
vt 0.35937 0.53125
vt 0.36718 0.53125
vt 0.375 0.53125
vt 0.38281 0.53125
vt 0.39062 0.53125
vt 0.39843 0.53125
vt 0.40625 0.53125
vt 0.41406 0.53125
vt 0.42187 0.53125
vt 0.42968 0.53125
vt 0.4375 0.53125
vt 0.44531 0.53125
vt 0.45312 0.53125
vt 0.46093 0.53125
vt 0.46875 0.53125
vt 0.47656 0.53125
vt 0.48437 0.53125
vt 0.49218 0.53125
vt 0.5 0.53125
vt 0.50781 0.53125
vt 0.51562 0.53125
vt 0.52343 0.53125
vt 0.53125 0.53125
vt 0.53906 0.53125
vt 0.54687 0.53125
vt 0.55468 0.53125
vt 0.5625 0.53125
vt 0.57031 0.53125
vt 0.57812 0.53125
vt 0.58593 0.53125
vt 0.59375 0.53125
vt 0.60156 0.53125
vt 0.60937 0.53125
vt 0.61718 0.53125
vt 0.625 0.53125
vt 0.63281 0.53125
vt 0.64062 0.53125
vt 0.64843 0.53125
vt 0.65625 0.53125
vt 0.66406 0.53125
vt 0.67187 0.53125
vt 0.67968 0.53125
vt 0.6875 0.53125
vt 0.69531 0.53125
vt 0.70312 0.53125
vt 0.71093 0.53125
vt 0.71875 0.53125
vt 0.72656 0.53125
vt 0.73437 0.53125
vt 0.74218 0.53125
vt 0.75 0.53125
vt 0.75781 0.53125
vt 0.76562 0.53125
vt 0.77343 0.53125
vt 0.78125 0.53125
vt 0.78906 0.53125
vt 0.79687 0.53125
vt 0.80468 0.53125
vt 0.8125 0.53125
vt 0.82031 0.53125
vt 0.82812 0.53125
vt 0.83593 0.53125
vt 0.84375 0.53125
vt 0.85156 0.53125
vt 0.85937 0.53125
vt 0.86718 0.53125
vt 0.875 0.53125
vt 0.88281 0.53125
vt 0.89062 0.53125
vt 0.89843 0.53125
vt 0.90625 0.53125
vt 0.91406 0.53125
vt 0.92187 0.53125
vt 0.92968 0.53125
vt 0.9375 0.53125
vt 0.94531 0.53125
vt 0.95312 0.53125
vt 0.96093 0.53125
vt 0.96875 0.53125
vt 0.97656 0.53125
vt 0.98437 0.53125
vt 0.99218 0.53125
vt 1 0.53125
vt 0 0.54687
vt 0.00781 0.54687
vt 0.01562 0.54687
vt 0.02343 0.54687
vt 0.03125 0.54687
vt 0.03906 0.54687
vt 0.04687 0.54687
vt 0.05468 0.54687
vt 0.0625 0.54687
vt 0.07031 0.54687
vt 0.07812 0.54687
vt 0.08593 0.54687
vt 0.09375 0.54687
vt 0.10156 0.54687
vt 0.10937 0.54687
vt 0.11718 0.54687
vt 0.125 0.54687
vt 0.13281 0.54687
vt 0.14062 0.54687
vt 0.14843 0.54687
vt 0.15625 0.54687
vt 0.16406 0.54687
vt 0.17187 0.54687
vt 0.17968 0.54687
vt 0.1875 0.54687
vt 0.19531 0.54687
vt 0.20312 0.54687
vt 0.21093 0.54687
vt 0.21875 0.54687
vt 0.22656 0.54687
vt 0.23437 0.54687
vt 0.24218 0.54687
vt 0.25 0.54687
vt 0.25781 0.54687
vt 0.26562 0.54687
vt 0.27343 0.54687
vt 0.28125 0.54687
vt 0.28906 0.54687
vt 0.29687 0.54687
vt 0.30468 0.54687
vt 0.3125 0.54687
vt 0.32031 0.54687
vt 0.32812 0.54687
vt 0.33593 0.54687
vt 0.34375 0.54687
vt 0.35156 0.54687
vt 0.35937 0.54687
vt 0.36718 0.54687
vt 0.375 0.54687
vt 0.38281 0.54687
vt 0.39062 0.54687
vt 0.39843 0.54687
vt 0.40625 0.54687
vt 0.41406 0.54687
vt 0.42187 0.54687
vt 0.42968 0.54687
vt 0.4375 0.54687
vt 0.44531 0.54687
vt 0.45312 0.54687
vt 0.46093 0.54687
vt 0.46875 0.54687
vt 0.47656 0.54687
vt 0.48437 0.54687
vt 0.49218 0.54687
vt 0.5 0.54687
vt 0.50781 0.54687
vt 0.51562 0.54687
vt 0.52343 0.54687
vt 0.53125 0.54687
vt 0.53906 0.54687
vt 0.54687 0.54687
vt 0.55468 0.54687
vt 0.5625 0.54687
vt 0.57031 0.54687
vt 0.57812 0.54687
vt 0.58593 0.54687
vt 0.59375 0.54687
vt 0.60156 0.54687
vt 0.60937 0.54687
vt 0.61718 0.54687
vt 0.625 0.54687
vt 0.63281 0.54687
vt 0.64062 0.54687
vt 0.64843 0.54687
vt 0.65625 0.54687
vt 0.66406 0.54687
vt 0.67187 0.54687
vt 0.67968 0.54687
vt 0.6875 0.54687
vt 0.69531 0.54687
vt 0.70312 0.54687
vt 0.71093 0.54687
vt 0.71875 0.54687
vt 0.72656 0.54687
vt 0.73437 0.54687
vt 0.74218 0.54687
vt 0.75 0.54687
vt 0.75781 0.54687
vt 0.76562 0.54687
vt 0.77343 0.54687
vt 0.78125 0.54687
vt 0.78906 0.54687
vt 0.79687 0.54687
vt 0.80468 0.54687
vt 0.8125 0.54687
vt 0.82031 0.54687
vt 0.82812 0.54687
vt 0.83593 0.54687
vt 0.84375 0.54687
vt 0.85156 0.54687
vt 0.85937 0.54687
vt 0.86718 0.54687
vt 0.875 0.54687
vt 0.88281 0.54687
vt 0.89062 0.54687
vt 0.89843 0.54687
vt 0.90625 0.54687
vt 0.91406 0.54687
vt 0.92187 0.54687
vt 0.92968 0.54687
vt 0.9375 0.54687
vt 0.94531 0.54687
vt 0.95312 0.54687
vt 0.96093 0.54687
vt 0.96875 0.54687
vt 0.97656 0.54687
vt 0.98437 0.54687
vt 0.99218 0.54687
vt 1 0.54687
vt 0 0.5625
vt 0.00781 0.5625
vt 0.01562 0.5625
vt 0.02343 0.5625
vt 0.03125 0.5625
vt 0.03906 0.5625
vt 0.04687 0.5625
vt 0.05468 0.5625
vt 0.0625 0.5625
vt 0.07031 0.5625
vt 0.07812 0.5625
vt 0.08593 0.5625
vt 0.09375 0.5625
vt 0.10156 0.5625
vt 0.10937 0.5625
vt 0.11718 0.5625
vt 0.125 0.5625
vt 0.13281 0.5625
vt 0.14062 0.5625
vt 0.14843 0.5625
vt 0.15625 0.5625
vt 0.16406 0.5625
vt 0.17187 0.5625
vt 0.17968 0.5625
vt 0.1875 0.5625
vt 0.19531 0.5625
vt 0.20312 0.5625
vt 0.21093 0.5625
vt 0.21875 0.5625
vt 0.22656 0.5625
vt 0.23437 0.5625
vt 0.24218 0.5625
vt 0.25 0.5625
vt 0.25781 0.5625
vt 0.26562 0.5625
vt 0.27343 0.5625
vt 0.28125 0.5625
vt 0.28906 0.5625
vt 0.29687 0.5625
vt 0.30468 0.5625
vt 0.3125 0.5625
vt 0.32031 0.5625
vt 0.32812 0.5625
vt 0.33593 0.5625
vt 0.34375 0.5625
vt 0.35156 0.5625
vt 0.35937 0.5625
vt 0.36718 0.5625
vt 0.375 0.5625
vt 0.38281 0.5625
vt 0.39062 0.5625
vt 0.39843 0.5625
vt 0.40625 0.5625
vt 0.41406 0.5625
vt 0.42187 0.5625
vt 0.42968 0.5625
vt 0.4375 0.5625
vt 0.44531 0.5625
vt 0.45312 0.5625
vt 0.46093 0.5625
vt 0.46875 0.5625
vt 0.47656 0.5625
vt 0.48437 0.5625
vt 0.49218 0.5625
vt 0.5 0.5625
vt 0.50781 0.5625
vt 0.51562 0.5625
vt 0.52343 0.5625
vt 0.53125 0.5625
vt 0.53906 0.5625
vt 0.54687 0.5625
vt 0.55468 0.5625
vt 0.5625 0.5625
vt 0.57031 0.5625
vt 0.57812 0.5625
vt 0.58593 0.5625
vt 0.59375 0.5625
vt 0.60156 0.5625
vt 0.60937 0.5625
vt 0.61718 0.5625
vt 0.625 0.5625
vt 0.63281 0.5625
vt 0.64062 0.5625
vt 0.64843 0.5625
vt 0.65625 0.5625
vt 0.66406 0.5625
vt 0.67187 0.5625
vt 0.67968 0.5625
vt 0.6875 0.5625
vt 0.69531 0.5625
vt 0.70312 0.5625
vt 0.71093 0.5625
vt 0.71875 0.5625
vt 0.72656 0.5625
vt 0.73437 0.5625
vt 0.74218 0.5625
vt 0.75 0.5625
vt 0.75781 0.5625
vt 0.76562 0.5625
vt 0.77343 0.5625
vt 0.78125 0.5625
vt 0.78906 0.5625
vt 0.79687 0.5625
vt 0.80468 0.5625
vt 0.8125 0.5625
vt 0.82031 0.5625
vt 0.82812 0.5625
vt 0.83593 0.5625
vt 0.84375 0.5625
vt 0.85156 0.5625
vt 0.85937 0.5625
vt 0.86718 0.5625
vt 0.875 0.5625
vt 0.88281 0.5625
vt 0.89062 0.5625
vt 0.89843 0.5625
vt 0.90625 0.5625
vt 0.91406 0.5625
vt 0.92187 0.5625
vt 0.92968 0.5625
vt 0.9375 0.5625
vt 0.94531 0.5625
vt 0.95312 0.5625
vt 0.96093 0.5625
vt 0.96875 0.5625
vt 0.97656 0.5625
vt 0.98437 0.5625
vt 0.99218 0.5625
vt 1 0.5625
vt 0 0.57812
vt 0.00781 0.57812
vt 0.01562 0.57812
vt 0.02343 0.57812
vt 0.03125 0.57812
vt 0.03906 0.57812
vt 0.04687 0.57812
vt 0.05468 0.57812
vt 0.0625 0.57812
vt 0.07031 0.57812
vt 0.07812 0.57812
vt 0.08593 0.57812
vt 0.09375 0.57812
vt 0.10156 0.57812
vt 0.10937 0.57812
vt 0.11718 0.57812
vt 0.125 0.57812
vt 0.13281 0.57812
vt 0.14062 0.57812
vt 0.14843 0.57812
vt 0.15625 0.57812
vt 0.16406 0.57812
vt 0.17187 0.57812
vt 0.17968 0.57812
vt 0.1875 0.57812
vt 0.19531 0.57812
vt 0.20312 0.57812
vt 0.21093 0.57812
vt 0.21875 0.57812
vt 0.22656 0.57812
vt 0.23437 0.57812
vt 0.24218 0.57812
vt 0.25 0.57812
vt 0.25781 0.57812
vt 0.26562 0.57812
vt 0.27343 0.57812
vt 0.28125 0.57812
vt 0.28906 0.57812
vt 0.29687 0.57812
vt 0.30468 0.57812
vt 0.3125 0.57812
vt 0.32031 0.57812
vt 0.32812 0.57812
vt 0.33593 0.57812
vt 0.34375 0.57812
vt 0.35156 0.57812
vt 0.35937 0.57812
vt 0.36718 0.57812
vt 0.375 0.57812
vt 0.38281 0.57812
vt 0.39062 0.57812
vt 0.39843 0.57812
vt 0.40625 0.57812
vt 0.41406 0.57812
vt 0.42187 0.57812
vt 0.42968 0.57812
vt 0.4375 0.57812
vt 0.44531 0.57812
vt 0.45312 0.57812
vt 0.46093 0.57812
vt 0.46875 0.57812
vt 0.47656 0.57812
vt 0.48437 0.57812
vt 0.49218 0.57812
vt 0.5 0.57812
vt 0.50781 0.57812
vt 0.51562 0.57812
vt 0.52343 0.57812
vt 0.53125 0.57812
vt 0.53906 0.57812
vt 0.54687 0.57812
vt 0.55468 0.57812
vt 0.5625 0.57812
vt 0.57031 0.57812
vt 0.57812 0.57812
vt 0.58593 0.57812
vt 0.59375 0.57812
vt 0.60156 0.57812
vt 0.60937 0.57812
vt 0.61718 0.57812
vt 0.625 0.57812
vt 0.63281 0.57812
vt 0.64062 0.57812
vt 0.64843 0.57812
vt 0.65625 0.57812
vt 0.66406 0.57812
vt 0.67187 0.57812
vt 0.67968 0.57812
vt 0.6875 0.57812
vt 0.69531 0.57812
vt 0.70312 0.57812
vt 0.71093 0.57812
vt 0.71875 0.57812
vt 0.72656 0.57812
vt 0.73437 0.57812
vt 0.74218 0.57812
vt 0.75 0.57812
vt 0.75781 0.57812
vt 0.76562 0.57812
vt 0.77343 0.57812
vt 0.78125 0.57812
vt 0.78906 0.57812
vt 0.79687 0.57812
vt 0.80468 0.57812
vt 0.8125 0.57812
vt 0.82031 0.57812
vt 0.82812 0.57812
vt 0.83593 0.57812
vt 0.84375 0.57812
vt 0.85156 0.57812
vt 0.85937 0.57812
vt 0.86718 0.57812
vt 0.875 0.57812
vt 0.88281 0.57812
vt 0.89062 0.57812
vt 0.89843 0.57812
vt 0.90625 0.57812
vt 0.91406 0.57812
vt 0.92187 0.57812
vt 0.92968 0.57812
vt 0.9375 0.57812
vt 0.94531 0.57812
vt 0.95312 0.57812
vt 0.96093 0.57812
vt 0.96875 0.57812
vt 0.97656 0.57812
vt 0.98437 0.57812
vt 0.99218 0.57812
vt 1 0.57812
vt 0 0.59375
vt 0.00781 0.59375
vt 0.01562 0.59375
vt 0.02343 0.59375
vt 0.03125 0.59375
vt 0.03906 0.59375
vt 0.04687 0.59375
vt 0.05468 0.59375
vt 0.0625 0.59375
vt 0.07031 0.59375
vt 0.07812 0.59375
vt 0.08593 0.59375
vt 0.09375 0.59375
vt 0.10156 0.59375
vt 0.10937 0.59375
vt 0.11718 0.59375
vt 0.125 0.59375
vt 0.13281 0.59375
vt 0.14062 0.59375
vt 0.14843 0.59375
vt 0.15625 0.59375
vt 0.16406 0.59375
vt 0.17187 0.59375
vt 0.17968 0.59375
vt 0.1875 0.59375
vt 0.19531 0.59375
vt 0.20312 0.59375
vt 0.21093 0.59375
vt 0.21875 0.59375
vt 0.22656 0.59375
vt 0.23437 0.59375
vt 0.24218 0.59375
vt 0.25 0.59375
vt 0.25781 0.59375
vt 0.26562 0.59375
vt 0.27343 0.59375
vt 0.28125 0.59375
vt 0.28906 0.59375
vt 0.29687 0.59375
vt 0.30468 0.59375
vt 0.3125 0.59375
vt 0.32031 0.59375
vt 0.32812 0.59375
vt 0.33593 0.59375
vt 0.34375 0.59375
vt 0.35156 0.59375
vt 0.35937 0.59375
vt 0.36718 0.59375
vt 0.375 0.59375
vt 0.38281 0.59375
vt 0.39062 0.59375
vt 0.39843 0.59375
vt 0.40625 0.59375
vt 0.41406 0.59375
vt 0.42187 0.59375
vt 0.42968 0.59375
vt 0.4375 0.59375
vt 0.44531 0.59375
vt 0.45312 0.59375
vt 0.46093 0.59375
vt 0.46875 0.59375
vt 0.47656 0.59375
vt 0.48437 0.59375
vt 0.49218 0.59375
vt 0.5 0.59375
vt 0.50781 0.59375
vt 0.51562 0.59375
vt 0.52343 0.59375
vt 0.53125 0.59375
vt 0.53906 0.59375
vt 0.54687 0.59375
vt 0.55468 0.59375
vt 0.5625 0.59375
vt 0.57031 0.59375
vt 0.57812 0.59375
vt 0.58593 0.59375
vt 0.59375 0.59375
vt 0.60156 0.59375
vt 0.60937 0.59375
vt 0.61718 0.59375
vt 0.625 0.59375
vt 0.63281 0.59375
vt 0.64062 0.59375
vt 0.64843 0.59375
vt 0.65625 0.59375
vt 0.66406 0.59375
vt 0.67187 0.59375
vt 0.67968 0.59375
vt 0.6875 0.59375
vt 0.69531 0.59375
vt 0.70312 0.59375
vt 0.71093 0.59375
vt 0.71875 0.59375
vt 0.72656 0.59375
vt 0.73437 0.59375
vt 0.74218 0.59375
vt 0.75 0.59375
vt 0.75781 0.59375
vt 0.76562 0.59375
vt 0.77343 0.59375
vt 0.78125 0.59375
vt 0.78906 0.59375
vt 0.79687 0.59375
vt 0.80468 0.59375
vt 0.8125 0.59375
vt 0.82031 0.59375
vt 0.82812 0.59375
vt 0.83593 0.59375
vt 0.84375 0.59375
vt 0.85156 0.59375
vt 0.85937 0.59375
vt 0.86718 0.59375
vt 0.875 0.59375
vt 0.88281 0.59375
vt 0.89062 0.59375
vt 0.89843 0.59375
vt 0.90625 0.59375
vt 0.91406 0.59375
vt 0.92187 0.59375
vt 0.92968 0.59375
vt 0.9375 0.59375
vt 0.94531 0.59375
vt 0.95312 0.59375
vt 0.96093 0.59375
vt 0.96875 0.59375
vt 0.97656 0.59375
vt 0.98437 0.59375
vt 0.99218 0.59375
vt 1 0.59375
vt 0 0.60937
vt 0.00781 0.60937
vt 0.01562 0.60937
vt 0.02343 0.60937
vt 0.03125 0.60937
vt 0.03906 0.60937
vt 0.04687 0.60937
vt 0.05468 0.60937
vt 0.0625 0.60937
vt 0.07031 0.60937
vt 0.07812 0.60937
vt 0.08593 0.60937
vt 0.09375 0.60937
vt 0.10156 0.60937
vt 0.10937 0.60937
vt 0.11718 0.60937
vt 0.125 0.60937
vt 0.13281 0.60937
vt 0.14062 0.60937
vt 0.14843 0.60937
vt 0.15625 0.60937
vt 0.16406 0.60937
vt 0.17187 0.60937
vt 0.17968 0.60937
vt 0.1875 0.60937
vt 0.19531 0.60937
vt 0.20312 0.60937
vt 0.21093 0.60937
vt 0.21875 0.60937
vt 0.22656 0.60937
vt 0.23437 0.60937
vt 0.24218 0.60937
vt 0.25 0.60937
vt 0.25781 0.60937
vt 0.26562 0.60937
vt 0.27343 0.60937
vt 0.28125 0.60937
vt 0.28906 0.60937
vt 0.29687 0.60937
vt 0.30468 0.60937
vt 0.3125 0.60937
vt 0.32031 0.60937
vt 0.32812 0.60937
vt 0.33593 0.60937
vt 0.34375 0.60937
vt 0.35156 0.60937
vt 0.35937 0.60937
vt 0.36718 0.60937
vt 0.375 0.60937
vt 0.38281 0.60937
vt 0.39062 0.60937
vt 0.39843 0.60937
vt 0.40625 0.60937
vt 0.41406 0.60937
vt 0.42187 0.60937
vt 0.42968 0.60937
vt 0.4375 0.60937
vt 0.44531 0.60937
vt 0.45312 0.60937
vt 0.46093 0.60937
vt 0.46875 0.60937
vt 0.47656 0.60937
vt 0.48437 0.60937
vt 0.49218 0.60937
vt 0.5 0.60937
vt 0.50781 0.60937
vt 0.51562 0.60937
vt 0.52343 0.60937
vt 0.53125 0.60937
vt 0.53906 0.60937
vt 0.54687 0.60937
vt 0.55468 0.60937
vt 0.5625 0.60937
vt 0.57031 0.60937
vt 0.57812 0.60937
vt 0.58593 0.60937
vt 0.59375 0.60937
vt 0.60156 0.60937
vt 0.60937 0.60937
vt 0.61718 0.60937
vt 0.625 0.60937
vt 0.63281 0.60937
vt 0.64062 0.60937
vt 0.64843 0.60937
vt 0.65625 0.60937
vt 0.66406 0.60937
vt 0.67187 0.60937
vt 0.67968 0.60937
vt 0.6875 0.60937
vt 0.69531 0.60937
vt 0.70312 0.60937
vt 0.71093 0.60937
vt 0.71875 0.60937
vt 0.72656 0.60937
vt 0.73437 0.60937
vt 0.74218 0.60937
vt 0.75 0.60937
vt 0.75781 0.60937
vt 0.76562 0.60937
vt 0.77343 0.60937
vt 0.78125 0.60937
vt 0.78906 0.60937
vt 0.79687 0.60937
vt 0.80468 0.60937
vt 0.8125 0.60937
vt 0.82031 0.60937
vt 0.82812 0.60937
vt 0.83593 0.60937
vt 0.84375 0.60937
vt 0.85156 0.60937
vt 0.85937 0.60937
vt 0.86718 0.60937
vt 0.875 0.60937
vt 0.88281 0.60937
vt 0.89062 0.60937
vt 0.89843 0.60937
vt 0.90625 0.60937
vt 0.91406 0.60937
vt 0.92187 0.60937
vt 0.92968 0.60937
vt 0.9375 0.60937
vt 0.94531 0.60937
vt 0.95312 0.60937
vt 0.96093 0.60937
vt 0.96875 0.60937
vt 0.97656 0.60937
vt 0.98437 0.60937
vt 0.99218 0.60937
vt 1 0.60937
vt 0 0.625
vt 0.00781 0.625
vt 0.01562 0.625
vt 0.02343 0.625
vt 0.03125 0.625
vt 0.03906 0.625
vt 0.04687 0.625
vt 0.05468 0.625
vt 0.0625 0.625
vt 0.07031 0.625
vt 0.07812 0.625
vt 0.08593 0.625
vt 0.09375 0.625
vt 0.10156 0.625
vt 0.10937 0.625
vt 0.11718 0.625
vt 0.125 0.625
vt 0.13281 0.625
vt 0.14062 0.625
vt 0.14843 0.625
vt 0.15625 0.625
vt 0.16406 0.625
vt 0.17187 0.625
vt 0.17968 0.625
vt 0.1875 0.625
vt 0.19531 0.625
vt 0.20312 0.625
vt 0.21093 0.625
vt 0.21875 0.625
vt 0.22656 0.625
vt 0.23437 0.625
vt 0.24218 0.625
vt 0.25 0.625
vt 0.25781 0.625
vt 0.26562 0.625
vt 0.27343 0.625
vt 0.28125 0.625
vt 0.28906 0.625
vt 0.29687 0.625
vt 0.30468 0.625
vt 0.3125 0.625
vt 0.32031 0.625
vt 0.32812 0.625
vt 0.33593 0.625
vt 0.34375 0.625
vt 0.35156 0.625
vt 0.35937 0.625
vt 0.36718 0.625
vt 0.375 0.625
vt 0.38281 0.625
vt 0.39062 0.625
vt 0.39843 0.625
vt 0.40625 0.625
vt 0.41406 0.625
vt 0.42187 0.625
vt 0.42968 0.625
vt 0.4375 0.625
vt 0.44531 0.625
vt 0.45312 0.625
vt 0.46093 0.625
vt 0.46875 0.625
vt 0.47656 0.625
vt 0.48437 0.625
vt 0.49218 0.625
vt 0.5 0.625
vt 0.50781 0.625
vt 0.51562 0.625
vt 0.52343 0.625
vt 0.53125 0.625
vt 0.53906 0.625
vt 0.54687 0.625
vt 0.55468 0.625
vt 0.5625 0.625
vt 0.57031 0.625
vt 0.57812 0.625
vt 0.58593 0.625
vt 0.59375 0.625
vt 0.60156 0.625
vt 0.60937 0.625
vt 0.61718 0.625
vt 0.625 0.625
vt 0.63281 0.625
vt 0.64062 0.625
vt 0.64843 0.625
vt 0.65625 0.625
vt 0.66406 0.625
vt 0.67187 0.625
vt 0.67968 0.625
vt 0.6875 0.625
vt 0.69531 0.625
vt 0.70312 0.625
vt 0.71093 0.625
vt 0.71875 0.625
vt 0.72656 0.625
vt 0.73437 0.625
vt 0.74218 0.625
vt 0.75 0.625
vt 0.75781 0.625
vt 0.76562 0.625
vt 0.77343 0.625
vt 0.78125 0.625
vt 0.78906 0.625
vt 0.79687 0.625
vt 0.80468 0.625
vt 0.8125 0.625
vt 0.82031 0.625
vt 0.82812 0.625
vt 0.83593 0.625
vt 0.84375 0.625
vt 0.85156 0.625
vt 0.85937 0.625
vt 0.86718 0.625
vt 0.875 0.625
vt 0.88281 0.625
vt 0.89062 0.625
vt 0.89843 0.625
vt 0.90625 0.625
vt 0.91406 0.625
vt 0.92187 0.625
vt 0.92968 0.625
vt 0.9375 0.625
vt 0.94531 0.625
vt 0.95312 0.625
vt 0.96093 0.625
vt 0.96875 0.625
vt 0.97656 0.625
vt 0.98437 0.625
vt 0.99218 0.625
vt 1 0.625
vt 0 0.64062
vt 0.00781 0.64062
vt 0.01562 0.64062
vt 0.02343 0.64062
vt 0.03125 0.64062
vt 0.03906 0.64062
vt 0.04687 0.64062
vt 0.05468 0.64062
vt 0.0625 0.64062
vt 0.07031 0.64062
vt 0.07812 0.64062
vt 0.08593 0.64062
vt 0.09375 0.64062
vt 0.10156 0.64062
vt 0.10937 0.64062
vt 0.11718 0.64062
vt 0.125 0.64062
vt 0.13281 0.64062
vt 0.14062 0.64062
vt 0.14843 0.64062
vt 0.15625 0.64062
vt 0.16406 0.64062
vt 0.17187 0.64062
vt 0.17968 0.64062
vt 0.1875 0.64062
vt 0.19531 0.64062
vt 0.20312 0.64062
vt 0.21093 0.64062
vt 0.21875 0.64062
vt 0.22656 0.64062
vt 0.23437 0.64062
vt 0.24218 0.64062
vt 0.25 0.64062
vt 0.25781 0.64062
vt 0.26562 0.64062
vt 0.27343 0.64062
vt 0.28125 0.64062
vt 0.28906 0.64062
vt 0.29687 0.64062
vt 0.30468 0.64062
vt 0.3125 0.64062
vt 0.32031 0.64062
vt 0.32812 0.64062
vt 0.33593 0.64062
vt 0.34375 0.64062
vt 0.35156 0.64062
vt 0.35937 0.64062
vt 0.36718 0.64062
vt 0.375 0.64062
vt 0.38281 0.64062
vt 0.39062 0.64062
vt 0.39843 0.64062
vt 0.40625 0.64062
vt 0.41406 0.64062
vt 0.42187 0.64062
vt 0.42968 0.64062
vt 0.4375 0.64062
vt 0.44531 0.64062
vt 0.45312 0.64062
vt 0.46093 0.64062
vt 0.46875 0.64062
vt 0.47656 0.64062
vt 0.48437 0.64062
vt 0.49218 0.64062
vt 0.5 0.64062
vt 0.50781 0.64062
vt 0.51562 0.64062
vt 0.52343 0.64062
vt 0.53125 0.64062
vt 0.53906 0.64062
vt 0.54687 0.64062
vt 0.55468 0.64062
vt 0.5625 0.64062
vt 0.57031 0.64062
vt 0.57812 0.64062
vt 0.58593 0.64062
vt 0.59375 0.64062
vt 0.60156 0.64062
vt 0.60937 0.64062
vt 0.61718 0.64062
vt 0.625 0.64062
vt 0.63281 0.64062
vt 0.64062 0.64062
vt 0.64843 0.64062
vt 0.65625 0.64062
vt 0.66406 0.64062
vt 0.67187 0.64062
vt 0.67968 0.64062
vt 0.6875 0.64062
vt 0.69531 0.64062
vt 0.70312 0.64062
vt 0.71093 0.64062
vt 0.71875 0.64062
vt 0.72656 0.64062
vt 0.73437 0.64062
vt 0.74218 0.64062
vt 0.75 0.64062
vt 0.75781 0.64062
vt 0.76562 0.64062
vt 0.77343 0.64062
vt 0.78125 0.64062
vt 0.78906 0.64062
vt 0.79687 0.64062
vt 0.80468 0.64062
vt 0.8125 0.64062
vt 0.82031 0.64062
vt 0.82812 0.64062
vt 0.83593 0.64062
vt 0.84375 0.64062
vt 0.85156 0.64062
vt 0.85937 0.64062
vt 0.86718 0.64062
vt 0.875 0.64062
vt 0.88281 0.64062
vt 0.89062 0.64062
vt 0.89843 0.64062
vt 0.90625 0.64062
vt 0.91406 0.64062
vt 0.92187 0.64062
vt 0.92968 0.64062
vt 0.9375 0.64062
vt 0.94531 0.64062
vt 0.95312 0.64062
vt 0.96093 0.64062
vt 0.96875 0.64062
vt 0.97656 0.64062
vt 0.98437 0.64062
vt 0.99218 0.64062
vt 1 0.64062
vt 0 0.65625
vt 0.00781 0.65625
vt 0.01562 0.65625
vt 0.02343 0.65625
vt 0.03125 0.65625
vt 0.03906 0.65625
vt 0.04687 0.65625
vt 0.05468 0.65625
vt 0.0625 0.65625
vt 0.07031 0.65625
vt 0.07812 0.65625
vt 0.08593 0.65625
vt 0.09375 0.65625
vt 0.10156 0.65625
vt 0.10937 0.65625
vt 0.11718 0.65625
vt 0.125 0.65625
vt 0.13281 0.65625
vt 0.14062 0.65625
vt 0.14843 0.65625
vt 0.15625 0.65625
vt 0.16406 0.65625
vt 0.17187 0.65625
vt 0.17968 0.65625
vt 0.1875 0.65625
vt 0.19531 0.65625
vt 0.20312 0.65625
vt 0.21093 0.65625
vt 0.21875 0.65625
vt 0.22656 0.65625
vt 0.23437 0.65625
vt 0.24218 0.65625
vt 0.25 0.65625
vt 0.25781 0.65625
vt 0.26562 0.65625
vt 0.27343 0.65625
vt 0.28125 0.65625
vt 0.28906 0.65625
vt 0.29687 0.65625
vt 0.30468 0.65625
vt 0.3125 0.65625
vt 0.32031 0.65625
vt 0.32812 0.65625
vt 0.33593 0.65625
vt 0.34375 0.65625
vt 0.35156 0.65625
vt 0.35937 0.65625
vt 0.36718 0.65625
vt 0.375 0.65625
vt 0.38281 0.65625
vt 0.39062 0.65625
vt 0.39843 0.65625
vt 0.40625 0.65625
vt 0.41406 0.65625
vt 0.42187 0.65625
vt 0.42968 0.65625
vt 0.4375 0.65625
vt 0.44531 0.65625
vt 0.45312 0.65625
vt 0.46093 0.65625
vt 0.46875 0.65625
vt 0.47656 0.65625
vt 0.48437 0.65625
vt 0.49218 0.65625
vt 0.5 0.65625
vt 0.50781 0.65625
vt 0.51562 0.65625
vt 0.52343 0.65625
vt 0.53125 0.65625
vt 0.53906 0.65625
vt 0.54687 0.65625
vt 0.55468 0.65625
vt 0.5625 0.65625
vt 0.57031 0.65625
vt 0.57812 0.65625
vt 0.58593 0.65625
vt 0.59375 0.65625
vt 0.60156 0.65625
vt 0.60937 0.65625
vt 0.61718 0.65625
vt 0.625 0.65625
vt 0.63281 0.65625
vt 0.64062 0.65625
vt 0.64843 0.65625
vt 0.65625 0.65625
vt 0.66406 0.65625
vt 0.67187 0.65625
vt 0.67968 0.65625
vt 0.6875 0.65625
vt 0.69531 0.65625
vt 0.70312 0.65625
vt 0.71093 0.65625
vt 0.71875 0.65625
vt 0.72656 0.65625
vt 0.73437 0.65625
vt 0.74218 0.65625
vt 0.75 0.65625
vt 0.75781 0.65625
vt 0.76562 0.65625
vt 0.77343 0.65625
vt 0.78125 0.65625
vt 0.78906 0.65625
vt 0.79687 0.65625
vt 0.80468 0.65625
vt 0.8125 0.65625
vt 0.82031 0.65625
vt 0.82812 0.65625
vt 0.83593 0.65625
vt 0.84375 0.65625
vt 0.85156 0.65625
vt 0.85937 0.65625
vt 0.86718 0.65625
vt 0.875 0.65625
vt 0.88281 0.65625
vt 0.89062 0.65625
vt 0.89843 0.65625
vt 0.90625 0.65625
vt 0.91406 0.65625
vt 0.92187 0.65625
vt 0.92968 0.65625
vt 0.9375 0.65625
vt 0.94531 0.65625
vt 0.95312 0.65625
vt 0.96093 0.65625
vt 0.96875 0.65625
vt 0.97656 0.65625
vt 0.98437 0.65625
vt 0.99218 0.65625
vt 1 0.65625
vt 0 0.67187
vt 0.00781 0.67187
vt 0.01562 0.67187
vt 0.02343 0.67187
vt 0.03125 0.67187
vt 0.03906 0.67187
vt 0.04687 0.67187
vt 0.05468 0.67187
vt 0.0625 0.67187
vt 0.07031 0.67187
vt 0.07812 0.67187
vt 0.08593 0.67187
vt 0.09375 0.67187
vt 0.10156 0.67187
vt 0.10937 0.67187
vt 0.11718 0.67187
vt 0.125 0.67187
vt 0.13281 0.67187
vt 0.14062 0.67187
vt 0.14843 0.67187
vt 0.15625 0.67187
vt 0.16406 0.67187
vt 0.17187 0.67187
vt 0.17968 0.67187
vt 0.1875 0.67187
vt 0.19531 0.67187
vt 0.20312 0.67187
vt 0.21093 0.67187
vt 0.21875 0.67187
vt 0.22656 0.67187
vt 0.23437 0.67187
vt 0.24218 0.67187
vt 0.25 0.67187
vt 0.25781 0.67187
vt 0.26562 0.67187
vt 0.27343 0.67187
vt 0.28125 0.67187
vt 0.28906 0.67187
vt 0.29687 0.67187
vt 0.30468 0.67187
vt 0.3125 0.67187
vt 0.32031 0.67187
vt 0.32812 0.67187
vt 0.33593 0.67187
vt 0.34375 0.67187
vt 0.35156 0.67187
vt 0.35937 0.67187
vt 0.36718 0.67187
vt 0.375 0.67187
vt 0.38281 0.67187
vt 0.39062 0.67187
vt 0.39843 0.67187
vt 0.40625 0.67187
vt 0.41406 0.67187
vt 0.42187 0.67187
vt 0.42968 0.67187
vt 0.4375 0.67187
vt 0.44531 0.67187
vt 0.45312 0.67187
vt 0.46093 0.67187
vt 0.46875 0.67187
vt 0.47656 0.67187
vt 0.48437 0.67187
vt 0.49218 0.67187
vt 0.5 0.67187
vt 0.50781 0.67187
vt 0.51562 0.67187
vt 0.52343 0.67187
vt 0.53125 0.67187
vt 0.53906 0.67187
vt 0.54687 0.67187
vt 0.55468 0.67187
vt 0.5625 0.67187
vt 0.57031 0.67187
vt 0.57812 0.67187
vt 0.58593 0.67187
vt 0.59375 0.67187
vt 0.60156 0.67187
vt 0.60937 0.67187
vt 0.61718 0.67187
vt 0.625 0.67187
vt 0.63281 0.67187
vt 0.64062 0.67187
vt 0.64843 0.67187
vt 0.65625 0.67187
vt 0.66406 0.67187
vt 0.67187 0.67187
vt 0.67968 0.67187
vt 0.6875 0.67187
vt 0.69531 0.67187
vt 0.70312 0.67187
vt 0.71093 0.67187
vt 0.71875 0.67187
vt 0.72656 0.67187
vt 0.73437 0.67187
vt 0.74218 0.67187
vt 0.75 0.67187
vt 0.75781 0.67187
vt 0.76562 0.67187
vt 0.77343 0.67187
vt 0.78125 0.67187
vt 0.78906 0.67187
vt 0.79687 0.67187
vt 0.80468 0.67187
vt 0.8125 0.67187
vt 0.82031 0.67187
vt 0.82812 0.67187
vt 0.83593 0.67187
vt 0.84375 0.67187
vt 0.85156 0.67187
vt 0.85937 0.67187
vt 0.86718 0.67187
vt 0.875 0.67187
vt 0.88281 0.67187
vt 0.89062 0.67187
vt 0.89843 0.67187
vt 0.90625 0.67187
vt 0.91406 0.67187
vt 0.92187 0.67187
vt 0.92968 0.67187
vt 0.9375 0.67187
vt 0.94531 0.67187
vt 0.95312 0.67187
vt 0.96093 0.67187
vt 0.96875 0.67187
vt 0.97656 0.67187
vt 0.98437 0.67187
vt 0.99218 0.67187
vt 1 0.67187
vt 0 0.6875
vt 0.00781 0.6875
vt 0.01562 0.6875
vt 0.02343 0.6875
vt 0.03125 0.6875
vt 0.03906 0.6875
vt 0.04687 0.6875
vt 0.05468 0.6875
vt 0.0625 0.6875
vt 0.07031 0.6875
vt 0.07812 0.6875
vt 0.08593 0.6875
vt 0.09375 0.6875
vt 0.10156 0.6875
vt 0.10937 0.6875
vt 0.11718 0.6875
vt 0.125 0.6875
vt 0.13281 0.6875
vt 0.14062 0.6875
vt 0.14843 0.6875
vt 0.15625 0.6875
vt 0.16406 0.6875
vt 0.17187 0.6875
vt 0.17968 0.6875
vt 0.1875 0.6875
vt 0.19531 0.6875
vt 0.20312 0.6875
vt 0.21093 0.6875
vt 0.21875 0.6875
vt 0.22656 0.6875
vt 0.23437 0.6875
vt 0.24218 0.6875
vt 0.25 0.6875
vt 0.25781 0.6875
vt 0.26562 0.6875
vt 0.27343 0.6875
vt 0.28125 0.6875
vt 0.28906 0.6875
vt 0.29687 0.6875
vt 0.30468 0.6875
vt 0.3125 0.6875
vt 0.32031 0.6875
vt 0.32812 0.6875
vt 0.33593 0.6875
vt 0.34375 0.6875
vt 0.35156 0.6875
vt 0.35937 0.6875
vt 0.36718 0.6875
vt 0.375 0.6875
vt 0.38281 0.6875
vt 0.39062 0.6875
vt 0.39843 0.6875
vt 0.40625 0.6875
vt 0.41406 0.6875
vt 0.42187 0.6875
vt 0.42968 0.6875
vt 0.4375 0.6875
vt 0.44531 0.6875
vt 0.45312 0.6875
vt 0.46093 0.6875
vt 0.46875 0.6875
vt 0.47656 0.6875
vt 0.48437 0.6875
vt 0.49218 0.6875
vt 0.5 0.6875
vt 0.50781 0.6875
vt 0.51562 0.6875
vt 0.52343 0.6875
vt 0.53125 0.6875
vt 0.53906 0.6875
vt 0.54687 0.6875
vt 0.55468 0.6875
vt 0.5625 0.6875
vt 0.57031 0.6875
vt 0.57812 0.6875
vt 0.58593 0.6875
vt 0.59375 0.6875
vt 0.60156 0.6875
vt 0.60937 0.6875
vt 0.61718 0.6875
vt 0.625 0.6875
vt 0.63281 0.6875
vt 0.64062 0.6875
vt 0.64843 0.6875
vt 0.65625 0.6875
vt 0.66406 0.6875
vt 0.67187 0.6875
vt 0.67968 0.6875
vt 0.6875 0.6875
vt 0.69531 0.6875
vt 0.70312 0.6875
vt 0.71093 0.6875
vt 0.71875 0.6875
vt 0.72656 0.6875
vt 0.73437 0.6875
vt 0.74218 0.6875
vt 0.75 0.6875
vt 0.75781 0.6875
vt 0.76562 0.6875
vt 0.77343 0.6875
vt 0.78125 0.6875
vt 0.78906 0.6875
vt 0.79687 0.6875
vt 0.80468 0.6875
vt 0.8125 0.6875
vt 0.82031 0.6875
vt 0.82812 0.6875
vt 0.83593 0.6875
vt 0.84375 0.6875
vt 0.85156 0.6875
vt 0.85937 0.6875
vt 0.86718 0.6875
vt 0.875 0.6875
vt 0.88281 0.6875
vt 0.89062 0.6875
vt 0.89843 0.6875
vt 0.90625 0.6875
vt 0.91406 0.6875
vt 0.92187 0.6875
vt 0.92968 0.6875
vt 0.9375 0.6875
vt 0.94531 0.6875
vt 0.95312 0.6875
vt 0.96093 0.6875
vt 0.96875 0.6875
vt 0.97656 0.6875
vt 0.98437 0.6875
vt 0.99218 0.6875
vt 1 0.6875
vt 0 0.70312
vt 0.00781 0.70312
vt 0.01562 0.70312
vt 0.02343 0.70312
vt 0.03125 0.70312
vt 0.03906 0.70312
vt 0.04687 0.70312
vt 0.05468 0.70312
vt 0.0625 0.70312
vt 0.07031 0.70312
vt 0.07812 0.70312
vt 0.08593 0.70312
vt 0.09375 0.70312
vt 0.10156 0.70312
vt 0.10937 0.70312
vt 0.11718 0.70312
vt 0.125 0.70312
vt 0.13281 0.70312
vt 0.14062 0.70312
vt 0.14843 0.70312
vt 0.15625 0.70312
vt 0.16406 0.70312
vt 0.17187 0.70312
vt 0.17968 0.70312
vt 0.1875 0.70312
vt 0.19531 0.70312
vt 0.20312 0.70312
vt 0.21093 0.70312
vt 0.21875 0.70312
vt 0.22656 0.70312
vt 0.23437 0.70312
vt 0.24218 0.70312
vt 0.25 0.70312
vt 0.25781 0.70312
vt 0.26562 0.70312
vt 0.27343 0.70312
vt 0.28125 0.70312
vt 0.28906 0.70312
vt 0.29687 0.70312
vt 0.30468 0.70312
vt 0.3125 0.70312
vt 0.32031 0.70312
vt 0.32812 0.70312
vt 0.33593 0.70312
vt 0.34375 0.70312
vt 0.35156 0.70312
vt 0.35937 0.70312
vt 0.36718 0.70312
vt 0.375 0.70312
vt 0.38281 0.70312
vt 0.39062 0.70312
vt 0.39843 0.70312
vt 0.40625 0.70312
vt 0.41406 0.70312
vt 0.42187 0.70312
vt 0.42968 0.70312
vt 0.4375 0.70312
vt 0.44531 0.70312
vt 0.45312 0.70312
vt 0.46093 0.70312
vt 0.46875 0.70312
vt 0.47656 0.70312
vt 0.48437 0.70312
vt 0.49218 0.70312
vt 0.5 0.70312
vt 0.50781 0.70312
vt 0.51562 0.70312
vt 0.52343 0.70312
vt 0.53125 0.70312
vt 0.53906 0.70312
vt 0.54687 0.70312
vt 0.55468 0.70312
vt 0.5625 0.70312
vt 0.57031 0.70312
vt 0.57812 0.70312
vt 0.58593 0.70312
vt 0.59375 0.70312
vt 0.60156 0.70312
vt 0.60937 0.70312
vt 0.61718 0.70312
vt 0.625 0.70312
vt 0.63281 0.70312
vt 0.64062 0.70312
vt 0.64843 0.70312
vt 0.65625 0.70312
vt 0.66406 0.70312
vt 0.67187 0.70312
vt 0.67968 0.70312
vt 0.6875 0.70312
vt 0.69531 0.70312
vt 0.70312 0.70312
vt 0.71093 0.70312
vt 0.71875 0.70312
vt 0.72656 0.70312
vt 0.73437 0.70312
vt 0.74218 0.70312
vt 0.75 0.70312
vt 0.75781 0.70312
vt 0.76562 0.70312
vt 0.77343 0.70312
vt 0.78125 0.70312
vt 0.78906 0.70312
vt 0.79687 0.70312
vt 0.80468 0.70312
vt 0.8125 0.70312
vt 0.82031 0.70312
vt 0.82812 0.70312
vt 0.83593 0.70312
vt 0.84375 0.70312
vt 0.85156 0.70312
vt 0.85937 0.70312
vt 0.86718 0.70312
vt 0.875 0.70312
vt 0.88281 0.70312
vt 0.89062 0.70312
vt 0.89843 0.70312
vt 0.90625 0.70312
vt 0.91406 0.70312
vt 0.92187 0.70312
vt 0.92968 0.70312
vt 0.9375 0.70312
vt 0.94531 0.70312
vt 0.95312 0.70312
vt 0.96093 0.70312
vt 0.96875 0.70312
vt 0.97656 0.70312
vt 0.98437 0.70312
vt 0.99218 0.70312
vt 1 0.70312
vt 0 0.71875
vt 0.00781 0.71875
vt 0.01562 0.71875
vt 0.02343 0.71875
vt 0.03125 0.71875
vt 0.03906 0.71875
vt 0.04687 0.71875
vt 0.05468 0.71875
vt 0.0625 0.71875
vt 0.07031 0.71875
vt 0.07812 0.71875
vt 0.08593 0.71875
vt 0.09375 0.71875
vt 0.10156 0.71875
vt 0.10937 0.71875
vt 0.11718 0.71875
vt 0.125 0.71875
vt 0.13281 0.71875
vt 0.14062 0.71875
vt 0.14843 0.71875
vt 0.15625 0.71875
vt 0.16406 0.71875
vt 0.17187 0.71875
vt 0.17968 0.71875
vt 0.1875 0.71875
vt 0.19531 0.71875
vt 0.20312 0.71875
vt 0.21093 0.71875
vt 0.21875 0.71875
vt 0.22656 0.71875
vt 0.23437 0.71875
vt 0.24218 0.71875
vt 0.25 0.71875
vt 0.25781 0.71875
vt 0.26562 0.71875
vt 0.27343 0.71875
vt 0.28125 0.71875
vt 0.28906 0.71875
vt 0.29687 0.71875
vt 0.30468 0.71875
vt 0.3125 0.71875
vt 0.32031 0.71875
vt 0.32812 0.71875
vt 0.33593 0.71875
vt 0.34375 0.71875
vt 0.35156 0.71875
vt 0.35937 0.71875
vt 0.36718 0.71875
vt 0.375 0.71875
vt 0.38281 0.71875
vt 0.39062 0.71875
vt 0.39843 0.71875
vt 0.40625 0.71875
vt 0.41406 0.71875
vt 0.42187 0.71875
vt 0.42968 0.71875
vt 0.4375 0.71875
vt 0.44531 0.71875
vt 0.45312 0.71875
vt 0.46093 0.71875
vt 0.46875 0.71875
vt 0.47656 0.71875
vt 0.48437 0.71875
vt 0.49218 0.71875
vt 0.5 0.71875
vt 0.50781 0.71875
vt 0.51562 0.71875
vt 0.52343 0.71875
vt 0.53125 0.71875
vt 0.53906 0.71875
vt 0.54687 0.71875
vt 0.55468 0.71875
vt 0.5625 0.71875
vt 0.57031 0.71875
vt 0.57812 0.71875
vt 0.58593 0.71875
vt 0.59375 0.71875
vt 0.60156 0.71875
vt 0.60937 0.71875
vt 0.61718 0.71875
vt 0.625 0.71875
vt 0.63281 0.71875
vt 0.64062 0.71875
vt 0.64843 0.71875
vt 0.65625 0.71875
vt 0.66406 0.71875
vt 0.67187 0.71875
vt 0.67968 0.71875
vt 0.6875 0.71875
vt 0.69531 0.71875
vt 0.70312 0.71875
vt 0.71093 0.71875
vt 0.71875 0.71875
vt 0.72656 0.71875
vt 0.73437 0.71875
vt 0.74218 0.71875
vt 0.75 0.71875
vt 0.75781 0.71875
vt 0.76562 0.71875
vt 0.77343 0.71875
vt 0.78125 0.71875
vt 0.78906 0.71875
vt 0.79687 0.71875
vt 0.80468 0.71875
vt 0.8125 0.71875
vt 0.82031 0.71875
vt 0.82812 0.71875
vt 0.83593 0.71875
vt 0.84375 0.71875
vt 0.85156 0.71875
vt 0.85937 0.71875
vt 0.86718 0.71875
vt 0.875 0.71875
vt 0.88281 0.71875
vt 0.89062 0.71875
vt 0.89843 0.71875
vt 0.90625 0.71875
vt 0.91406 0.71875
vt 0.92187 0.71875
vt 0.92968 0.71875
vt 0.9375 0.71875
vt 0.94531 0.71875
vt 0.95312 0.71875
vt 0.96093 0.71875
vt 0.96875 0.71875
vt 0.97656 0.71875
vt 0.98437 0.71875
vt 0.99218 0.71875
vt 1 0.71875
vt 0 0.73437
vt 0.00781 0.73437
vt 0.01562 0.73437
vt 0.02343 0.73437
vt 0.03125 0.73437
vt 0.03906 0.73437
vt 0.04687 0.73437
vt 0.05468 0.73437
vt 0.0625 0.73437
vt 0.07031 0.73437
vt 0.07812 0.73437
vt 0.08593 0.73437
vt 0.09375 0.73437
vt 0.10156 0.73437
vt 0.10937 0.73437
vt 0.11718 0.73437
vt 0.125 0.73437
vt 0.13281 0.73437
vt 0.14062 0.73437
vt 0.14843 0.73437
vt 0.15625 0.73437
vt 0.16406 0.73437
vt 0.17187 0.73437
vt 0.17968 0.73437
vt 0.1875 0.73437
vt 0.19531 0.73437
vt 0.20312 0.73437
vt 0.21093 0.73437
vt 0.21875 0.73437
vt 0.22656 0.73437
vt 0.23437 0.73437
vt 0.24218 0.73437
vt 0.25 0.73437
vt 0.25781 0.73437
vt 0.26562 0.73437
vt 0.27343 0.73437
vt 0.28125 0.73437
vt 0.28906 0.73437
vt 0.29687 0.73437
vt 0.30468 0.73437
vt 0.3125 0.73437
vt 0.32031 0.73437
vt 0.32812 0.73437
vt 0.33593 0.73437
vt 0.34375 0.73437
vt 0.35156 0.73437
vt 0.35937 0.73437
vt 0.36718 0.73437
vt 0.375 0.73437
vt 0.38281 0.73437
vt 0.39062 0.73437
vt 0.39843 0.73437
vt 0.40625 0.73437
vt 0.41406 0.73437
vt 0.42187 0.73437
vt 0.42968 0.73437
vt 0.4375 0.73437
vt 0.44531 0.73437
vt 0.45312 0.73437
vt 0.46093 0.73437
vt 0.46875 0.73437
vt 0.47656 0.73437
vt 0.48437 0.73437
vt 0.49218 0.73437
vt 0.5 0.73437
vt 0.50781 0.73437
vt 0.51562 0.73437
vt 0.52343 0.73437
vt 0.53125 0.73437
vt 0.53906 0.73437
vt 0.54687 0.73437
vt 0.55468 0.73437
vt 0.5625 0.73437
vt 0.57031 0.73437
vt 0.57812 0.73437
vt 0.58593 0.73437
vt 0.59375 0.73437
vt 0.60156 0.73437
vt 0.60937 0.73437
vt 0.61718 0.73437
vt 0.625 0.73437
vt 0.63281 0.73437
vt 0.64062 0.73437
vt 0.64843 0.73437
vt 0.65625 0.73437
vt 0.66406 0.73437
vt 0.67187 0.73437
vt 0.67968 0.73437
vt 0.6875 0.73437
vt 0.69531 0.73437
vt 0.70312 0.73437
vt 0.71093 0.73437
vt 0.71875 0.73437
vt 0.72656 0.73437
vt 0.73437 0.73437
vt 0.74218 0.73437
vt 0.75 0.73437
vt 0.75781 0.73437
vt 0.76562 0.73437
vt 0.77343 0.73437
vt 0.78125 0.73437
vt 0.78906 0.73437
vt 0.79687 0.73437
vt 0.80468 0.73437
vt 0.8125 0.73437
vt 0.82031 0.73437
vt 0.82812 0.73437
vt 0.83593 0.73437
vt 0.84375 0.73437
vt 0.85156 0.73437
vt 0.85937 0.73437
vt 0.86718 0.73437
vt 0.875 0.73437
vt 0.88281 0.73437
vt 0.89062 0.73437
vt 0.89843 0.73437
vt 0.90625 0.73437
vt 0.91406 0.73437
vt 0.92187 0.73437
vt 0.92968 0.73437
vt 0.9375 0.73437
vt 0.94531 0.73437
vt 0.95312 0.73437
vt 0.96093 0.73437
vt 0.96875 0.73437
vt 0.97656 0.73437
vt 0.98437 0.73437
vt 0.99218 0.73437
vt 1 0.73437
vt 0 0.75
vt 0.00781 0.75
vt 0.01562 0.75
vt 0.02343 0.75
vt 0.03125 0.75
vt 0.03906 0.75
vt 0.04687 0.75
vt 0.05468 0.75
vt 0.0625 0.75
vt 0.07031 0.75
vt 0.07812 0.75
vt 0.08593 0.75
vt 0.09375 0.75
vt 0.10156 0.75
vt 0.10937 0.75
vt 0.11718 0.75
vt 0.125 0.75
vt 0.13281 0.75
vt 0.14062 0.75
vt 0.14843 0.75
vt 0.15625 0.75
vt 0.16406 0.75
vt 0.17187 0.75
vt 0.17968 0.75
vt 0.1875 0.75
vt 0.19531 0.75
vt 0.20312 0.75
vt 0.21093 0.75
vt 0.21875 0.75
vt 0.22656 0.75
vt 0.23437 0.75
vt 0.24218 0.75
vt 0.25 0.75
vt 0.25781 0.75
vt 0.26562 0.75
vt 0.27343 0.75
vt 0.28125 0.75
vt 0.28906 0.75
vt 0.29687 0.75
vt 0.30468 0.75
vt 0.3125 0.75
vt 0.32031 0.75
vt 0.32812 0.75
vt 0.33593 0.75
vt 0.34375 0.75
vt 0.35156 0.75
vt 0.35937 0.75
vt 0.36718 0.75
vt 0.375 0.75
vt 0.38281 0.75
vt 0.39062 0.75
vt 0.39843 0.75
vt 0.40625 0.75
vt 0.41406 0.75
vt 0.42187 0.75
vt 0.42968 0.75
vt 0.4375 0.75
vt 0.44531 0.75
vt 0.45312 0.75
vt 0.46093 0.75
vt 0.46875 0.75
vt 0.47656 0.75
vt 0.48437 0.75
vt 0.49218 0.75
vt 0.5 0.75
vt 0.50781 0.75
vt 0.51562 0.75
vt 0.52343 0.75
vt 0.53125 0.75
vt 0.53906 0.75
vt 0.54687 0.75
vt 0.55468 0.75
vt 0.5625 0.75
vt 0.57031 0.75
vt 0.57812 0.75
vt 0.58593 0.75
vt 0.59375 0.75
vt 0.60156 0.75
vt 0.60937 0.75
vt 0.61718 0.75
vt 0.625 0.75
vt 0.63281 0.75
vt 0.64062 0.75
vt 0.64843 0.75
vt 0.65625 0.75
vt 0.66406 0.75
vt 0.67187 0.75
vt 0.67968 0.75
vt 0.6875 0.75
vt 0.69531 0.75
vt 0.70312 0.75
vt 0.71093 0.75
vt 0.71875 0.75
vt 0.72656 0.75
vt 0.73437 0.75
vt 0.74218 0.75
vt 0.75 0.75
vt 0.75781 0.75
vt 0.76562 0.75
vt 0.77343 0.75
vt 0.78125 0.75
vt 0.78906 0.75
vt 0.79687 0.75
vt 0.80468 0.75
vt 0.8125 0.75
vt 0.82031 0.75
vt 0.82812 0.75
vt 0.83593 0.75
vt 0.84375 0.75
vt 0.85156 0.75
vt 0.85937 0.75
vt 0.86718 0.75
vt 0.875 0.75
vt 0.88281 0.75
vt 0.89062 0.75
vt 0.89843 0.75
vt 0.90625 0.75
vt 0.91406 0.75
vt 0.92187 0.75
vt 0.92968 0.75
vt 0.9375 0.75
vt 0.94531 0.75
vt 0.95312 0.75
vt 0.96093 0.75
vt 0.96875 0.75
vt 0.97656 0.75
vt 0.98437 0.75
vt 0.99218 0.75
vt 1 0.75
vt 0 0.76562
vt 0.00781 0.76562
vt 0.01562 0.76562
vt 0.02343 0.76562
vt 0.03125 0.76562
vt 0.03906 0.76562
vt 0.04687 0.76562
vt 0.05468 0.76562
vt 0.0625 0.76562
vt 0.07031 0.76562
vt 0.07812 0.76562
vt 0.08593 0.76562
vt 0.09375 0.76562
vt 0.10156 0.76562
vt 0.10937 0.76562
vt 0.11718 0.76562
vt 0.125 0.76562
vt 0.13281 0.76562
vt 0.14062 0.76562
vt 0.14843 0.76562
vt 0.15625 0.76562
vt 0.16406 0.76562
vt 0.17187 0.76562
vt 0.17968 0.76562
vt 0.1875 0.76562
vt 0.19531 0.76562
vt 0.20312 0.76562
vt 0.21093 0.76562
vt 0.21875 0.76562
vt 0.22656 0.76562
vt 0.23437 0.76562
vt 0.24218 0.76562
vt 0.25 0.76562
vt 0.25781 0.76562
vt 0.26562 0.76562
vt 0.27343 0.76562
vt 0.28125 0.76562
vt 0.28906 0.76562
vt 0.29687 0.76562
vt 0.30468 0.76562
vt 0.3125 0.76562
vt 0.32031 0.76562
vt 0.32812 0.76562
vt 0.33593 0.76562
vt 0.34375 0.76562
vt 0.35156 0.76562
vt 0.35937 0.76562
vt 0.36718 0.76562
vt 0.375 0.76562
vt 0.38281 0.76562
vt 0.39062 0.76562
vt 0.39843 0.76562
vt 0.40625 0.76562
vt 0.41406 0.76562
vt 0.42187 0.76562
vt 0.42968 0.76562
vt 0.4375 0.76562
vt 0.44531 0.76562
vt 0.45312 0.76562
vt 0.46093 0.76562
vt 0.46875 0.76562
vt 0.47656 0.76562
vt 0.48437 0.76562
vt 0.49218 0.76562
vt 0.5 0.76562
vt 0.50781 0.76562
vt 0.51562 0.76562
vt 0.52343 0.76562
vt 0.53125 0.76562
vt 0.53906 0.76562
vt 0.54687 0.76562
vt 0.55468 0.76562
vt 0.5625 0.76562
vt 0.57031 0.76562
vt 0.57812 0.76562
vt 0.58593 0.76562
vt 0.59375 0.76562
vt 0.60156 0.76562
vt 0.60937 0.76562
vt 0.61718 0.76562
vt 0.625 0.76562
vt 0.63281 0.76562
vt 0.64062 0.76562
vt 0.64843 0.76562
vt 0.65625 0.76562
vt 0.66406 0.76562
vt 0.67187 0.76562
vt 0.67968 0.76562
vt 0.6875 0.76562
vt 0.69531 0.76562
vt 0.70312 0.76562
vt 0.71093 0.76562
vt 0.71875 0.76562
vt 0.72656 0.76562
vt 0.73437 0.76562
vt 0.74218 0.76562
vt 0.75 0.76562
vt 0.75781 0.76562
vt 0.76562 0.76562
vt 0.77343 0.76562
vt 0.78125 0.76562
vt 0.78906 0.76562
vt 0.79687 0.76562
vt 0.80468 0.76562
vt 0.8125 0.76562
vt 0.82031 0.76562
vt 0.82812 0.76562
vt 0.83593 0.76562
vt 0.84375 0.76562
vt 0.85156 0.76562
vt 0.85937 0.76562
vt 0.86718 0.76562
vt 0.875 0.76562
vt 0.88281 0.76562
vt 0.89062 0.76562
vt 0.89843 0.76562
vt 0.90625 0.76562
vt 0.91406 0.76562
vt 0.92187 0.76562
vt 0.92968 0.76562
vt 0.9375 0.76562
vt 0.94531 0.76562
vt 0.95312 0.76562
vt 0.96093 0.76562
vt 0.96875 0.76562
vt 0.97656 0.76562
vt 0.98437 0.76562
vt 0.99218 0.76562
vt 1 0.76562
vt 0 0.78125
vt 0.00781 0.78125
vt 0.01562 0.78125
vt 0.02343 0.78125
vt 0.03125 0.78125
vt 0.03906 0.78125
vt 0.04687 0.78125
vt 0.05468 0.78125
vt 0.0625 0.78125
vt 0.07031 0.78125
vt 0.07812 0.78125
vt 0.08593 0.78125
vt 0.09375 0.78125
vt 0.10156 0.78125
vt 0.10937 0.78125
vt 0.11718 0.78125
vt 0.125 0.78125
vt 0.13281 0.78125
vt 0.14062 0.78125
vt 0.14843 0.78125
vt 0.15625 0.78125
vt 0.16406 0.78125
vt 0.17187 0.78125
vt 0.17968 0.78125
vt 0.1875 0.78125
vt 0.19531 0.78125
vt 0.20312 0.78125
vt 0.21093 0.78125
vt 0.21875 0.78125
vt 0.22656 0.78125
vt 0.23437 0.78125
vt 0.24218 0.78125
vt 0.25 0.78125
vt 0.25781 0.78125
vt 0.26562 0.78125
vt 0.27343 0.78125
vt 0.28125 0.78125
vt 0.28906 0.78125
vt 0.29687 0.78125
vt 0.30468 0.78125
vt 0.3125 0.78125
vt 0.32031 0.78125
vt 0.32812 0.78125
vt 0.33593 0.78125
vt 0.34375 0.78125
vt 0.35156 0.78125
vt 0.35937 0.78125
vt 0.36718 0.78125
vt 0.375 0.78125
vt 0.38281 0.78125
vt 0.39062 0.78125
vt 0.39843 0.78125
vt 0.40625 0.78125
vt 0.41406 0.78125
vt 0.42187 0.78125
vt 0.42968 0.78125
vt 0.4375 0.78125
vt 0.44531 0.78125
vt 0.45312 0.78125
vt 0.46093 0.78125
vt 0.46875 0.78125
vt 0.47656 0.78125
vt 0.48437 0.78125
vt 0.49218 0.78125
vt 0.5 0.78125
vt 0.50781 0.78125
vt 0.51562 0.78125
vt 0.52343 0.78125
vt 0.53125 0.78125
vt 0.53906 0.78125
vt 0.54687 0.78125
vt 0.55468 0.78125
vt 0.5625 0.78125
vt 0.57031 0.78125
vt 0.57812 0.78125
vt 0.58593 0.78125
vt 0.59375 0.78125
vt 0.60156 0.78125
vt 0.60937 0.78125
vt 0.61718 0.78125
vt 0.625 0.78125
vt 0.63281 0.78125
vt 0.64062 0.78125
vt 0.64843 0.78125
vt 0.65625 0.78125
vt 0.66406 0.78125
vt 0.67187 0.78125
vt 0.67968 0.78125
vt 0.6875 0.78125
vt 0.69531 0.78125
vt 0.70312 0.78125
vt 0.71093 0.78125
vt 0.71875 0.78125
vt 0.72656 0.78125
vt 0.73437 0.78125
vt 0.74218 0.78125
vt 0.75 0.78125
vt 0.75781 0.78125
vt 0.76562 0.78125
vt 0.77343 0.78125
vt 0.78125 0.78125
vt 0.78906 0.78125
vt 0.79687 0.78125
vt 0.80468 0.78125
vt 0.8125 0.78125
vt 0.82031 0.78125
vt 0.82812 0.78125
vt 0.83593 0.78125
vt 0.84375 0.78125
vt 0.85156 0.78125
vt 0.85937 0.78125
vt 0.86718 0.78125
vt 0.875 0.78125
vt 0.88281 0.78125
vt 0.89062 0.78125
vt 0.89843 0.78125
vt 0.90625 0.78125
vt 0.91406 0.78125
vt 0.92187 0.78125
vt 0.92968 0.78125
vt 0.9375 0.78125
vt 0.94531 0.78125
vt 0.95312 0.78125
vt 0.96093 0.78125
vt 0.96875 0.78125
vt 0.97656 0.78125
vt 0.98437 0.78125
vt 0.99218 0.78125
vt 1 0.78125
vt 0 0.79687
vt 0.00781 0.79687
vt 0.01562 0.79687
vt 0.02343 0.79687
vt 0.03125 0.79687
vt 0.03906 0.79687
vt 0.04687 0.79687
vt 0.05468 0.79687
vt 0.0625 0.79687
vt 0.07031 0.79687
vt 0.07812 0.79687
vt 0.08593 0.79687
vt 0.09375 0.79687
vt 0.10156 0.79687
vt 0.10937 0.79687
vt 0.11718 0.79687
vt 0.125 0.79687
vt 0.13281 0.79687
vt 0.14062 0.79687
vt 0.14843 0.79687
vt 0.15625 0.79687
vt 0.16406 0.79687
vt 0.17187 0.79687
vt 0.17968 0.79687
vt 0.1875 0.79687
vt 0.19531 0.79687
vt 0.20312 0.79687
vt 0.21093 0.79687
vt 0.21875 0.79687
vt 0.22656 0.79687
vt 0.23437 0.79687
vt 0.24218 0.79687
vt 0.25 0.79687
vt 0.25781 0.79687
vt 0.26562 0.79687
vt 0.27343 0.79687
vt 0.28125 0.79687
vt 0.28906 0.79687
vt 0.29687 0.79687
vt 0.30468 0.79687
vt 0.3125 0.79687
vt 0.32031 0.79687
vt 0.32812 0.79687
vt 0.33593 0.79687
vt 0.34375 0.79687
vt 0.35156 0.79687
vt 0.35937 0.79687
vt 0.36718 0.79687
vt 0.375 0.79687
vt 0.38281 0.79687
vt 0.39062 0.79687
vt 0.39843 0.79687
vt 0.40625 0.79687
vt 0.41406 0.79687
vt 0.42187 0.79687
vt 0.42968 0.79687
vt 0.4375 0.79687
vt 0.44531 0.79687
vt 0.45312 0.79687
vt 0.46093 0.79687
vt 0.46875 0.79687
vt 0.47656 0.79687
vt 0.48437 0.79687
vt 0.49218 0.79687
vt 0.5 0.79687
vt 0.50781 0.79687
vt 0.51562 0.79687
vt 0.52343 0.79687
vt 0.53125 0.79687
vt 0.53906 0.79687
vt 0.54687 0.79687
vt 0.55468 0.79687
vt 0.5625 0.79687
vt 0.57031 0.79687
vt 0.57812 0.79687
vt 0.58593 0.79687
vt 0.59375 0.79687
vt 0.60156 0.79687
vt 0.60937 0.79687
vt 0.61718 0.79687
vt 0.625 0.79687
vt 0.63281 0.79687
vt 0.64062 0.79687
vt 0.64843 0.79687
vt 0.65625 0.79687
vt 0.66406 0.79687
vt 0.67187 0.79687
vt 0.67968 0.79687
vt 0.6875 0.79687
vt 0.69531 0.79687
vt 0.70312 0.79687
vt 0.71093 0.79687
vt 0.71875 0.79687
vt 0.72656 0.79687
vt 0.73437 0.79687
vt 0.74218 0.79687
vt 0.75 0.79687
vt 0.75781 0.79687
vt 0.76562 0.79687
vt 0.77343 0.79687
vt 0.78125 0.79687
vt 0.78906 0.79687
vt 0.79687 0.79687
vt 0.80468 0.79687
vt 0.8125 0.79687
vt 0.82031 0.79687
vt 0.82812 0.79687
vt 0.83593 0.79687
vt 0.84375 0.79687
vt 0.85156 0.79687
vt 0.85937 0.79687
vt 0.86718 0.79687
vt 0.875 0.79687
vt 0.88281 0.79687
vt 0.89062 0.79687
vt 0.89843 0.79687
vt 0.90625 0.79687
vt 0.91406 0.79687
vt 0.92187 0.79687
vt 0.92968 0.79687
vt 0.9375 0.79687
vt 0.94531 0.79687
vt 0.95312 0.79687
vt 0.96093 0.79687
vt 0.96875 0.79687
vt 0.97656 0.79687
vt 0.98437 0.79687
vt 0.99218 0.79687
vt 1 0.79687
vt 0 0.8125
vt 0.00781 0.8125
vt 0.01562 0.8125
vt 0.02343 0.8125
vt 0.03125 0.8125
vt 0.03906 0.8125
vt 0.04687 0.8125
vt 0.05468 0.8125
vt 0.0625 0.8125
vt 0.07031 0.8125
vt 0.07812 0.8125
vt 0.08593 0.8125
vt 0.09375 0.8125
vt 0.10156 0.8125
vt 0.10937 0.8125
vt 0.11718 0.8125
vt 0.125 0.8125
vt 0.13281 0.8125
vt 0.14062 0.8125
vt 0.14843 0.8125
vt 0.15625 0.8125
vt 0.16406 0.8125
vt 0.17187 0.8125
vt 0.17968 0.8125
vt 0.1875 0.8125
vt 0.19531 0.8125
vt 0.20312 0.8125
vt 0.21093 0.8125
vt 0.21875 0.8125
vt 0.22656 0.8125
vt 0.23437 0.8125
vt 0.24218 0.8125
vt 0.25 0.8125
vt 0.25781 0.8125
vt 0.26562 0.8125
vt 0.27343 0.8125
vt 0.28125 0.8125
vt 0.28906 0.8125
vt 0.29687 0.8125
vt 0.30468 0.8125
vt 0.3125 0.8125
vt 0.32031 0.8125
vt 0.32812 0.8125
vt 0.33593 0.8125
vt 0.34375 0.8125
vt 0.35156 0.8125
vt 0.35937 0.8125
vt 0.36718 0.8125
vt 0.375 0.8125
vt 0.38281 0.8125
vt 0.39062 0.8125
vt 0.39843 0.8125
vt 0.40625 0.8125
vt 0.41406 0.8125
vt 0.42187 0.8125
vt 0.42968 0.8125
vt 0.4375 0.8125
vt 0.44531 0.8125
vt 0.45312 0.8125
vt 0.46093 0.8125
vt 0.46875 0.8125
vt 0.47656 0.8125
vt 0.48437 0.8125
vt 0.49218 0.8125
vt 0.5 0.8125
vt 0.50781 0.8125
vt 0.51562 0.8125
vt 0.52343 0.8125
vt 0.53125 0.8125
vt 0.53906 0.8125
vt 0.54687 0.8125
vt 0.55468 0.8125
vt 0.5625 0.8125
vt 0.57031 0.8125
vt 0.57812 0.8125
vt 0.58593 0.8125
vt 0.59375 0.8125
vt 0.60156 0.8125
vt 0.60937 0.8125
vt 0.61718 0.8125
vt 0.625 0.8125
vt 0.63281 0.8125
vt 0.64062 0.8125
vt 0.64843 0.8125
vt 0.65625 0.8125
vt 0.66406 0.8125
vt 0.67187 0.8125
vt 0.67968 0.8125
vt 0.6875 0.8125
vt 0.69531 0.8125
vt 0.70312 0.8125
vt 0.71093 0.8125
vt 0.71875 0.8125
vt 0.72656 0.8125
vt 0.73437 0.8125
vt 0.74218 0.8125
vt 0.75 0.8125
vt 0.75781 0.8125
vt 0.76562 0.8125
vt 0.77343 0.8125
vt 0.78125 0.8125
vt 0.78906 0.8125
vt 0.79687 0.8125
vt 0.80468 0.8125
vt 0.8125 0.8125
vt 0.82031 0.8125
vt 0.82812 0.8125
vt 0.83593 0.8125
vt 0.84375 0.8125
vt 0.85156 0.8125
vt 0.85937 0.8125
vt 0.86718 0.8125
vt 0.875 0.8125
vt 0.88281 0.8125
vt 0.89062 0.8125
vt 0.89843 0.8125
vt 0.90625 0.8125
vt 0.91406 0.8125
vt 0.92187 0.8125
vt 0.92968 0.8125
vt 0.9375 0.8125
vt 0.94531 0.8125
vt 0.95312 0.8125
vt 0.96093 0.8125
vt 0.96875 0.8125
vt 0.97656 0.8125
vt 0.98437 0.8125
vt 0.99218 0.8125
vt 1 0.8125
vt 0 0.82812
vt 0.00781 0.82812
vt 0.01562 0.82812
vt 0.02343 0.82812
vt 0.03125 0.82812
vt 0.03906 0.82812
vt 0.04687 0.82812
vt 0.05468 0.82812
vt 0.0625 0.82812
vt 0.07031 0.82812
vt 0.07812 0.82812
vt 0.08593 0.82812
vt 0.09375 0.82812
vt 0.10156 0.82812
vt 0.10937 0.82812
vt 0.11718 0.82812
vt 0.125 0.82812
vt 0.13281 0.82812
vt 0.14062 0.82812
vt 0.14843 0.82812
vt 0.15625 0.82812
vt 0.16406 0.82812
vt 0.17187 0.82812
vt 0.17968 0.82812
vt 0.1875 0.82812
vt 0.19531 0.82812
vt 0.20312 0.82812
vt 0.21093 0.82812
vt 0.21875 0.82812
vt 0.22656 0.82812
vt 0.23437 0.82812
vt 0.24218 0.82812
vt 0.25 0.82812
vt 0.25781 0.82812
vt 0.26562 0.82812
vt 0.27343 0.82812
vt 0.28125 0.82812
vt 0.28906 0.82812
vt 0.29687 0.82812
vt 0.30468 0.82812
vt 0.3125 0.82812
vt 0.32031 0.82812
vt 0.32812 0.82812
vt 0.33593 0.82812
vt 0.34375 0.82812
vt 0.35156 0.82812
vt 0.35937 0.82812
vt 0.36718 0.82812
vt 0.375 0.82812
vt 0.38281 0.82812
vt 0.39062 0.82812
vt 0.39843 0.82812
vt 0.40625 0.82812
vt 0.41406 0.82812
vt 0.42187 0.82812
vt 0.42968 0.82812
vt 0.4375 0.82812
vt 0.44531 0.82812
vt 0.45312 0.82812
vt 0.46093 0.82812
vt 0.46875 0.82812
vt 0.47656 0.82812
vt 0.48437 0.82812
vt 0.49218 0.82812
vt 0.5 0.82812
vt 0.50781 0.82812
vt 0.51562 0.82812
vt 0.52343 0.82812
vt 0.53125 0.82812
vt 0.53906 0.82812
vt 0.54687 0.82812
vt 0.55468 0.82812
vt 0.5625 0.82812
vt 0.57031 0.82812
vt 0.57812 0.82812
vt 0.58593 0.82812
vt 0.59375 0.82812
vt 0.60156 0.82812
vt 0.60937 0.82812
vt 0.61718 0.82812
vt 0.625 0.82812
vt 0.63281 0.82812
vt 0.64062 0.82812
vt 0.64843 0.82812
vt 0.65625 0.82812
vt 0.66406 0.82812
vt 0.67187 0.82812
vt 0.67968 0.82812
vt 0.6875 0.82812
vt 0.69531 0.82812
vt 0.70312 0.82812
vt 0.71093 0.82812
vt 0.71875 0.82812
vt 0.72656 0.82812
vt 0.73437 0.82812
vt 0.74218 0.82812
vt 0.75 0.82812
vt 0.75781 0.82812
vt 0.76562 0.82812
vt 0.77343 0.82812
vt 0.78125 0.82812
vt 0.78906 0.82812
vt 0.79687 0.82812
vt 0.80468 0.82812
vt 0.8125 0.82812
vt 0.82031 0.82812
vt 0.82812 0.82812
vt 0.83593 0.82812
vt 0.84375 0.82812
vt 0.85156 0.82812
vt 0.85937 0.82812
vt 0.86718 0.82812
vt 0.875 0.82812
vt 0.88281 0.82812
vt 0.89062 0.82812
vt 0.89843 0.82812
vt 0.90625 0.82812
vt 0.91406 0.82812
vt 0.92187 0.82812
vt 0.92968 0.82812
vt 0.9375 0.82812
vt 0.94531 0.82812
vt 0.95312 0.82812
vt 0.96093 0.82812
vt 0.96875 0.82812
vt 0.97656 0.82812
vt 0.98437 0.82812
vt 0.99218 0.82812
vt 1 0.82812
vt 0 0.84375
vt 0.00781 0.84375
vt 0.01562 0.84375
vt 0.02343 0.84375
vt 0.03125 0.84375
vt 0.03906 0.84375
vt 0.04687 0.84375
vt 0.05468 0.84375
vt 0.0625 0.84375
vt 0.07031 0.84375
vt 0.07812 0.84375
vt 0.08593 0.84375
vt 0.09375 0.84375
vt 0.10156 0.84375
vt 0.10937 0.84375
vt 0.11718 0.84375
vt 0.125 0.84375
vt 0.13281 0.84375
vt 0.14062 0.84375
vt 0.14843 0.84375
vt 0.15625 0.84375
vt 0.16406 0.84375
vt 0.17187 0.84375
vt 0.17968 0.84375
vt 0.1875 0.84375
vt 0.19531 0.84375
vt 0.20312 0.84375
vt 0.21093 0.84375
vt 0.21875 0.84375
vt 0.22656 0.84375
vt 0.23437 0.84375
vt 0.24218 0.84375
vt 0.25 0.84375
vt 0.25781 0.84375
vt 0.26562 0.84375
vt 0.27343 0.84375
vt 0.28125 0.84375
vt 0.28906 0.84375
vt 0.29687 0.84375
vt 0.30468 0.84375
vt 0.3125 0.84375
vt 0.32031 0.84375
vt 0.32812 0.84375
vt 0.33593 0.84375
vt 0.34375 0.84375
vt 0.35156 0.84375
vt 0.35937 0.84375
vt 0.36718 0.84375
vt 0.375 0.84375
vt 0.38281 0.84375
vt 0.39062 0.84375
vt 0.39843 0.84375
vt 0.40625 0.84375
vt 0.41406 0.84375
vt 0.42187 0.84375
vt 0.42968 0.84375
vt 0.4375 0.84375
vt 0.44531 0.84375
vt 0.45312 0.84375
vt 0.46093 0.84375
vt 0.46875 0.84375
vt 0.47656 0.84375
vt 0.48437 0.84375
vt 0.49218 0.84375
vt 0.5 0.84375
vt 0.50781 0.84375
vt 0.51562 0.84375
vt 0.52343 0.84375
vt 0.53125 0.84375
vt 0.53906 0.84375
vt 0.54687 0.84375
vt 0.55468 0.84375
vt 0.5625 0.84375
vt 0.57031 0.84375
vt 0.57812 0.84375
vt 0.58593 0.84375
vt 0.59375 0.84375
vt 0.60156 0.84375
vt 0.60937 0.84375
vt 0.61718 0.84375
vt 0.625 0.84375
vt 0.63281 0.84375
vt 0.64062 0.84375
vt 0.64843 0.84375
vt 0.65625 0.84375
vt 0.66406 0.84375
vt 0.67187 0.84375
vt 0.67968 0.84375
vt 0.6875 0.84375
vt 0.69531 0.84375
vt 0.70312 0.84375
vt 0.71093 0.84375
vt 0.71875 0.84375
vt 0.72656 0.84375
vt 0.73437 0.84375
vt 0.74218 0.84375
vt 0.75 0.84375
vt 0.75781 0.84375
vt 0.76562 0.84375
vt 0.77343 0.84375
vt 0.78125 0.84375
vt 0.78906 0.84375
vt 0.79687 0.84375
vt 0.80468 0.84375
vt 0.8125 0.84375
vt 0.82031 0.84375
vt 0.82812 0.84375
vt 0.83593 0.84375
vt 0.84375 0.84375
vt 0.85156 0.84375
vt 0.85937 0.84375
vt 0.86718 0.84375
vt 0.875 0.84375
vt 0.88281 0.84375
vt 0.89062 0.84375
vt 0.89843 0.84375
vt 0.90625 0.84375
vt 0.91406 0.84375
vt 0.92187 0.84375
vt 0.92968 0.84375
vt 0.9375 0.84375
vt 0.94531 0.84375
vt 0.95312 0.84375
vt 0.96093 0.84375
vt 0.96875 0.84375
vt 0.97656 0.84375
vt 0.98437 0.84375
vt 0.99218 0.84375
vt 1 0.84375
vt 0 0.85937
vt 0.00781 0.85937
vt 0.01562 0.85937
vt 0.02343 0.85937
vt 0.03125 0.85937
vt 0.03906 0.85937
vt 0.04687 0.85937
vt 0.05468 0.85937
vt 0.0625 0.85937
vt 0.07031 0.85937
vt 0.07812 0.85937
vt 0.08593 0.85937
vt 0.09375 0.85937
vt 0.10156 0.85937
vt 0.10937 0.85937
vt 0.11718 0.85937
vt 0.125 0.85937
vt 0.13281 0.85937
vt 0.14062 0.85937
vt 0.14843 0.85937
vt 0.15625 0.85937
vt 0.16406 0.85937
vt 0.17187 0.85937
vt 0.17968 0.85937
vt 0.1875 0.85937
vt 0.19531 0.85937
vt 0.20312 0.85937
vt 0.21093 0.85937
vt 0.21875 0.85937
vt 0.22656 0.85937
vt 0.23437 0.85937
vt 0.24218 0.85937
vt 0.25 0.85937
vt 0.25781 0.85937
vt 0.26562 0.85937
vt 0.27343 0.85937
vt 0.28125 0.85937
vt 0.28906 0.85937
vt 0.29687 0.85937
vt 0.30468 0.85937
vt 0.3125 0.85937
vt 0.32031 0.85937
vt 0.32812 0.85937
vt 0.33593 0.85937
vt 0.34375 0.85937
vt 0.35156 0.85937
vt 0.35937 0.85937
vt 0.36718 0.85937
vt 0.375 0.85937
vt 0.38281 0.85937
vt 0.39062 0.85937
vt 0.39843 0.85937
vt 0.40625 0.85937
vt 0.41406 0.85937
vt 0.42187 0.85937
vt 0.42968 0.85937
vt 0.4375 0.85937
vt 0.44531 0.85937
vt 0.45312 0.85937
vt 0.46093 0.85937
vt 0.46875 0.85937
vt 0.47656 0.85937
vt 0.48437 0.85937
vt 0.49218 0.85937
vt 0.5 0.85937
vt 0.50781 0.85937
vt 0.51562 0.85937
vt 0.52343 0.85937
vt 0.53125 0.85937
vt 0.53906 0.85937
vt 0.54687 0.85937
vt 0.55468 0.85937
vt 0.5625 0.85937
vt 0.57031 0.85937
vt 0.57812 0.85937
vt 0.58593 0.85937
vt 0.59375 0.85937
vt 0.60156 0.85937
vt 0.60937 0.85937
vt 0.61718 0.85937
vt 0.625 0.85937
vt 0.63281 0.85937
vt 0.64062 0.85937
vt 0.64843 0.85937
vt 0.65625 0.85937
vt 0.66406 0.85937
vt 0.67187 0.85937
vt 0.67968 0.85937
vt 0.6875 0.85937
vt 0.69531 0.85937
vt 0.70312 0.85937
vt 0.71093 0.85937
vt 0.71875 0.85937
vt 0.72656 0.85937
vt 0.73437 0.85937
vt 0.74218 0.85937
vt 0.75 0.85937
vt 0.75781 0.85937
vt 0.76562 0.85937
vt 0.77343 0.85937
vt 0.78125 0.85937
vt 0.78906 0.85937
vt 0.79687 0.85937
vt 0.80468 0.85937
vt 0.8125 0.85937
vt 0.82031 0.85937
vt 0.82812 0.85937
vt 0.83593 0.85937
vt 0.84375 0.85937
vt 0.85156 0.85937
vt 0.85937 0.85937
vt 0.86718 0.85937
vt 0.875 0.85937
vt 0.88281 0.85937
vt 0.89062 0.85937
vt 0.89843 0.85937
vt 0.90625 0.85937
vt 0.91406 0.85937
vt 0.92187 0.85937
vt 0.92968 0.85937
vt 0.9375 0.85937
vt 0.94531 0.85937
vt 0.95312 0.85937
vt 0.96093 0.85937
vt 0.96875 0.85937
vt 0.97656 0.85937
vt 0.98437 0.85937
vt 0.99218 0.85937
vt 1 0.85937
vt 0 0.875
vt 0.00781 0.875
vt 0.01562 0.875
vt 0.02343 0.875
vt 0.03125 0.875
vt 0.03906 0.875
vt 0.04687 0.875
vt 0.05468 0.875
vt 0.0625 0.875
vt 0.07031 0.875
vt 0.07812 0.875
vt 0.08593 0.875
vt 0.09375 0.875
vt 0.10156 0.875
vt 0.10937 0.875
vt 0.11718 0.875
vt 0.125 0.875
vt 0.13281 0.875
vt 0.14062 0.875
vt 0.14843 0.875
vt 0.15625 0.875
vt 0.16406 0.875
vt 0.17187 0.875
vt 0.17968 0.875
vt 0.1875 0.875
vt 0.19531 0.875
vt 0.20312 0.875
vt 0.21093 0.875
vt 0.21875 0.875
vt 0.22656 0.875
vt 0.23437 0.875
vt 0.24218 0.875
vt 0.25 0.875
vt 0.25781 0.875
vt 0.26562 0.875
vt 0.27343 0.875
vt 0.28125 0.875
vt 0.28906 0.875
vt 0.29687 0.875
vt 0.30468 0.875
vt 0.3125 0.875
vt 0.32031 0.875
vt 0.32812 0.875
vt 0.33593 0.875
vt 0.34375 0.875
vt 0.35156 0.875
vt 0.35937 0.875
vt 0.36718 0.875
vt 0.375 0.875
vt 0.38281 0.875
vt 0.39062 0.875
vt 0.39843 0.875
vt 0.40625 0.875
vt 0.41406 0.875
vt 0.42187 0.875
vt 0.42968 0.875
vt 0.4375 0.875
vt 0.44531 0.875
vt 0.45312 0.875
vt 0.46093 0.875
vt 0.46875 0.875
vt 0.47656 0.875
vt 0.48437 0.875
vt 0.49218 0.875
vt 0.5 0.875
vt 0.50781 0.875
vt 0.51562 0.875
vt 0.52343 0.875
vt 0.53125 0.875
vt 0.53906 0.875
vt 0.54687 0.875
vt 0.55468 0.875
vt 0.5625 0.875
vt 0.57031 0.875
vt 0.57812 0.875
vt 0.58593 0.875
vt 0.59375 0.875
vt 0.60156 0.875
vt 0.60937 0.875
vt 0.61718 0.875
vt 0.625 0.875
vt 0.63281 0.875
vt 0.64062 0.875
vt 0.64843 0.875
vt 0.65625 0.875
vt 0.66406 0.875
vt 0.67187 0.875
vt 0.67968 0.875
vt 0.6875 0.875
vt 0.69531 0.875
vt 0.70312 0.875
vt 0.71093 0.875
vt 0.71875 0.875
vt 0.72656 0.875
vt 0.73437 0.875
vt 0.74218 0.875
vt 0.75 0.875
vt 0.75781 0.875
vt 0.76562 0.875
vt 0.77343 0.875
vt 0.78125 0.875
vt 0.78906 0.875
vt 0.79687 0.875
vt 0.80468 0.875
vt 0.8125 0.875
vt 0.82031 0.875
vt 0.82812 0.875
vt 0.83593 0.875
vt 0.84375 0.875
vt 0.85156 0.875
vt 0.85937 0.875
vt 0.86718 0.875
vt 0.875 0.875
vt 0.88281 0.875
vt 0.89062 0.875
vt 0.89843 0.875
vt 0.90625 0.875
vt 0.91406 0.875
vt 0.92187 0.875
vt 0.92968 0.875
vt 0.9375 0.875
vt 0.94531 0.875
vt 0.95312 0.875
vt 0.96093 0.875
vt 0.96875 0.875
vt 0.97656 0.875
vt 0.98437 0.875
vt 0.99218 0.875
vt 1 0.875
vt 0 0.89062
vt 0.00781 0.89062
vt 0.01562 0.89062
vt 0.02343 0.89062
vt 0.03125 0.89062
vt 0.03906 0.89062
vt 0.04687 0.89062
vt 0.05468 0.89062
vt 0.0625 0.89062
vt 0.07031 0.89062
vt 0.07812 0.89062
vt 0.08593 0.89062
vt 0.09375 0.89062
vt 0.10156 0.89062
vt 0.10937 0.89062
vt 0.11718 0.89062
vt 0.125 0.89062
vt 0.13281 0.89062
vt 0.14062 0.89062
vt 0.14843 0.89062
vt 0.15625 0.89062
vt 0.16406 0.89062
vt 0.17187 0.89062
vt 0.17968 0.89062
vt 0.1875 0.89062
vt 0.19531 0.89062
vt 0.20312 0.89062
vt 0.21093 0.89062
vt 0.21875 0.89062
vt 0.22656 0.89062
vt 0.23437 0.89062
vt 0.24218 0.89062
vt 0.25 0.89062
vt 0.25781 0.89062
vt 0.26562 0.89062
vt 0.27343 0.89062
vt 0.28125 0.89062
vt 0.28906 0.89062
vt 0.29687 0.89062
vt 0.30468 0.89062
vt 0.3125 0.89062
vt 0.32031 0.89062
vt 0.32812 0.89062
vt 0.33593 0.89062
vt 0.34375 0.89062
vt 0.35156 0.89062
vt 0.35937 0.89062
vt 0.36718 0.89062
vt 0.375 0.89062
vt 0.38281 0.89062
vt 0.39062 0.89062
vt 0.39843 0.89062
vt 0.40625 0.89062
vt 0.41406 0.89062
vt 0.42187 0.89062
vt 0.42968 0.89062
vt 0.4375 0.89062
vt 0.44531 0.89062
vt 0.45312 0.89062
vt 0.46093 0.89062
vt 0.46875 0.89062
vt 0.47656 0.89062
vt 0.48437 0.89062
vt 0.49218 0.89062
vt 0.5 0.89062
vt 0.50781 0.89062
vt 0.51562 0.89062
vt 0.52343 0.89062
vt 0.53125 0.89062
vt 0.53906 0.89062
vt 0.54687 0.89062
vt 0.55468 0.89062
vt 0.5625 0.89062
vt 0.57031 0.89062
vt 0.57812 0.89062
vt 0.58593 0.89062
vt 0.59375 0.89062
vt 0.60156 0.89062
vt 0.60937 0.89062
vt 0.61718 0.89062
vt 0.625 0.89062
vt 0.63281 0.89062
vt 0.64062 0.89062
vt 0.64843 0.89062
vt 0.65625 0.89062
vt 0.66406 0.89062
vt 0.67187 0.89062
vt 0.67968 0.89062
vt 0.6875 0.89062
vt 0.69531 0.89062
vt 0.70312 0.89062
vt 0.71093 0.89062
vt 0.71875 0.89062
vt 0.72656 0.89062
vt 0.73437 0.89062
vt 0.74218 0.89062
vt 0.75 0.89062
vt 0.75781 0.89062
vt 0.76562 0.89062
vt 0.77343 0.89062
vt 0.78125 0.89062
vt 0.78906 0.89062
vt 0.79687 0.89062
vt 0.80468 0.89062
vt 0.8125 0.89062
vt 0.82031 0.89062
vt 0.82812 0.89062
vt 0.83593 0.89062
vt 0.84375 0.89062
vt 0.85156 0.89062
vt 0.85937 0.89062
vt 0.86718 0.89062
vt 0.875 0.89062
vt 0.88281 0.89062
vt 0.89062 0.89062
vt 0.89843 0.89062
vt 0.90625 0.89062
vt 0.91406 0.89062
vt 0.92187 0.89062
vt 0.92968 0.89062
vt 0.9375 0.89062
vt 0.94531 0.89062
vt 0.95312 0.89062
vt 0.96093 0.89062
vt 0.96875 0.89062
vt 0.97656 0.89062
vt 0.98437 0.89062
vt 0.99218 0.89062
vt 1 0.89062
vt 0 0.90625
vt 0.00781 0.90625
vt 0.01562 0.90625
vt 0.02343 0.90625
vt 0.03125 0.90625
vt 0.03906 0.90625
vt 0.04687 0.90625
vt 0.05468 0.90625
vt 0.0625 0.90625
vt 0.07031 0.90625
vt 0.07812 0.90625
vt 0.08593 0.90625
vt 0.09375 0.90625
vt 0.10156 0.90625
vt 0.10937 0.90625
vt 0.11718 0.90625
vt 0.125 0.90625
vt 0.13281 0.90625
vt 0.14062 0.90625
vt 0.14843 0.90625
vt 0.15625 0.90625
vt 0.16406 0.90625
vt 0.17187 0.90625
vt 0.17968 0.90625
vt 0.1875 0.90625
vt 0.19531 0.90625
vt 0.20312 0.90625
vt 0.21093 0.90625
vt 0.21875 0.90625
vt 0.22656 0.90625
vt 0.23437 0.90625
vt 0.24218 0.90625
vt 0.25 0.90625
vt 0.25781 0.90625
vt 0.26562 0.90625
vt 0.27343 0.90625
vt 0.28125 0.90625
vt 0.28906 0.90625
vt 0.29687 0.90625
vt 0.30468 0.90625
vt 0.3125 0.90625
vt 0.32031 0.90625
vt 0.32812 0.90625
vt 0.33593 0.90625
vt 0.34375 0.90625
vt 0.35156 0.90625
vt 0.35937 0.90625
vt 0.36718 0.90625
vt 0.375 0.90625
vt 0.38281 0.90625
vt 0.39062 0.90625
vt 0.39843 0.90625
vt 0.40625 0.90625
vt 0.41406 0.90625
vt 0.42187 0.90625
vt 0.42968 0.90625
vt 0.4375 0.90625
vt 0.44531 0.90625
vt 0.45312 0.90625
vt 0.46093 0.90625
vt 0.46875 0.90625
vt 0.47656 0.90625
vt 0.48437 0.90625
vt 0.49218 0.90625
vt 0.5 0.90625
vt 0.50781 0.90625
vt 0.51562 0.90625
vt 0.52343 0.90625
vt 0.53125 0.90625
vt 0.53906 0.90625
vt 0.54687 0.90625
vt 0.55468 0.90625
vt 0.5625 0.90625
vt 0.57031 0.90625
vt 0.57812 0.90625
vt 0.58593 0.90625
vt 0.59375 0.90625
vt 0.60156 0.90625
vt 0.60937 0.90625
vt 0.61718 0.90625
vt 0.625 0.90625
vt 0.63281 0.90625
vt 0.64062 0.90625
vt 0.64843 0.90625
vt 0.65625 0.90625
vt 0.66406 0.90625
vt 0.67187 0.90625
vt 0.67968 0.90625
vt 0.6875 0.90625
vt 0.69531 0.90625
vt 0.70312 0.90625
vt 0.71093 0.90625
vt 0.71875 0.90625
vt 0.72656 0.90625
vt 0.73437 0.90625
vt 0.74218 0.90625
vt 0.75 0.90625
vt 0.75781 0.90625
vt 0.76562 0.90625
vt 0.77343 0.90625
vt 0.78125 0.90625
vt 0.78906 0.90625
vt 0.79687 0.90625
vt 0.80468 0.90625
vt 0.8125 0.90625
vt 0.82031 0.90625
vt 0.82812 0.90625
vt 0.83593 0.90625
vt 0.84375 0.90625
vt 0.85156 0.90625
vt 0.85937 0.90625
vt 0.86718 0.90625
vt 0.875 0.90625
vt 0.88281 0.90625
vt 0.89062 0.90625
vt 0.89843 0.90625
vt 0.90625 0.90625
vt 0.91406 0.90625
vt 0.92187 0.90625
vt 0.92968 0.90625
vt 0.9375 0.90625
vt 0.94531 0.90625
vt 0.95312 0.90625
vt 0.96093 0.90625
vt 0.96875 0.90625
vt 0.97656 0.90625
vt 0.98437 0.90625
vt 0.99218 0.90625
vt 1 0.90625
vt 0 0.92187
vt 0.00781 0.92187
vt 0.01562 0.92187
vt 0.02343 0.92187
vt 0.03125 0.92187
vt 0.03906 0.92187
vt 0.04687 0.92187
vt 0.05468 0.92187
vt 0.0625 0.92187
vt 0.07031 0.92187
vt 0.07812 0.92187
vt 0.08593 0.92187
vt 0.09375 0.92187
vt 0.10156 0.92187
vt 0.10937 0.92187
vt 0.11718 0.92187
vt 0.125 0.92187
vt 0.13281 0.92187
vt 0.14062 0.92187
vt 0.14843 0.92187
vt 0.15625 0.92187
vt 0.16406 0.92187
vt 0.17187 0.92187
vt 0.17968 0.92187
vt 0.1875 0.92187
vt 0.19531 0.92187
vt 0.20312 0.92187
vt 0.21093 0.92187
vt 0.21875 0.92187
vt 0.22656 0.92187
vt 0.23437 0.92187
vt 0.24218 0.92187
vt 0.25 0.92187
vt 0.25781 0.92187
vt 0.26562 0.92187
vt 0.27343 0.92187
vt 0.28125 0.92187
vt 0.28906 0.92187
vt 0.29687 0.92187
vt 0.30468 0.92187
vt 0.3125 0.92187
vt 0.32031 0.92187
vt 0.32812 0.92187
vt 0.33593 0.92187
vt 0.34375 0.92187
vt 0.35156 0.92187
vt 0.35937 0.92187
vt 0.36718 0.92187
vt 0.375 0.92187
vt 0.38281 0.92187
vt 0.39062 0.92187
vt 0.39843 0.92187
vt 0.40625 0.92187
vt 0.41406 0.92187
vt 0.42187 0.92187
vt 0.42968 0.92187
vt 0.4375 0.92187
vt 0.44531 0.92187
vt 0.45312 0.92187
vt 0.46093 0.92187
vt 0.46875 0.92187
vt 0.47656 0.92187
vt 0.48437 0.92187
vt 0.49218 0.92187
vt 0.5 0.92187
vt 0.50781 0.92187
vt 0.51562 0.92187
vt 0.52343 0.92187
vt 0.53125 0.92187
vt 0.53906 0.92187
vt 0.54687 0.92187
vt 0.55468 0.92187
vt 0.5625 0.92187
vt 0.57031 0.92187
vt 0.57812 0.92187
vt 0.58593 0.92187
vt 0.59375 0.92187
vt 0.60156 0.92187
vt 0.60937 0.92187
vt 0.61718 0.92187
vt 0.625 0.92187
vt 0.63281 0.92187
vt 0.64062 0.92187
vt 0.64843 0.92187
vt 0.65625 0.92187
vt 0.66406 0.92187
vt 0.67187 0.92187
vt 0.67968 0.92187
vt 0.6875 0.92187
vt 0.69531 0.92187
vt 0.70312 0.92187
vt 0.71093 0.92187
vt 0.71875 0.92187
vt 0.72656 0.92187
vt 0.73437 0.92187
vt 0.74218 0.92187
vt 0.75 0.92187
vt 0.75781 0.92187
vt 0.76562 0.92187
vt 0.77343 0.92187
vt 0.78125 0.92187
vt 0.78906 0.92187
vt 0.79687 0.92187
vt 0.80468 0.92187
vt 0.8125 0.92187
vt 0.82031 0.92187
vt 0.82812 0.92187
vt 0.83593 0.92187
vt 0.84375 0.92187
vt 0.85156 0.92187
vt 0.85937 0.92187
vt 0.86718 0.92187
vt 0.875 0.92187
vt 0.88281 0.92187
vt 0.89062 0.92187
vt 0.89843 0.92187
vt 0.90625 0.92187
vt 0.91406 0.92187
vt 0.92187 0.92187
vt 0.92968 0.92187
vt 0.9375 0.92187
vt 0.94531 0.92187
vt 0.95312 0.92187
vt 0.96093 0.92187
vt 0.96875 0.92187
vt 0.97656 0.92187
vt 0.98437 0.92187
vt 0.99218 0.92187
vt 1 0.92187
vt 0 0.9375
vt 0.00781 0.9375
vt 0.01562 0.9375
vt 0.02343 0.9375
vt 0.03125 0.9375
vt 0.03906 0.9375
vt 0.04687 0.9375
vt 0.05468 0.9375
vt 0.0625 0.9375
vt 0.07031 0.9375
vt 0.07812 0.9375
vt 0.08593 0.9375
vt 0.09375 0.9375
vt 0.10156 0.9375
vt 0.10937 0.9375
vt 0.11718 0.9375
vt 0.125 0.9375
vt 0.13281 0.9375
vt 0.14062 0.9375
vt 0.14843 0.9375
vt 0.15625 0.9375
vt 0.16406 0.9375
vt 0.17187 0.9375
vt 0.17968 0.9375
vt 0.1875 0.9375
vt 0.19531 0.9375
vt 0.20312 0.9375
vt 0.21093 0.9375
vt 0.21875 0.9375
vt 0.22656 0.9375
vt 0.23437 0.9375
vt 0.24218 0.9375
vt 0.25 0.9375
vt 0.25781 0.9375
vt 0.26562 0.9375
vt 0.27343 0.9375
vt 0.28125 0.9375
vt 0.28906 0.9375
vt 0.29687 0.9375
vt 0.30468 0.9375
vt 0.3125 0.9375
vt 0.32031 0.9375
vt 0.32812 0.9375
vt 0.33593 0.9375
vt 0.34375 0.9375
vt 0.35156 0.9375
vt 0.35937 0.9375
vt 0.36718 0.9375
vt 0.375 0.9375
vt 0.38281 0.9375
vt 0.39062 0.9375
vt 0.39843 0.9375
vt 0.40625 0.9375
vt 0.41406 0.9375
vt 0.42187 0.9375
vt 0.42968 0.9375
vt 0.4375 0.9375
vt 0.44531 0.9375
vt 0.45312 0.9375
vt 0.46093 0.9375
vt 0.46875 0.9375
vt 0.47656 0.9375
vt 0.48437 0.9375
vt 0.49218 0.9375
vt 0.5 0.9375
vt 0.50781 0.9375
vt 0.51562 0.9375
vt 0.52343 0.9375
vt 0.53125 0.9375
vt 0.53906 0.9375
vt 0.54687 0.9375
vt 0.55468 0.9375
vt 0.5625 0.9375
vt 0.57031 0.9375
vt 0.57812 0.9375
vt 0.58593 0.9375
vt 0.59375 0.9375
vt 0.60156 0.9375
vt 0.60937 0.9375
vt 0.61718 0.9375
vt 0.625 0.9375
vt 0.63281 0.9375
vt 0.64062 0.9375
vt 0.64843 0.9375
vt 0.65625 0.9375
vt 0.66406 0.9375
vt 0.67187 0.9375
vt 0.67968 0.9375
vt 0.6875 0.9375
vt 0.69531 0.9375
vt 0.70312 0.9375
vt 0.71093 0.9375
vt 0.71875 0.9375
vt 0.72656 0.9375
vt 0.73437 0.9375
vt 0.74218 0.9375
vt 0.75 0.9375
vt 0.75781 0.9375
vt 0.76562 0.9375
vt 0.77343 0.9375
vt 0.78125 0.9375
vt 0.78906 0.9375
vt 0.79687 0.9375
vt 0.80468 0.9375
vt 0.8125 0.9375
vt 0.82031 0.9375
vt 0.82812 0.9375
vt 0.83593 0.9375
vt 0.84375 0.9375
vt 0.85156 0.9375
vt 0.85937 0.9375
vt 0.86718 0.9375
vt 0.875 0.9375
vt 0.88281 0.9375
vt 0.89062 0.9375
vt 0.89843 0.9375
vt 0.90625 0.9375
vt 0.91406 0.9375
vt 0.92187 0.9375
vt 0.92968 0.9375
vt 0.9375 0.9375
vt 0.94531 0.9375
vt 0.95312 0.9375
vt 0.96093 0.9375
vt 0.96875 0.9375
vt 0.97656 0.9375
vt 0.98437 0.9375
vt 0.99218 0.9375
vt 1 0.9375
vt 0 0.95312
vt 0.00781 0.95312
vt 0.01562 0.95312
vt 0.02343 0.95312
vt 0.03125 0.95312
vt 0.03906 0.95312
vt 0.04687 0.95312
vt 0.05468 0.95312
vt 0.0625 0.95312
vt 0.07031 0.95312
vt 0.07812 0.95312
vt 0.08593 0.95312
vt 0.09375 0.95312
vt 0.10156 0.95312
vt 0.10937 0.95312
vt 0.11718 0.95312
vt 0.125 0.95312
vt 0.13281 0.95312
vt 0.14062 0.95312
vt 0.14843 0.95312
vt 0.15625 0.95312
vt 0.16406 0.95312
vt 0.17187 0.95312
vt 0.17968 0.95312
vt 0.1875 0.95312
vt 0.19531 0.95312
vt 0.20312 0.95312
vt 0.21093 0.95312
vt 0.21875 0.95312
vt 0.22656 0.95312
vt 0.23437 0.95312
vt 0.24218 0.95312
vt 0.25 0.95312
vt 0.25781 0.95312
vt 0.26562 0.95312
vt 0.27343 0.95312
vt 0.28125 0.95312
vt 0.28906 0.95312
vt 0.29687 0.95312
vt 0.30468 0.95312
vt 0.3125 0.95312
vt 0.32031 0.95312
vt 0.32812 0.95312
vt 0.33593 0.95312
vt 0.34375 0.95312
vt 0.35156 0.95312
vt 0.35937 0.95312
vt 0.36718 0.95312
vt 0.375 0.95312
vt 0.38281 0.95312
vt 0.39062 0.95312
vt 0.39843 0.95312
vt 0.40625 0.95312
vt 0.41406 0.95312
vt 0.42187 0.95312
vt 0.42968 0.95312
vt 0.4375 0.95312
vt 0.44531 0.95312
vt 0.45312 0.95312
vt 0.46093 0.95312
vt 0.46875 0.95312
vt 0.47656 0.95312
vt 0.48437 0.95312
vt 0.49218 0.95312
vt 0.5 0.95312
vt 0.50781 0.95312
vt 0.51562 0.95312
vt 0.52343 0.95312
vt 0.53125 0.95312
vt 0.53906 0.95312
vt 0.54687 0.95312
vt 0.55468 0.95312
vt 0.5625 0.95312
vt 0.57031 0.95312
vt 0.57812 0.95312
vt 0.58593 0.95312
vt 0.59375 0.95312
vt 0.60156 0.95312
vt 0.60937 0.95312
vt 0.61718 0.95312
vt 0.625 0.95312
vt 0.63281 0.95312
vt 0.64062 0.95312
vt 0.64843 0.95312
vt 0.65625 0.95312
vt 0.66406 0.95312
vt 0.67187 0.95312
vt 0.67968 0.95312
vt 0.6875 0.95312
vt 0.69531 0.95312
vt 0.70312 0.95312
vt 0.71093 0.95312
vt 0.71875 0.95312
vt 0.72656 0.95312
vt 0.73437 0.95312
vt 0.74218 0.95312
vt 0.75 0.95312
vt 0.75781 0.95312
vt 0.76562 0.95312
vt 0.77343 0.95312
vt 0.78125 0.95312
vt 0.78906 0.95312
vt 0.79687 0.95312
vt 0.80468 0.95312
vt 0.8125 0.95312
vt 0.82031 0.95312
vt 0.82812 0.95312
vt 0.83593 0.95312
vt 0.84375 0.95312
vt 0.85156 0.95312
vt 0.85937 0.95312
vt 0.86718 0.95312
vt 0.875 0.95312
vt 0.88281 0.95312
vt 0.89062 0.95312
vt 0.89843 0.95312
vt 0.90625 0.95312
vt 0.91406 0.95312
vt 0.92187 0.95312
vt 0.92968 0.95312
vt 0.9375 0.95312
vt 0.94531 0.95312
vt 0.95312 0.95312
vt 0.96093 0.95312
vt 0.96875 0.95312
vt 0.97656 0.95312
vt 0.98437 0.95312
vt 0.99218 0.95312
vt 1 0.95312
vt 0 0.96875
vt 0.00781 0.96875
vt 0.01562 0.96875
vt 0.02343 0.96875
vt 0.03125 0.96875
vt 0.03906 0.96875
vt 0.04687 0.96875
vt 0.05468 0.96875
vt 0.0625 0.96875
vt 0.07031 0.96875
vt 0.07812 0.96875
vt 0.08593 0.96875
vt 0.09375 0.96875
vt 0.10156 0.96875
vt 0.10937 0.96875
vt 0.11718 0.96875
vt 0.125 0.96875
vt 0.13281 0.96875
vt 0.14062 0.96875
vt 0.14843 0.96875
vt 0.15625 0.96875
vt 0.16406 0.96875
vt 0.17187 0.96875
vt 0.17968 0.96875
vt 0.1875 0.96875
vt 0.19531 0.96875
vt 0.20312 0.96875
vt 0.21093 0.96875
vt 0.21875 0.96875
vt 0.22656 0.96875
vt 0.23437 0.96875
vt 0.24218 0.96875
vt 0.25 0.96875
vt 0.25781 0.96875
vt 0.26562 0.96875
vt 0.27343 0.96875
vt 0.28125 0.96875
vt 0.28906 0.96875
vt 0.29687 0.96875
vt 0.30468 0.96875
vt 0.3125 0.96875
vt 0.32031 0.96875
vt 0.32812 0.96875
vt 0.33593 0.96875
vt 0.34375 0.96875
vt 0.35156 0.96875
vt 0.35937 0.96875
vt 0.36718 0.96875
vt 0.375 0.96875
vt 0.38281 0.96875
vt 0.39062 0.96875
vt 0.39843 0.96875
vt 0.40625 0.96875
vt 0.41406 0.96875
vt 0.42187 0.96875
vt 0.42968 0.96875
vt 0.4375 0.96875
vt 0.44531 0.96875
vt 0.45312 0.96875
vt 0.46093 0.96875
vt 0.46875 0.96875
vt 0.47656 0.96875
vt 0.48437 0.96875
vt 0.49218 0.96875
vt 0.5 0.96875
vt 0.50781 0.96875
vt 0.51562 0.96875
vt 0.52343 0.96875
vt 0.53125 0.96875
vt 0.53906 0.96875
vt 0.54687 0.96875
vt 0.55468 0.96875
vt 0.5625 0.96875
vt 0.57031 0.96875
vt 0.57812 0.96875
vt 0.58593 0.96875
vt 0.59375 0.96875
vt 0.60156 0.96875
vt 0.60937 0.96875
vt 0.61718 0.96875
vt 0.625 0.96875
vt 0.63281 0.96875
vt 0.64062 0.96875
vt 0.64843 0.96875
vt 0.65625 0.96875
vt 0.66406 0.96875
vt 0.67187 0.96875
vt 0.67968 0.96875
vt 0.6875 0.96875
vt 0.69531 0.96875
vt 0.70312 0.96875
vt 0.71093 0.96875
vt 0.71875 0.96875
vt 0.72656 0.96875
vt 0.73437 0.96875
vt 0.74218 0.96875
vt 0.75 0.96875
vt 0.75781 0.96875
vt 0.76562 0.96875
vt 0.77343 0.96875
vt 0.78125 0.96875
vt 0.78906 0.96875
vt 0.79687 0.96875
vt 0.80468 0.96875
vt 0.8125 0.96875
vt 0.82031 0.96875
vt 0.82812 0.96875
vt 0.83593 0.96875
vt 0.84375 0.96875
vt 0.85156 0.96875
vt 0.85937 0.96875
vt 0.86718 0.96875
vt 0.875 0.96875
vt 0.88281 0.96875
vt 0.89062 0.96875
vt 0.89843 0.96875
vt 0.90625 0.96875
vt 0.91406 0.96875
vt 0.92187 0.96875
vt 0.92968 0.96875
vt 0.9375 0.96875
vt 0.94531 0.96875
vt 0.95312 0.96875
vt 0.96093 0.96875
vt 0.96875 0.96875
vt 0.97656 0.96875
vt 0.98437 0.96875
vt 0.99218 0.96875
vt 1 0.96875
vt 0 0.98437
vt 0.00781 0.98437
vt 0.01562 0.98437
vt 0.02343 0.98437
vt 0.03125 0.98437
vt 0.03906 0.98437
vt 0.04687 0.98437
vt 0.05468 0.98437
vt 0.0625 0.98437
vt 0.07031 0.98437
vt 0.07812 0.98437
vt 0.08593 0.98437
vt 0.09375 0.98437
vt 0.10156 0.98437
vt 0.10937 0.98437
vt 0.11718 0.98437
vt 0.125 0.98437
vt 0.13281 0.98437
vt 0.14062 0.98437
vt 0.14843 0.98437
vt 0.15625 0.98437
vt 0.16406 0.98437
vt 0.17187 0.98437
vt 0.17968 0.98437
vt 0.1875 0.98437
vt 0.19531 0.98437
vt 0.20312 0.98437
vt 0.21093 0.98437
vt 0.21875 0.98437
vt 0.22656 0.98437
vt 0.23437 0.98437
vt 0.24218 0.98437
vt 0.25 0.98437
vt 0.25781 0.98437
vt 0.26562 0.98437
vt 0.27343 0.98437
vt 0.28125 0.98437
vt 0.28906 0.98437
vt 0.29687 0.98437
vt 0.30468 0.98437
vt 0.3125 0.98437
vt 0.32031 0.98437
vt 0.32812 0.98437
vt 0.33593 0.98437
vt 0.34375 0.98437
vt 0.35156 0.98437
vt 0.35937 0.98437
vt 0.36718 0.98437
vt 0.375 0.98437
vt 0.38281 0.98437
vt 0.39062 0.98437
vt 0.39843 0.98437
vt 0.40625 0.98437
vt 0.41406 0.98437
vt 0.42187 0.98437
vt 0.42968 0.98437
vt 0.4375 0.98437
vt 0.44531 0.98437
vt 0.45312 0.98437
vt 0.46093 0.98437
vt 0.46875 0.98437
vt 0.47656 0.98437
vt 0.48437 0.98437
vt 0.49218 0.98437
vt 0.5 0.98437
vt 0.50781 0.98437
vt 0.51562 0.98437
vt 0.52343 0.98437
vt 0.53125 0.98437
vt 0.53906 0.98437
vt 0.54687 0.98437
vt 0.55468 0.98437
vt 0.5625 0.98437
vt 0.57031 0.98437
vt 0.57812 0.98437
vt 0.58593 0.98437
vt 0.59375 0.98437
vt 0.60156 0.98437
vt 0.60937 0.98437
vt 0.61718 0.98437
vt 0.625 0.98437
vt 0.63281 0.98437
vt 0.64062 0.98437
vt 0.64843 0.98437
vt 0.65625 0.98437
vt 0.66406 0.98437
vt 0.67187 0.98437
vt 0.67968 0.98437
vt 0.6875 0.98437
vt 0.69531 0.98437
vt 0.70312 0.98437
vt 0.71093 0.98437
vt 0.71875 0.98437
vt 0.72656 0.98437
vt 0.73437 0.98437
vt 0.74218 0.98437
vt 0.75 0.98437
vt 0.75781 0.98437
vt 0.76562 0.98437
vt 0.77343 0.98437
vt 0.78125 0.98437
vt 0.78906 0.98437
vt 0.79687 0.98437
vt 0.80468 0.98437
vt 0.8125 0.98437
vt 0.82031 0.98437
vt 0.82812 0.98437
vt 0.83593 0.98437
vt 0.84375 0.98437
vt 0.85156 0.98437
vt 0.85937 0.98437
vt 0.86718 0.98437
vt 0.875 0.98437
vt 0.88281 0.98437
vt 0.89062 0.98437
vt 0.89843 0.98437
vt 0.90625 0.98437
vt 0.91406 0.98437
vt 0.92187 0.98437
vt 0.92968 0.98437
vt 0.9375 0.98437
vt 0.94531 0.98437
vt 0.95312 0.98437
vt 0.96093 0.98437
vt 0.96875 0.98437
vt 0.97656 0.98437
vt 0.98437 0.98437
vt 0.99218 0.98437
vt 1 0.98437
vt 0 1
vt 0.00781 1
vt 0.01562 1
vt 0.02343 1
vt 0.03125 1
vt 0.03906 1
vt 0.04687 1
vt 0.05468 1
vt 0.0625 1
vt 0.07031 1
vt 0.07812 1
vt 0.08593 1
vt 0.09375 1
vt 0.10156 1
vt 0.10937 1
vt 0.11718 1
vt 0.125 1
vt 0.13281 1
vt 0.14062 1
vt 0.14843 1
vt 0.15625 1
vt 0.16406 1
vt 0.17187 1
vt 0.17968 1
vt 0.1875 1
vt 0.19531 1
vt 0.20312 1
vt 0.21093 1
vt 0.21875 1
vt 0.22656 1
vt 0.23437 1
vt 0.24218 1
vt 0.25 1
vt 0.25781 1
vt 0.26562 1
vt 0.27343 1
vt 0.28125 1
vt 0.28906 1
vt 0.29687 1
vt 0.30468 1
vt 0.3125 1
vt 0.32031 1
vt 0.32812 1
vt 0.33593 1
vt 0.34375 1
vt 0.35156 1
vt 0.35937 1
vt 0.36718 1
vt 0.375 1
vt 0.38281 1
vt 0.39062 1
vt 0.39843 1
vt 0.40625 1
vt 0.41406 1
vt 0.42187 1
vt 0.42968 1
vt 0.4375 1
vt 0.44531 1
vt 0.45312 1
vt 0.46093 1
vt 0.46875 1
vt 0.47656 1
vt 0.48437 1
vt 0.49218 1
vt 0.5 1
vt 0.50781 1
vt 0.51562 1
vt 0.52343 1
vt 0.53125 1
vt 0.53906 1
vt 0.54687 1
vt 0.55468 1
vt 0.5625 1
vt 0.57031 1
vt 0.57812 1
vt 0.58593 1
vt 0.59375 1
vt 0.60156 1
vt 0.60937 1
vt 0.61718 1
vt 0.625 1
vt 0.63281 1
vt 0.64062 1
vt 0.64843 1
vt 0.65625 1
vt 0.66406 1
vt 0.67187 1
vt 0.67968 1
vt 0.6875 1
vt 0.69531 1
vt 0.70312 1
vt 0.71093 1
vt 0.71875 1
vt 0.72656 1
vt 0.73437 1
vt 0.74218 1
vt 0.75 1
vt 0.75781 1
vt 0.76562 1
vt 0.77343 1
vt 0.78125 1
vt 0.78906 1
vt 0.79687 1
vt 0.80468 1
vt 0.8125 1
vt 0.82031 1
vt 0.82812 1
vt 0.83593 1
vt 0.84375 1
vt 0.85156 1
vt 0.85937 1
vt 0.86718 1
vt 0.875 1
vt 0.88281 1
vt 0.89062 1
vt 0.89843 1
vt 0.90625 1
vt 0.91406 1
vt 0.92187 1
vt 0.92968 1
vt 0.9375 1
vt 0.94531 1
vt 0.95312 1
vt 0.96093 1
vt 0.96875 1
vt 0.97656 1
vt 0.98437 1
vt 0.99218 1
vt 1 1
g Group7254
f 1/1 2/2 3/3
f 1/4 3/3 4/5
f 1/6 4/5 5/7
f 1/8 5/7 6/9
f 1/10 6/9 7/11
f 1/12 7/11 8/13
f 1/14 8/13 9/15
f 1/16 9/15 10/17
f 1/18 10/17 11/19
f 1/20 11/19 12/21
f 1/22 12/21 13/23
f 1/24 13/23 14/25
f 1/26 14/25 15/27
f 1/28 15/27 16/29
f 1/30 16/29 17/31
f 1/32 17/31 18/33
f 1/34 18/33 19/35
f 1/36 19/35 20/37
f 1/38 20/37 21/39
f 1/40 21/39 22/41
f 1/42 22/41 23/43
f 1/44 23/43 24/45
f 1/46 24/45 25/47
f 1/48 25/47 26/49
f 1/50 26/49 27/51
f 1/52 27/51 28/53
f 1/54 28/53 29/55
f 1/56 29/55 30/57
f 1/58 30/57 31/59
f 1/60 31/59 32/61
f 1/62 32/61 33/63
f 1/64 33/63 34/65
f 1/66 34/65 35/67
f 1/68 35/67 36/69
f 1/70 36/69 37/71
f 1/72 37/71 38/73
f 1/74 38/73 39/75
f 1/76 39/75 40/77
f 1/78 40/77 41/79
f 1/80 41/79 42/81
f 1/82 42/81 43/83
f 1/84 43/83 44/85
f 1/86 44/85 45/87
f 1/88 45/87 46/89
f 1/90 46/89 47/91
f 1/92 47/91 48/93
f 1/94 48/93 49/95
f 1/96 49/95 50/97
f 1/98 50/97 51/99
f 1/100 51/99 52/101
f 1/102 52/101 53/103
f 1/104 53/103 54/105
f 1/106 54/105 55/107
f 1/108 55/107 56/109
f 1/110 56/109 57/111
f 1/112 57/111 58/113
f 1/114 58/113 59/115
f 1/116 59/115 60/117
f 1/118 60/117 61/119
f 1/120 61/119 62/121
f 1/122 62/121 63/123
f 1/124 63/123 64/125
f 1/126 64/125 65/127
f 1/128 65/127 66/129
f 1/130 66/129 67/131
f 1/132 67/131 68/133
f 1/134 68/133 69/135
f 1/136 69/135 70/137
f 1/138 70/137 71/139
f 1/140 71/139 72/141
f 1/142 72/141 73/143
f 1/144 73/143 74/145
f 1/146 74/145 75/147
f 1/148 75/147 76/149
f 1/150 76/149 77/151
f 1/152 77/151 78/153
f 1/154 78/153 79/155
f 1/156 79/155 80/157
f 1/158 80/157 81/159
f 1/160 81/159 82/161
f 1/162 82/161 83/163
f 1/164 83/163 84/165
f 1/166 84/165 85/167
f 1/168 85/167 86/169
f 1/170 86/169 87/171
f 1/172 87/171 88/173
f 1/174 88/173 89/175
f 1/176 89/175 90/177
f 1/178 90/177 91/179
f 1/180 91/179 92/181
f 1/182 92/181 93/183
f 1/184 93/183 94/185
f 1/186 94/185 95/187
f 1/188 95/187 96/189
f 1/190 96/189 97/191
f 1/192 97/191 98/193
f 1/194 98/193 99/195
f 1/196 99/195 100/197
f 1/198 100/197 101/199
f 1/200 101/199 102/201
f 1/202 102/201 103/203
f 1/204 103/203 104/205
f 1/206 104/205 105/207
f 1/208 105/207 106/209
f 1/210 106/209 107/211
f 1/212 107/211 108/213
f 1/214 108/213 109/215
f 1/216 109/215 110/217
f 1/218 110/217 111/219
f 1/220 111/219 112/221
f 1/222 112/221 113/223
f 1/224 113/223 114/225
f 1/226 114/225 115/227
f 1/228 115/227 116/229
f 1/230 116/229 117/231
f 1/232 117/231 118/233
f 1/234 118/233 119/235
f 1/236 119/235 120/237
f 1/238 120/237 121/239
f 1/240 121/239 122/241
f 1/242 122/241 123/243
f 1/244 123/243 124/245
f 1/246 124/245 125/247
f 1/248 125/247 126/249
f 1/250 126/249 127/251
f 1/252 127/251 128/253
f 1/254 128/253 129/255
f 1/256 129/255 2/257
f 2/2 130/258 131/259 3/3
f 3/3 131/259 132/260 4/5
f 4/5 132/260 133/261 5/7
f 5/7 133/261 134/262 6/9
f 6/9 134/262 135/263 7/11
f 7/11 135/263 136/264 8/13
f 8/13 136/264 137/265 9/15
f 9/15 137/265 138/266 10/17
f 10/17 138/266 139/267 11/19
f 11/19 139/267 140/268 12/21
f 12/21 140/268 141/269 13/23
f 13/23 141/269 142/270 14/25
f 14/25 142/270 143/271 15/27
f 15/27 143/271 144/272 16/29
f 16/29 144/272 145/273 17/31
f 17/31 145/273 146/274 18/33
f 18/33 146/274 147/275 19/35
f 19/35 147/275 148/276 20/37
f 20/37 148/276 149/277 21/39
f 21/39 149/277 150/278 22/41
f 22/41 150/278 151/279 23/43
f 23/43 151/279 152/280 24/45
f 24/45 152/280 153/281 25/47
f 25/47 153/281 154/282 26/49
f 26/49 154/282 155/283 27/51
f 27/51 155/283 156/284 28/53
f 28/53 156/284 157/285 29/55
f 29/55 157/285 158/286 30/57
f 30/57 158/286 159/287 31/59
f 31/59 159/287 160/288 32/61
f 32/61 160/288 161/289 33/63
f 33/63 161/289 162/290 34/65
f 34/65 162/290 163/291 35/67
f 35/67 163/291 164/292 36/69
f 36/69 164/292 165/293 37/71
f 37/71 165/293 166/294 38/73
f 38/73 166/294 167/295 39/75
f 39/75 167/295 168/296 40/77
f 40/77 168/296 169/297 41/79
f 41/79 169/297 170/298 42/81
f 42/81 170/298 171/299 43/83
f 43/83 171/299 172/300 44/85
f 44/85 172/300 173/301 45/87
f 45/87 173/301 174/302 46/89
f 46/89 174/302 175/303 47/91
f 47/91 175/303 176/304 48/93
f 48/93 176/304 177/305 49/95
f 49/95 177/305 178/306 50/97
f 50/97 178/306 179/307 51/99
f 51/99 179/307 180/308 52/101
f 52/101 180/308 181/309 53/103
f 53/103 181/309 182/310 54/105
f 54/105 182/310 183/311 55/107
f 55/107 183/311 184/312 56/109
f 56/109 184/312 185/313 57/111
f 57/111 185/313 186/314 58/113
f 58/113 186/314 187/315 59/115
f 59/115 187/315 188/316 60/117
f 60/117 188/316 189/317 61/119
f 61/119 189/317 190/318 62/121
f 62/121 190/318 191/319 63/123
f 63/123 191/319 192/320 64/125
f 64/125 192/320 193/321 65/127
f 65/127 193/321 194/322 66/129
f 66/129 194/322 195/323 67/131
f 67/131 195/323 196/324 68/133
f 68/133 196/324 197/325 69/135
f 69/135 197/325 198/326 70/137
f 70/137 198/326 199/327 71/139
f 71/139 199/327 200/328 72/141
f 72/141 200/328 201/329 73/143
f 73/143 201/329 202/330 74/145
f 74/145 202/330 203/331 75/147
f 75/147 203/331 204/332 76/149
f 76/149 204/332 205/333 77/151
f 77/151 205/333 206/334 78/153
f 78/153 206/334 207/335 79/155
f 79/155 207/335 208/336 80/157
f 80/157 208/336 209/337 81/159
f 81/159 209/337 210/338 82/161
f 82/161 210/338 211/339 83/163
f 83/163 211/339 212/340 84/165
f 84/165 212/340 213/341 85/167
f 85/167 213/341 214/342 86/169
f 86/169 214/342 215/343 87/171
f 87/171 215/343 216/344 88/173
f 88/173 216/344 217/345 89/175
f 89/175 217/345 218/346 90/177
f 90/177 218/346 219/347 91/179
f 91/179 219/347 220/348 92/181
f 92/181 220/348 221/349 93/183
f 93/183 221/349 222/350 94/185
f 94/185 222/350 223/351 95/187
f 95/187 223/351 224/352 96/189
f 96/189 224/352 225/353 97/191
f 97/191 225/353 226/354 98/193
f 98/193 226/354 227/355 99/195
f 99/195 227/355 228/356 100/197
f 100/197 228/356 229/357 101/199
f 101/199 229/357 230/358 102/201
f 102/201 230/358 231/359 103/203
f 103/203 231/359 232/360 104/205
f 104/205 232/360 233/361 105/207
f 105/207 233/361 234/362 106/209
f 106/209 234/362 235/363 107/211
f 107/211 235/363 236/364 108/213
f 108/213 236/364 237/365 109/215
f 109/215 237/365 238/366 110/217
f 110/217 238/366 239/367 111/219
f 111/219 239/367 240/368 112/221
f 112/221 240/368 241/369 113/223
f 113/223 241/369 242/370 114/225
f 114/225 242/370 243/371 115/227
f 115/227 243/371 244/372 116/229
f 116/229 244/372 245/373 117/231
f 117/231 245/373 246/374 118/233
f 118/233 246/374 247/375 119/235
f 119/235 247/375 248/376 120/237
f 120/237 248/376 249/377 121/239
f 121/239 249/377 250/378 122/241
f 122/241 250/378 251/379 123/243
f 123/243 251/379 252/380 124/245
f 124/245 252/380 253/381 125/247
f 125/247 253/381 254/382 126/249
f 126/249 254/382 255/383 127/251
f 127/251 255/383 256/384 128/253
f 128/253 256/384 257/385 129/255
f 129/255 257/385 130/386 2/257
f 130/258 258/387 259/388 131/259
f 131/259 259/388 260/389 132/260
f 132/260 260/389 261/390 133/261
f 133/261 261/390 262/391 134/262
f 134/262 262/391 263/392 135/263
f 135/263 263/392 264/393 136/264
f 136/264 264/393 265/394 137/265
f 137/265 265/394 266/395 138/266
f 138/266 266/395 267/396 139/267
f 139/267 267/396 268/397 140/268
f 140/268 268/397 269/398 141/269
f 141/269 269/398 270/399 142/270
f 142/270 270/399 271/400 143/271
f 143/271 271/400 272/401 144/272
f 144/272 272/401 273/402 145/273
f 145/273 273/402 274/403 146/274
f 146/274 274/403 275/404 147/275
f 147/275 275/404 276/405 148/276
f 148/276 276/405 277/406 149/277
f 149/277 277/406 278/407 150/278
f 150/278 278/407 279/408 151/279
f 151/279 279/408 280/409 152/280
f 152/280 280/409 281/410 153/281
f 153/281 281/410 282/411 154/282
f 154/282 282/411 283/412 155/283
f 155/283 283/412 284/413 156/284
f 156/284 284/413 285/414 157/285
f 157/285 285/414 286/415 158/286
f 158/286 286/415 287/416 159/287
f 159/287 287/416 288/417 160/288
f 160/288 288/417 289/418 161/289
f 161/289 289/418 290/419 162/290
f 162/290 290/419 291/420 163/291
f 163/291 291/420 292/421 164/292
f 164/292 292/421 293/422 165/293
f 165/293 293/422 294/423 166/294
f 166/294 294/423 295/424 167/295
f 167/295 295/424 296/425 168/296
f 168/296 296/425 297/426 169/297
f 169/297 297/426 298/427 170/298
f 170/298 298/427 299/428 171/299
f 171/299 299/428 300/429 172/300
f 172/300 300/429 301/430 173/301
f 173/301 301/430 302/431 174/302
f 174/302 302/431 303/432 175/303
f 175/303 303/432 304/433 176/304
f 176/304 304/433 305/434 177/305
f 177/305 305/434 306/435 178/306
f 178/306 306/435 307/436 179/307
f 179/307 307/436 308/437 180/308
f 180/308 308/437 309/438 181/309
f 181/309 309/438 310/439 182/310
f 182/310 310/439 311/440 183/311
f 183/311 311/440 312/441 184/312
f 184/312 312/441 313/442 185/313
f 185/313 313/442 314/443 186/314
f 186/314 314/443 315/444 187/315
f 187/315 315/444 316/445 188/316
f 188/316 316/445 317/446 189/317
f 189/317 317/446 318/447 190/318
f 190/318 318/447 319/448 191/319
f 191/319 319/448 320/449 192/320
f 192/320 320/449 321/450 193/321
f 193/321 321/450 322/451 194/322
f 194/322 322/451 323/452 195/323
f 195/323 323/452 324/453 196/324
f 196/324 324/453 325/454 197/325
f 197/325 325/454 326/455 198/326
f 198/326 326/455 327/456 199/327
f 199/327 327/456 328/457 200/328
f 200/328 328/457 329/458 201/329
f 201/329 329/458 330/459 202/330
f 202/330 330/459 331/460 203/331
f 203/331 331/460 332/461 204/332
f 204/332 332/461 333/462 205/333
f 205/333 333/462 334/463 206/334
f 206/334 334/463 335/464 207/335
f 207/335 335/464 336/465 208/336
f 208/336 336/465 337/466 209/337
f 209/337 337/466 338/467 210/338
f 210/338 338/467 339/468 211/339
f 211/339 339/468 340/469 212/340
f 212/340 340/469 341/470 213/341
f 213/341 341/470 342/471 214/342
f 214/342 342/471 343/472 215/343
f 215/343 343/472 344/473 216/344
f 216/344 344/473 345/474 217/345
f 217/345 345/474 346/475 218/346
f 218/346 346/475 347/476 219/347
f 219/347 347/476 348/477 220/348
f 220/348 348/477 349/478 221/349
f 221/349 349/478 350/479 222/350
f 222/350 350/479 351/480 223/351
f 223/351 351/480 352/481 224/352
f 224/352 352/481 353/482 225/353
f 225/353 353/482 354/483 226/354
f 226/354 354/483 355/484 227/355
f 227/355 355/484 356/485 228/356
f 228/356 356/485 357/486 229/357
f 229/357 357/486 358/487 230/358
f 230/358 358/487 359/488 231/359
f 231/359 359/488 360/489 232/360
f 232/360 360/489 361/490 233/361
f 233/361 361/490 362/491 234/362
f 234/362 362/491 363/492 235/363
f 235/363 363/492 364/493 236/364
f 236/364 364/493 365/494 237/365
f 237/365 365/494 366/495 238/366
f 238/366 366/495 367/496 239/367
f 239/367 367/496 368/497 240/368
f 240/368 368/497 369/498 241/369
f 241/369 369/498 370/499 242/370
f 242/370 370/499 371/500 243/371
f 243/371 371/500 372/501 244/372
f 244/372 372/501 373/502 245/373
f 245/373 373/502 374/503 246/374
f 246/374 374/503 375/504 247/375
f 247/375 375/504 376/505 248/376
f 248/376 376/505 377/506 249/377
f 249/377 377/506 378/507 250/378
f 250/378 378/507 379/508 251/379
f 251/379 379/508 380/509 252/380
f 252/380 380/509 381/510 253/381
f 253/381 381/510 382/511 254/382
f 254/382 382/511 383/512 255/383
f 255/383 383/512 384/513 256/384
f 256/384 384/513 385/514 257/385
f 257/385 385/514 258/515 130/386
f 258/387 386/516 387/517 259/388
f 259/388 387/517 388/518 260/389
f 260/389 388/518 389/519 261/390
f 261/390 389/519 390/520 262/391
f 262/391 390/520 391/521 263/392
f 263/392 391/521 392/522 264/393
f 264/393 392/522 393/523 265/394
f 265/394 393/523 394/524 266/395
f 266/395 394/524 395/525 267/396
f 267/396 395/525 396/526 268/397
f 268/397 396/526 397/527 269/398
f 269/398 397/527 398/528 270/399
f 270/399 398/528 399/529 271/400
f 271/400 399/529 400/530 272/401
f 272/401 400/530 401/531 273/402
f 273/402 401/531 402/532 274/403
f 274/403 402/532 403/533 275/404
f 275/404 403/533 404/534 276/405
f 276/405 404/534 405/535 277/406
f 277/406 405/535 406/536 278/407
f 278/407 406/536 407/537 279/408
f 279/408 407/537 408/538 280/409
f 280/409 408/538 409/539 281/410
f 281/410 409/539 410/540 282/411
f 282/411 410/540 411/541 283/412
f 283/412 411/541 412/542 284/413
f 284/413 412/542 413/543 285/414
f 285/414 413/543 414/544 286/415
f 286/415 414/544 415/545 287/416
f 287/416 415/545 416/546 288/417
f 288/417 416/546 417/547 289/418
f 289/418 417/547 418/548 290/419
f 290/419 418/548 419/549 291/420
f 291/420 419/549 420/550 292/421
f 292/421 420/550 421/551 293/422
f 293/422 421/551 422/552 294/423
f 294/423 422/552 423/553 295/424
f 295/424 423/553 424/554 296/425
f 296/425 424/554 425/555 297/426
f 297/426 425/555 426/556 298/427
f 298/427 426/556 427/557 299/428
f 299/428 427/557 428/558 300/429
f 300/429 428/558 429/559 301/430
f 301/430 429/559 430/560 302/431
f 302/431 430/560 431/561 303/432
f 303/432 431/561 432/562 304/433
f 304/433 432/562 433/563 305/434
f 305/434 433/563 434/564 306/435
f 306/435 434/564 435/565 307/436
f 307/436 435/565 436/566 308/437
f 308/437 436/566 437/567 309/438
f 309/438 437/567 438/568 310/439
f 310/439 438/568 439/569 311/440
f 311/440 439/569 440/570 312/441
f 312/441 440/570 441/571 313/442
f 313/442 441/571 442/572 314/443
f 314/443 442/572 443/573 315/444
f 315/444 443/573 444/574 316/445
f 316/445 444/574 445/575 317/446
f 317/446 445/575 446/576 318/447
f 318/447 446/576 447/577 319/448
f 319/448 447/577 448/578 320/449
f 320/449 448/578 449/579 321/450
f 321/450 449/579 450/580 322/451
f 322/451 450/580 451/581 323/452
f 323/452 451/581 452/582 324/453
f 324/453 452/582 453/583 325/454
f 325/454 453/583 454/584 326/455
f 326/455 454/584 455/585 327/456
f 327/456 455/585 456/586 328/457
f 328/457 456/586 457/587 329/458
f 329/458 457/587 458/588 330/459
f 330/459 458/588 459/589 331/460
f 331/460 459/589 460/590 332/461
f 332/461 460/590 461/591 333/462
f 333/462 461/591 462/592 334/463
f 334/463 462/592 463/593 335/464
f 335/464 463/593 464/594 336/465
f 336/465 464/594 465/595 337/466
f 337/466 465/595 466/596 338/467
f 338/467 466/596 467/597 339/468
f 339/468 467/597 468/598 340/469
f 340/469 468/598 469/599 341/470
f 341/470 469/599 470/600 342/471
f 342/471 470/600 471/601 343/472
f 343/472 471/601 472/602 344/473
f 344/473 472/602 473/603 345/474
f 345/474 473/603 474/604 346/475
f 346/475 474/604 475/605 347/476
f 347/476 475/605 476/606 348/477
f 348/477 476/606 477/607 349/478
f 349/478 477/607 478/608 350/479
f 350/479 478/608 479/609 351/480
f 351/480 479/609 480/610 352/481
f 352/481 480/610 481/611 353/482
f 353/482 481/611 482/612 354/483
f 354/483 482/612 483/613 355/484
f 355/484 483/613 484/614 356/485
f 356/485 484/614 485/615 357/486
f 357/486 485/615 486/616 358/487
f 358/487 486/616 487/617 359/488
f 359/488 487/617 488/618 360/489
f 360/489 488/618 489/619 361/490
f 361/490 489/619 490/620 362/491
f 362/491 490/620 491/621 363/492
f 363/492 491/621 492/622 364/493
f 364/493 492/622 493/623 365/494
f 365/494 493/623 494/624 366/495
f 366/495 494/624 495/625 367/496
f 367/496 495/625 496/626 368/497
f 368/497 496/626 497/627 369/498
f 369/498 497/627 498/628 370/499
f 370/499 498/628 499/629 371/500
f 371/500 499/629 500/630 372/501
f 372/501 500/630 501/631 373/502
f 373/502 501/631 502/632 374/503
f 374/503 502/632 503/633 375/504
f 375/504 503/633 504/634 376/505
f 376/505 504/634 505/635 377/506
f 377/506 505/635 506/636 378/507
f 378/507 506/636 507/637 379/508
f 379/508 507/637 508/638 380/509
f 380/509 508/638 509/639 381/510
f 381/510 509/639 510/640 382/511
f 382/511 510/640 511/641 383/512
f 383/512 511/641 512/642 384/513
f 384/513 512/642 513/643 385/514
f 385/514 513/643 386/644 258/515
f 386/516 514/645 515/646 387/517
f 387/517 515/646 516/647 388/518
f 388/518 516/647 517/648 389/519
f 389/519 517/648 518/649 390/520
f 390/520 518/649 519/650 391/521
f 391/521 519/650 520/651 392/522
f 392/522 520/651 521/652 393/523
f 393/523 521/652 522/653 394/524
f 394/524 522/653 523/654 395/525
f 395/525 523/654 524/655 396/526
f 396/526 524/655 525/656 397/527
f 397/527 525/656 526/657 398/528
f 398/528 526/657 527/658 399/529
f 399/529 527/658 528/659 400/530
f 400/530 528/659 529/660 401/531
f 401/531 529/660 530/661 402/532
f 402/532 530/661 531/662 403/533
f 403/533 531/662 532/663 404/534
f 404/534 532/663 533/664 405/535
f 405/535 533/664 534/665 406/536
f 406/536 534/665 535/666 407/537
f 407/537 535/666 536/667 408/538
f 408/538 536/667 537/668 409/539
f 409/539 537/668 538/669 410/540
f 410/540 538/669 539/670 411/541
f 411/541 539/670 540/671 412/542
f 412/542 540/671 541/672 413/543
f 413/543 541/672 542/673 414/544
f 414/544 542/673 543/674 415/545
f 415/545 543/674 544/675 416/546
f 416/546 544/675 545/676 417/547
f 417/547 545/676 546/677 418/548
f 418/548 546/677 547/678 419/549
f 419/549 547/678 548/679 420/550
f 420/550 548/679 549/680 421/551
f 421/551 549/680 550/681 422/552
f 422/552 550/681 551/682 423/553
f 423/553 551/682 552/683 424/554
f 424/554 552/683 553/684 425/555
f 425/555 553/684 554/685 426/556
f 426/556 554/685 555/686 427/557
f 427/557 555/686 556/687 428/558
f 428/558 556/687 557/688 429/559
f 429/559 557/688 558/689 430/560
f 430/560 558/689 559/690 431/561
f 431/561 559/690 560/691 432/562
f 432/562 560/691 561/692 433/563
f 433/563 561/692 562/693 434/564
f 434/564 562/693 563/694 435/565
f 435/565 563/694 564/695 436/566
f 436/566 564/695 565/696 437/567
f 437/567 565/696 566/697 438/568
f 438/568 566/697 567/698 439/569
f 439/569 567/698 568/699 440/570
f 440/570 568/699 569/700 441/571
f 441/571 569/700 570/701 442/572
f 442/572 570/701 571/702 443/573
f 443/573 571/702 572/703 444/574
f 444/574 572/703 573/704 445/575
f 445/575 573/704 574/705 446/576
f 446/576 574/705 575/706 447/577
f 447/577 575/706 576/707 448/578
f 448/578 576/707 577/708 449/579
f 449/579 577/708 578/709 450/580
f 450/580 578/709 579/710 451/581
f 451/581 579/710 580/711 452/582
f 452/582 580/711 581/712 453/583
f 453/583 581/712 582/713 454/584
f 454/584 582/713 583/714 455/585
f 455/585 583/714 584/715 456/586
f 456/586 584/715 585/716 457/587
f 457/587 585/716 586/717 458/588
f 458/588 586/717 587/718 459/589
f 459/589 587/718 588/719 460/590
f 460/590 588/719 589/720 461/591
f 461/591 589/720 590/721 462/592
f 462/592 590/721 591/722 463/593
f 463/593 591/722 592/723 464/594
f 464/594 592/723 593/724 465/595
f 465/595 593/724 594/725 466/596
f 466/596 594/725 595/726 467/597
f 467/597 595/726 596/727 468/598
f 468/598 596/727 597/728 469/599
f 469/599 597/728 598/729 470/600
f 470/600 598/729 599/730 471/601
f 471/601 599/730 600/731 472/602
f 472/602 600/731 601/732 473/603
f 473/603 601/732 602/733 474/604
f 474/604 602/733 603/734 475/605
f 475/605 603/734 604/735 476/606
f 476/606 604/735 605/736 477/607
f 477/607 605/736 606/737 478/608
f 478/608 606/737 607/738 479/609
f 479/609 607/738 608/739 480/610
f 480/610 608/739 609/740 481/611
f 481/611 609/740 610/741 482/612
f 482/612 610/741 611/742 483/613
f 483/613 611/742 612/743 484/614
f 484/614 612/743 613/744 485/615
f 485/615 613/744 614/745 486/616
f 486/616 614/745 615/746 487/617
f 487/617 615/746 616/747 488/618
f 488/618 616/747 617/748 489/619
f 489/619 617/748 618/749 490/620
f 490/620 618/749 619/750 491/621
f 491/621 619/750 620/751 492/622
f 492/622 620/751 621/752 493/623
f 493/623 621/752 622/753 494/624
f 494/624 622/753 623/754 495/625
f 495/625 623/754 624/755 496/626
f 496/626 624/755 625/756 497/627
f 497/627 625/756 626/757 498/628
f 498/628 626/757 627/758 499/629
f 499/629 627/758 628/759 500/630
f 500/630 628/759 629/760 501/631
f 501/631 629/760 630/761 502/632
f 502/632 630/761 631/762 503/633
f 503/633 631/762 632/763 504/634
f 504/634 632/763 633/764 505/635
f 505/635 633/764 634/765 506/636
f 506/636 634/765 635/766 507/637
f 507/637 635/766 636/767 508/638
f 508/638 636/767 637/768 509/639
f 509/639 637/768 638/769 510/640
f 510/640 638/769 639/770 511/641
f 511/641 639/770 640/771 512/642
f 512/642 640/771 641/772 513/643
f 513/643 641/772 514/773 386/644
f 514/645 642/774 643/775 515/646
f 515/646 643/775 644/776 516/647
f 516/647 644/776 645/777 517/648
f 517/648 645/777 646/778 518/649
f 518/649 646/778 647/779 519/650
f 519/650 647/779 648/780 520/651
f 520/651 648/780 649/781 521/652
f 521/652 649/781 650/782 522/653
f 522/653 650/782 651/783 523/654
f 523/654 651/783 652/784 524/655
f 524/655 652/784 653/785 525/656
f 525/656 653/785 654/786 526/657
f 526/657 654/786 655/787 527/658
f 527/658 655/787 656/788 528/659
f 528/659 656/788 657/789 529/660
f 529/660 657/789 658/790 530/661
f 530/661 658/790 659/791 531/662
f 531/662 659/791 660/792 532/663
f 532/663 660/792 661/793 533/664
f 533/664 661/793 662/794 534/665
f 534/665 662/794 663/795 535/666
f 535/666 663/795 664/796 536/667
f 536/667 664/796 665/797 537/668
f 537/668 665/797 666/798 538/669
f 538/669 666/798 667/799 539/670
f 539/670 667/799 668/800 540/671
f 540/671 668/800 669/801 541/672
f 541/672 669/801 670/802 542/673
f 542/673 670/802 671/803 543/674
f 543/674 671/803 672/804 544/675
f 544/675 672/804 673/805 545/676
f 545/676 673/805 674/806 546/677
f 546/677 674/806 675/807 547/678
f 547/678 675/807 676/808 548/679
f 548/679 676/808 677/809 549/680
f 549/680 677/809 678/810 550/681
f 550/681 678/810 679/811 551/682
f 551/682 679/811 680/812 552/683
f 552/683 680/812 681/813 553/684
f 553/684 681/813 682/814 554/685
f 554/685 682/814 683/815 555/686
f 555/686 683/815 684/816 556/687
f 556/687 684/816 685/817 557/688
f 557/688 685/817 686/818 558/689
f 558/689 686/818 687/819 559/690
f 559/690 687/819 688/820 560/691
f 560/691 688/820 689/821 561/692
f 561/692 689/821 690/822 562/693
f 562/693 690/822 691/823 563/694
f 563/694 691/823 692/824 564/695
f 564/695 692/824 693/825 565/696
f 565/696 693/825 694/826 566/697
f 566/697 694/826 695/827 567/698
f 567/698 695/827 696/828 568/699
f 568/699 696/828 697/829 569/700
f 569/700 697/829 698/830 570/701
f 570/701 698/830 699/831 571/702
f 571/702 699/831 700/832 572/703
f 572/703 700/832 701/833 573/704
f 573/704 701/833 702/834 574/705
f 574/705 702/834 703/835 575/706
f 575/706 703/835 704/836 576/707
f 576/707 704/836 705/837 577/708
f 577/708 705/837 706/838 578/709
f 578/709 706/838 707/839 579/710
f 579/710 707/839 708/840 580/711
f 580/711 708/840 709/841 581/712
f 581/712 709/841 710/842 582/713
f 582/713 710/842 711/843 583/714
f 583/714 711/843 712/844 584/715
f 584/715 712/844 713/845 585/716
f 585/716 713/845 714/846 586/717
f 586/717 714/846 715/847 587/718
f 587/718 715/847 716/848 588/719
f 588/719 716/848 717/849 589/720
f 589/720 717/849 718/850 590/721
f 590/721 718/850 719/851 591/722
f 591/722 719/851 720/852 592/723
f 592/723 720/852 721/853 593/724
f 593/724 721/853 722/854 594/725
f 594/725 722/854 723/855 595/726
f 595/726 723/855 724/856 596/727
f 596/727 724/856 725/857 597/728
f 597/728 725/857 726/858 598/729
f 598/729 726/858 727/859 599/730
f 599/730 727/859 728/860 600/731
f 600/731 728/860 729/861 601/732
f 601/732 729/861 730/862 602/733
f 602/733 730/862 731/863 603/734
f 603/734 731/863 732/864 604/735
f 604/735 732/864 733/865 605/736
f 605/736 733/865 734/866 606/737
f 606/737 734/866 735/867 607/738
f 607/738 735/867 736/868 608/739
f 608/739 736/868 737/869 609/740
f 609/740 737/869 738/870 610/741
f 610/741 738/870 739/871 611/742
f 611/742 739/871 740/872 612/743
f 612/743 740/872 741/873 613/744
f 613/744 741/873 742/874 614/745
f 614/745 742/874 743/875 615/746
f 615/746 743/875 744/876 616/747
f 616/747 744/876 745/877 617/748
f 617/748 745/877 746/878 618/749
f 618/749 746/878 747/879 619/750
f 619/750 747/879 748/880 620/751
f 620/751 748/880 749/881 621/752
f 621/752 749/881 750/882 622/753
f 622/753 750/882 751/883 623/754
f 623/754 751/883 752/884 624/755
f 624/755 752/884 753/885 625/756
f 625/756 753/885 754/886 626/757
f 626/757 754/886 755/887 627/758
f 627/758 755/887 756/888 628/759
f 628/759 756/888 757/889 629/760
f 629/760 757/889 758/890 630/761
f 630/761 758/890 759/891 631/762
f 631/762 759/891 760/892 632/763
f 632/763 760/892 761/893 633/764
f 633/764 761/893 762/894 634/765
f 634/765 762/894 763/895 635/766
f 635/766 763/895 764/896 636/767
f 636/767 764/896 765/897 637/768
f 637/768 765/897 766/898 638/769
f 638/769 766/898 767/899 639/770
f 639/770 767/899 768/900 640/771
f 640/771 768/900 769/901 641/772
f 641/772 769/901 642/902 514/773
f 642/774 770/903 771/904 643/775
f 643/775 771/904 772/905 644/776
f 644/776 772/905 773/906 645/777
f 645/777 773/906 774/907 646/778
f 646/778 774/907 775/908 647/779
f 647/779 775/908 776/909 648/780
f 648/780 776/909 777/910 649/781
f 649/781 777/910 778/911 650/782
f 650/782 778/911 779/912 651/783
f 651/783 779/912 780/913 652/784
f 652/784 780/913 781/914 653/785
f 653/785 781/914 782/915 654/786
f 654/786 782/915 783/916 655/787
f 655/787 783/916 784/917 656/788
f 656/788 784/917 785/918 657/789
f 657/789 785/918 786/919 658/790
f 658/790 786/919 787/920 659/791
f 659/791 787/920 788/921 660/792
f 660/792 788/921 789/922 661/793
f 661/793 789/922 790/923 662/794
f 662/794 790/923 791/924 663/795
f 663/795 791/924 792/925 664/796
f 664/796 792/925 793/926 665/797
f 665/797 793/926 794/927 666/798
f 666/798 794/927 795/928 667/799
f 667/799 795/928 796/929 668/800
f 668/800 796/929 797/930 669/801
f 669/801 797/930 798/931 670/802
f 670/802 798/931 799/932 671/803
f 671/803 799/932 800/933 672/804
f 672/804 800/933 801/934 673/805
f 673/805 801/934 802/935 674/806
f 674/806 802/935 803/936 675/807
f 675/807 803/936 804/937 676/808
f 676/808 804/937 805/938 677/809
f 677/809 805/938 806/939 678/810
f 678/810 806/939 807/940 679/811
f 679/811 807/940 808/941 680/812
f 680/812 808/941 809/942 681/813
f 681/813 809/942 810/943 682/814
f 682/814 810/943 811/944 683/815
f 683/815 811/944 812/945 684/816
f 684/816 812/945 813/946 685/817
f 685/817 813/946 814/947 686/818
f 686/818 814/947 815/948 687/819
f 687/819 815/948 816/949 688/820
f 688/820 816/949 817/950 689/821
f 689/821 817/950 818/951 690/822
f 690/822 818/951 819/952 691/823
f 691/823 819/952 820/953 692/824
f 692/824 820/953 821/954 693/825
f 693/825 821/954 822/955 694/826
f 694/826 822/955 823/956 695/827
f 695/827 823/956 824/957 696/828
f 696/828 824/957 825/958 697/829
f 697/829 825/958 826/959 698/830
f 698/830 826/959 827/960 699/831
f 699/831 827/960 828/961 700/832
f 700/832 828/961 829/962 701/833
f 701/833 829/962 830/963 702/834
f 702/834 830/963 831/964 703/835
f 703/835 831/964 832/965 704/836
f 704/836 832/965 833/966 705/837
f 705/837 833/966 834/967 706/838
f 706/838 834/967 835/968 707/839
f 707/839 835/968 836/969 708/840
f 708/840 836/969 837/970 709/841
f 709/841 837/970 838/971 710/842
f 710/842 838/971 839/972 711/843
f 711/843 839/972 840/973 712/844
f 712/844 840/973 841/974 713/845
f 713/845 841/974 842/975 714/846
f 714/846 842/975 843/976 715/847
f 715/847 843/976 844/977 716/848
f 716/848 844/977 845/978 717/849
f 717/849 845/978 846/979 718/850
f 718/850 846/979 847/980 719/851
f 719/851 847/980 848/981 720/852
f 720/852 848/981 849/982 721/853
f 721/853 849/982 850/983 722/854
f 722/854 850/983 851/984 723/855
f 723/855 851/984 852/985 724/856
f 724/856 852/985 853/986 725/857
f 725/857 853/986 854/987 726/858
f 726/858 854/987 855/988 727/859
f 727/859 855/988 856/989 728/860
f 728/860 856/989 857/990 729/861
f 729/861 857/990 858/991 730/862
f 730/862 858/991 859/992 731/863
f 731/863 859/992 860/993 732/864
f 732/864 860/993 861/994 733/865
f 733/865 861/994 862/995 734/866
f 734/866 862/995 863/996 735/867
f 735/867 863/996 864/997 736/868
f 736/868 864/997 865/998 737/869
f 737/869 865/998 866/999 738/870
f 738/870 866/999 867/1000 739/871
f 739/871 867/1000 868/1001 740/872
f 740/872 868/1001 869/1002 741/873
f 741/873 869/1002 870/1003 742/874
f 742/874 870/1003 871/1004 743/875
f 743/875 871/1004 872/1005 744/876
f 744/876 872/1005 873/1006 745/877
f 745/877 873/1006 874/1007 746/878
f 746/878 874/1007 875/1008 747/879
f 747/879 875/1008 876/1009 748/880
f 748/880 876/1009 877/1010 749/881
f 749/881 877/1010 878/1011 750/882
f 750/882 878/1011 879/1012 751/883
f 751/883 879/1012 880/1013 752/884
f 752/884 880/1013 881/1014 753/885
f 753/885 881/1014 882/1015 754/886
f 754/886 882/1015 883/1016 755/887
f 755/887 883/1016 884/1017 756/888
f 756/888 884/1017 885/1018 757/889
f 757/889 885/1018 886/1019 758/890
f 758/890 886/1019 887/1020 759/891
f 759/891 887/1020 888/1021 760/892
f 760/892 888/1021 889/1022 761/893
f 761/893 889/1022 890/1023 762/894
f 762/894 890/1023 891/1024 763/895
f 763/895 891/1024 892/1025 764/896
f 764/896 892/1025 893/1026 765/897
f 765/897 893/1026 894/1027 766/898
f 766/898 894/1027 895/1028 767/899
f 767/899 895/1028 896/1029 768/900
f 768/900 896/1029 897/1030 769/901
f 769/901 897/1030 770/1031 642/902
f 770/903 898/1032 899/1033 771/904
f 771/904 899/1033 900/1034 772/905
f 772/905 900/1034 901/1035 773/906
f 773/906 901/1035 902/1036 774/907
f 774/907 902/1036 903/1037 775/908
f 775/908 903/1037 904/1038 776/909
f 776/909 904/1038 905/1039 777/910
f 777/910 905/1039 906/1040 778/911
f 778/911 906/1040 907/1041 779/912
f 779/912 907/1041 908/1042 780/913
f 780/913 908/1042 909/1043 781/914
f 781/914 909/1043 910/1044 782/915
f 782/915 910/1044 911/1045 783/916
f 783/916 911/1045 912/1046 784/917
f 784/917 912/1046 913/1047 785/918
f 785/918 913/1047 914/1048 786/919
f 786/919 914/1048 915/1049 787/920
f 787/920 915/1049 916/1050 788/921
f 788/921 916/1050 917/1051 789/922
f 789/922 917/1051 918/1052 790/923
f 790/923 918/1052 919/1053 791/924
f 791/924 919/1053 920/1054 792/925
f 792/925 920/1054 921/1055 793/926
f 793/926 921/1055 922/1056 794/927
f 794/927 922/1056 923/1057 795/928
f 795/928 923/1057 924/1058 796/929
f 796/929 924/1058 925/1059 797/930
f 797/930 925/1059 926/1060 798/931
f 798/931 926/1060 927/1061 799/932
f 799/932 927/1061 928/1062 800/933
f 800/933 928/1062 929/1063 801/934
f 801/934 929/1063 930/1064 802/935
f 802/935 930/1064 931/1065 803/936
f 803/936 931/1065 932/1066 804/937
f 804/937 932/1066 933/1067 805/938
f 805/938 933/1067 934/1068 806/939
f 806/939 934/1068 935/1069 807/940
f 807/940 935/1069 936/1070 808/941
f 808/941 936/1070 937/1071 809/942
f 809/942 937/1071 938/1072 810/943
f 810/943 938/1072 939/1073 811/944
f 811/944 939/1073 940/1074 812/945
f 812/945 940/1074 941/1075 813/946
f 813/946 941/1075 942/1076 814/947
f 814/947 942/1076 943/1077 815/948
f 815/948 943/1077 944/1078 816/949
f 816/949 944/1078 945/1079 817/950
f 817/950 945/1079 946/1080 818/951
f 818/951 946/1080 947/1081 819/952
f 819/952 947/1081 948/1082 820/953
f 820/953 948/1082 949/1083 821/954
f 821/954 949/1083 950/1084 822/955
f 822/955 950/1084 951/1085 823/956
f 823/956 951/1085 952/1086 824/957
f 824/957 952/1086 953/1087 825/958
f 825/958 953/1087 954/1088 826/959
f 826/959 954/1088 955/1089 827/960
f 827/960 955/1089 956/1090 828/961
f 828/961 956/1090 957/1091 829/962
f 829/962 957/1091 958/1092 830/963
f 830/963 958/1092 959/1093 831/964
f 831/964 959/1093 960/1094 832/965
f 832/965 960/1094 961/1095 833/966
f 833/966 961/1095 962/1096 834/967
f 834/967 962/1096 963/1097 835/968
f 835/968 963/1097 964/1098 836/969
f 836/969 964/1098 965/1099 837/970
f 837/970 965/1099 966/1100 838/971
f 838/971 966/1100 967/1101 839/972
f 839/972 967/1101 968/1102 840/973
f 840/973 968/1102 969/1103 841/974
f 841/974 969/1103 970/1104 842/975
f 842/975 970/1104 971/1105 843/976
f 843/976 971/1105 972/1106 844/977
f 844/977 972/1106 973/1107 845/978
f 845/978 973/1107 974/1108 846/979
f 846/979 974/1108 975/1109 847/980
f 847/980 975/1109 976/1110 848/981
f 848/981 976/1110 977/1111 849/982
f 849/982 977/1111 978/1112 850/983
f 850/983 978/1112 979/1113 851/984
f 851/984 979/1113 980/1114 852/985
f 852/985 980/1114 981/1115 853/986
f 853/986 981/1115 982/1116 854/987
f 854/987 982/1116 983/1117 855/988
f 855/988 983/1117 984/1118 856/989
f 856/989 984/1118 985/1119 857/990
f 857/990 985/1119 986/1120 858/991
f 858/991 986/1120 987/1121 859/992
f 859/992 987/1121 988/1122 860/993
f 860/993 988/1122 989/1123 861/994
f 861/994 989/1123 990/1124 862/995
f 862/995 990/1124 991/1125 863/996
f 863/996 991/1125 992/1126 864/997
f 864/997 992/1126 993/1127 865/998
f 865/998 993/1127 994/1128 866/999
f 866/999 994/1128 995/1129 867/1000
f 867/1000 995/1129 996/1130 868/1001
f 868/1001 996/1130 997/1131 869/1002
f 869/1002 997/1131 998/1132 870/1003
f 870/1003 998/1132 999/1133 871/1004
f 871/1004 999/1133 1000/1134 872/1005
f 872/1005 1000/1134 1001/1135 873/1006
f 873/1006 1001/1135 1002/1136 874/1007
f 874/1007 1002/1136 1003/1137 875/1008
f 875/1008 1003/1137 1004/1138 876/1009
f 876/1009 1004/1138 1005/1139 877/1010
f 877/1010 1005/1139 1006/1140 878/1011
f 878/1011 1006/1140 1007/1141 879/1012
f 879/1012 1007/1141 1008/1142 880/1013
f 880/1013 1008/1142 1009/1143 881/1014
f 881/1014 1009/1143 1010/1144 882/1015
f 882/1015 1010/1144 1011/1145 883/1016
f 883/1016 1011/1145 1012/1146 884/1017
f 884/1017 1012/1146 1013/1147 885/1018
f 885/1018 1013/1147 1014/1148 886/1019
f 886/1019 1014/1148 1015/1149 887/1020
f 887/1020 1015/1149 1016/1150 888/1021
f 888/1021 1016/1150 1017/1151 889/1022
f 889/1022 1017/1151 1018/1152 890/1023
f 890/1023 1018/1152 1019/1153 891/1024
f 891/1024 1019/1153 1020/1154 892/1025
f 892/1025 1020/1154 1021/1155 893/1026
f 893/1026 1021/1155 1022/1156 894/1027
f 894/1027 1022/1156 1023/1157 895/1028
f 895/1028 1023/1157 1024/1158 896/1029
f 896/1029 1024/1158 1025/1159 897/1030
f 897/1030 1025/1159 898/1160 770/1031
f 898/1032 1026/1161 1027/1162 899/1033
f 899/1033 1027/1162 1028/1163 900/1034
f 900/1034 1028/1163 1029/1164 901/1035
f 901/1035 1029/1164 1030/1165 902/1036
f 902/1036 1030/1165 1031/1166 903/1037
f 903/1037 1031/1166 1032/1167 904/1038
f 904/1038 1032/1167 1033/1168 905/1039
f 905/1039 1033/1168 1034/1169 906/1040
f 906/1040 1034/1169 1035/1170 907/1041
f 907/1041 1035/1170 1036/1171 908/1042
f 908/1042 1036/1171 1037/1172 909/1043
f 909/1043 1037/1172 1038/1173 910/1044
f 910/1044 1038/1173 1039/1174 911/1045
f 911/1045 1039/1174 1040/1175 912/1046
f 912/1046 1040/1175 1041/1176 913/1047
f 913/1047 1041/1176 1042/1177 914/1048
f 914/1048 1042/1177 1043/1178 915/1049
f 915/1049 1043/1178 1044/1179 916/1050
f 916/1050 1044/1179 1045/1180 917/1051
f 917/1051 1045/1180 1046/1181 918/1052
f 918/1052 1046/1181 1047/1182 919/1053
f 919/1053 1047/1182 1048/1183 920/1054
f 920/1054 1048/1183 1049/1184 921/1055
f 921/1055 1049/1184 1050/1185 922/1056
f 922/1056 1050/1185 1051/1186 923/1057
f 923/1057 1051/1186 1052/1187 924/1058
f 924/1058 1052/1187 1053/1188 925/1059
f 925/1059 1053/1188 1054/1189 926/1060
f 926/1060 1054/1189 1055/1190 927/1061
f 927/1061 1055/1190 1056/1191 928/1062
f 928/1062 1056/1191 1057/1192 929/1063
f 929/1063 1057/1192 1058/1193 930/1064
f 930/1064 1058/1193 1059/1194 931/1065
f 931/1065 1059/1194 1060/1195 932/1066
f 932/1066 1060/1195 1061/1196 933/1067
f 933/1067 1061/1196 1062/1197 934/1068
f 934/1068 1062/1197 1063/1198 935/1069
f 935/1069 1063/1198 1064/1199 936/1070
f 936/1070 1064/1199 1065/1200 937/1071
f 937/1071 1065/1200 1066/1201 938/1072
f 938/1072 1066/1201 1067/1202 939/1073
f 939/1073 1067/1202 1068/1203 940/1074
f 940/1074 1068/1203 1069/1204 941/1075
f 941/1075 1069/1204 1070/1205 942/1076
f 942/1076 1070/1205 1071/1206 943/1077
f 943/1077 1071/1206 1072/1207 944/1078
f 944/1078 1072/1207 1073/1208 945/1079
f 945/1079 1073/1208 1074/1209 946/1080
f 946/1080 1074/1209 1075/1210 947/1081
f 947/1081 1075/1210 1076/1211 948/1082
f 948/1082 1076/1211 1077/1212 949/1083
f 949/1083 1077/1212 1078/1213 950/1084
f 950/1084 1078/1213 1079/1214 951/1085
f 951/1085 1079/1214 1080/1215 952/1086
f 952/1086 1080/1215 1081/1216 953/1087
f 953/1087 1081/1216 1082/1217 954/1088
f 954/1088 1082/1217 1083/1218 955/1089
f 955/1089 1083/1218 1084/1219 956/1090
f 956/1090 1084/1219 1085/1220 957/1091
f 957/1091 1085/1220 1086/1221 958/1092
f 958/1092 1086/1221 1087/1222 959/1093
f 959/1093 1087/1222 1088/1223 960/1094
f 960/1094 1088/1223 1089/1224 961/1095
f 961/1095 1089/1224 1090/1225 962/1096
f 962/1096 1090/1225 1091/1226 963/1097
f 963/1097 1091/1226 1092/1227 964/1098
f 964/1098 1092/1227 1093/1228 965/1099
f 965/1099 1093/1228 1094/1229 966/1100
f 966/1100 1094/1229 1095/1230 967/1101
f 967/1101 1095/1230 1096/1231 968/1102
f 968/1102 1096/1231 1097/1232 969/1103
f 969/1103 1097/1232 1098/1233 970/1104
f 970/1104 1098/1233 1099/1234 971/1105
f 971/1105 1099/1234 1100/1235 972/1106
f 972/1106 1100/1235 1101/1236 973/1107
f 973/1107 1101/1236 1102/1237 974/1108
f 974/1108 1102/1237 1103/1238 975/1109
f 975/1109 1103/1238 1104/1239 976/1110
f 976/1110 1104/1239 1105/1240 977/1111
f 977/1111 1105/1240 1106/1241 978/1112
f 978/1112 1106/1241 1107/1242 979/1113
f 979/1113 1107/1242 1108/1243 980/1114
f 980/1114 1108/1243 1109/1244 981/1115
f 981/1115 1109/1244 1110/1245 982/1116
f 982/1116 1110/1245 1111/1246 983/1117
f 983/1117 1111/1246 1112/1247 984/1118
f 984/1118 1112/1247 1113/1248 985/1119
f 985/1119 1113/1248 1114/1249 986/1120
f 986/1120 1114/1249 1115/1250 987/1121
f 987/1121 1115/1250 1116/1251 988/1122
f 988/1122 1116/1251 1117/1252 989/1123
f 989/1123 1117/1252 1118/1253 990/1124
f 990/1124 1118/1253 1119/1254 991/1125
f 991/1125 1119/1254 1120/1255 992/1126
f 992/1126 1120/1255 1121/1256 993/1127
f 993/1127 1121/1256 1122/1257 994/1128
f 994/1128 1122/1257 1123/1258 995/1129
f 995/1129 1123/1258 1124/1259 996/1130
f 996/1130 1124/1259 1125/1260 997/1131
f 997/1131 1125/1260 1126/1261 998/1132
f 998/1132 1126/1261 1127/1262 999/1133
f 999/1133 1127/1262 1128/1263 1000/1134
f 1000/1134 1128/1263 1129/1264 1001/1135
f 1001/1135 1129/1264 1130/1265 1002/1136
f 1002/1136 1130/1265 1131/1266 1003/1137
f 1003/1137 1131/1266 1132/1267 1004/1138
f 1004/1138 1132/1267 1133/1268 1005/1139
f 1005/1139 1133/1268 1134/1269 1006/1140
f 1006/1140 1134/1269 1135/1270 1007/1141
f 1007/1141 1135/1270 1136/1271 1008/1142
f 1008/1142 1136/1271 1137/1272 1009/1143
f 1009/1143 1137/1272 1138/1273 1010/1144
f 1010/1144 1138/1273 1139/1274 1011/1145
f 1011/1145 1139/1274 1140/1275 1012/1146
f 1012/1146 1140/1275 1141/1276 1013/1147
f 1013/1147 1141/1276 1142/1277 1014/1148
f 1014/1148 1142/1277 1143/1278 1015/1149
f 1015/1149 1143/1278 1144/1279 1016/1150
f 1016/1150 1144/1279 1145/1280 1017/1151
f 1017/1151 1145/1280 1146/1281 1018/1152
f 1018/1152 1146/1281 1147/1282 1019/1153
f 1019/1153 1147/1282 1148/1283 1020/1154
f 1020/1154 1148/1283 1149/1284 1021/1155
f 1021/1155 1149/1284 1150/1285 1022/1156
f 1022/1156 1150/1285 1151/1286 1023/1157
f 1023/1157 1151/1286 1152/1287 1024/1158
f 1024/1158 1152/1287 1153/1288 1025/1159
f 1025/1159 1153/1288 1026/1289 898/1160
f 1026/1161 1154/1290 1155/1291 1027/1162
f 1027/1162 1155/1291 1156/1292 1028/1163
f 1028/1163 1156/1292 1157/1293 1029/1164
f 1029/1164 1157/1293 1158/1294 1030/1165
f 1030/1165 1158/1294 1159/1295 1031/1166
f 1031/1166 1159/1295 1160/1296 1032/1167
f 1032/1167 1160/1296 1161/1297 1033/1168
f 1033/1168 1161/1297 1162/1298 1034/1169
f 1034/1169 1162/1298 1163/1299 1035/1170
f 1035/1170 1163/1299 1164/1300 1036/1171
f 1036/1171 1164/1300 1165/1301 1037/1172
f 1037/1172 1165/1301 1166/1302 1038/1173
f 1038/1173 1166/1302 1167/1303 1039/1174
f 1039/1174 1167/1303 1168/1304 1040/1175
f 1040/1175 1168/1304 1169/1305 1041/1176
f 1041/1176 1169/1305 1170/1306 1042/1177
f 1042/1177 1170/1306 1171/1307 1043/1178
f 1043/1178 1171/1307 1172/1308 1044/1179
f 1044/1179 1172/1308 1173/1309 1045/1180
f 1045/1180 1173/1309 1174/1310 1046/1181
f 1046/1181 1174/1310 1175/1311 1047/1182
f 1047/1182 1175/1311 1176/1312 1048/1183
f 1048/1183 1176/1312 1177/1313 1049/1184
f 1049/1184 1177/1313 1178/1314 1050/1185
f 1050/1185 1178/1314 1179/1315 1051/1186
f 1051/1186 1179/1315 1180/1316 1052/1187
f 1052/1187 1180/1316 1181/1317 1053/1188
f 1053/1188 1181/1317 1182/1318 1054/1189
f 1054/1189 1182/1318 1183/1319 1055/1190
f 1055/1190 1183/1319 1184/1320 1056/1191
f 1056/1191 1184/1320 1185/1321 1057/1192
f 1057/1192 1185/1321 1186/1322 1058/1193
f 1058/1193 1186/1322 1187/1323 1059/1194
f 1059/1194 1187/1323 1188/1324 1060/1195
f 1060/1195 1188/1324 1189/1325 1061/1196
f 1061/1196 1189/1325 1190/1326 1062/1197
f 1062/1197 1190/1326 1191/1327 1063/1198
f 1063/1198 1191/1327 1192/1328 1064/1199
f 1064/1199 1192/1328 1193/1329 1065/1200
f 1065/1200 1193/1329 1194/1330 1066/1201
f 1066/1201 1194/1330 1195/1331 1067/1202
f 1067/1202 1195/1331 1196/1332 1068/1203
f 1068/1203 1196/1332 1197/1333 1069/1204
f 1069/1204 1197/1333 1198/1334 1070/1205
f 1070/1205 1198/1334 1199/1335 1071/1206
f 1071/1206 1199/1335 1200/1336 1072/1207
f 1072/1207 1200/1336 1201/1337 1073/1208
f 1073/1208 1201/1337 1202/1338 1074/1209
f 1074/1209 1202/1338 1203/1339 1075/1210
f 1075/1210 1203/1339 1204/1340 1076/1211
f 1076/1211 1204/1340 1205/1341 1077/1212
f 1077/1212 1205/1341 1206/1342 1078/1213
f 1078/1213 1206/1342 1207/1343 1079/1214
f 1079/1214 1207/1343 1208/1344 1080/1215
f 1080/1215 1208/1344 1209/1345 1081/1216
f 1081/1216 1209/1345 1210/1346 1082/1217
f 1082/1217 1210/1346 1211/1347 1083/1218
f 1083/1218 1211/1347 1212/1348 1084/1219
f 1084/1219 1212/1348 1213/1349 1085/1220
f 1085/1220 1213/1349 1214/1350 1086/1221
f 1086/1221 1214/1350 1215/1351 1087/1222
f 1087/1222 1215/1351 1216/1352 1088/1223
f 1088/1223 1216/1352 1217/1353 1089/1224
f 1089/1224 1217/1353 1218/1354 1090/1225
f 1090/1225 1218/1354 1219/1355 1091/1226
f 1091/1226 1219/1355 1220/1356 1092/1227
f 1092/1227 1220/1356 1221/1357 1093/1228
f 1093/1228 1221/1357 1222/1358 1094/1229
f 1094/1229 1222/1358 1223/1359 1095/1230
f 1095/1230 1223/1359 1224/1360 1096/1231
f 1096/1231 1224/1360 1225/1361 1097/1232
f 1097/1232 1225/1361 1226/1362 1098/1233
f 1098/1233 1226/1362 1227/1363 1099/1234
f 1099/1234 1227/1363 1228/1364 1100/1235
f 1100/1235 1228/1364 1229/1365 1101/1236
f 1101/1236 1229/1365 1230/1366 1102/1237
f 1102/1237 1230/1366 1231/1367 1103/1238
f 1103/1238 1231/1367 1232/1368 1104/1239
f 1104/1239 1232/1368 1233/1369 1105/1240
f 1105/1240 1233/1369 1234/1370 1106/1241
f 1106/1241 1234/1370 1235/1371 1107/1242
f 1107/1242 1235/1371 1236/1372 1108/1243
f 1108/1243 1236/1372 1237/1373 1109/1244
f 1109/1244 1237/1373 1238/1374 1110/1245
f 1110/1245 1238/1374 1239/1375 1111/1246
f 1111/1246 1239/1375 1240/1376 1112/1247
f 1112/1247 1240/1376 1241/1377 1113/1248
f 1113/1248 1241/1377 1242/1378 1114/1249
f 1114/1249 1242/1378 1243/1379 1115/1250
f 1115/1250 1243/1379 1244/1380 1116/1251
f 1116/1251 1244/1380 1245/1381 1117/1252
f 1117/1252 1245/1381 1246/1382 1118/1253
f 1118/1253 1246/1382 1247/1383 1119/1254
f 1119/1254 1247/1383 1248/1384 1120/1255
f 1120/1255 1248/1384 1249/1385 1121/1256
f 1121/1256 1249/1385 1250/1386 1122/1257
f 1122/1257 1250/1386 1251/1387 1123/1258
f 1123/1258 1251/1387 1252/1388 1124/1259
f 1124/1259 1252/1388 1253/1389 1125/1260
f 1125/1260 1253/1389 1254/1390 1126/1261
f 1126/1261 1254/1390 1255/1391 1127/1262
f 1127/1262 1255/1391 1256/1392 1128/1263
f 1128/1263 1256/1392 1257/1393 1129/1264
f 1129/1264 1257/1393 1258/1394 1130/1265
f 1130/1265 1258/1394 1259/1395 1131/1266
f 1131/1266 1259/1395 1260/1396 1132/1267
f 1132/1267 1260/1396 1261/1397 1133/1268
f 1133/1268 1261/1397 1262/1398 1134/1269
f 1134/1269 1262/1398 1263/1399 1135/1270
f 1135/1270 1263/1399 1264/1400 1136/1271
f 1136/1271 1264/1400 1265/1401 1137/1272
f 1137/1272 1265/1401 1266/1402 1138/1273
f 1138/1273 1266/1402 1267/1403 1139/1274
f 1139/1274 1267/1403 1268/1404 1140/1275
f 1140/1275 1268/1404 1269/1405 1141/1276
f 1141/1276 1269/1405 1270/1406 1142/1277
f 1142/1277 1270/1406 1271/1407 1143/1278
f 1143/1278 1271/1407 1272/1408 1144/1279
f 1144/1279 1272/1408 1273/1409 1145/1280
f 1145/1280 1273/1409 1274/1410 1146/1281
f 1146/1281 1274/1410 1275/1411 1147/1282
f 1147/1282 1275/1411 1276/1412 1148/1283
f 1148/1283 1276/1412 1277/1413 1149/1284
f 1149/1284 1277/1413 1278/1414 1150/1285
f 1150/1285 1278/1414 1279/1415 1151/1286
f 1151/1286 1279/1415 1280/1416 1152/1287
f 1152/1287 1280/1416 1281/1417 1153/1288
f 1153/1288 1281/1417 1154/1418 1026/1289
f 1154/1290 1282/1419 1283/1420 1155/1291
f 1155/1291 1283/1420 1284/1421 1156/1292
f 1156/1292 1284/1421 1285/1422 1157/1293
f 1157/1293 1285/1422 1286/1423 1158/1294
f 1158/1294 1286/1423 1287/1424 1159/1295
f 1159/1295 1287/1424 1288/1425 1160/1296
f 1160/1296 1288/1425 1289/1426 1161/1297
f 1161/1297 1289/1426 1290/1427 1162/1298
f 1162/1298 1290/1427 1291/1428 1163/1299
f 1163/1299 1291/1428 1292/1429 1164/1300
f 1164/1300 1292/1429 1293/1430 1165/1301
f 1165/1301 1293/1430 1294/1431 1166/1302
f 1166/1302 1294/1431 1295/1432 1167/1303
f 1167/1303 1295/1432 1296/1433 1168/1304
f 1168/1304 1296/1433 1297/1434 1169/1305
f 1169/1305 1297/1434 1298/1435 1170/1306
f 1170/1306 1298/1435 1299/1436 1171/1307
f 1171/1307 1299/1436 1300/1437 1172/1308
f 1172/1308 1300/1437 1301/1438 1173/1309
f 1173/1309 1301/1438 1302/1439 1174/1310
f 1174/1310 1302/1439 1303/1440 1175/1311
f 1175/1311 1303/1440 1304/1441 1176/1312
f 1176/1312 1304/1441 1305/1442 1177/1313
f 1177/1313 1305/1442 1306/1443 1178/1314
f 1178/1314 1306/1443 1307/1444 1179/1315
f 1179/1315 1307/1444 1308/1445 1180/1316
f 1180/1316 1308/1445 1309/1446 1181/1317
f 1181/1317 1309/1446 1310/1447 1182/1318
f 1182/1318 1310/1447 1311/1448 1183/1319
f 1183/1319 1311/1448 1312/1449 1184/1320
f 1184/1320 1312/1449 1313/1450 1185/1321
f 1185/1321 1313/1450 1314/1451 1186/1322
f 1186/1322 1314/1451 1315/1452 1187/1323
f 1187/1323 1315/1452 1316/1453 1188/1324
f 1188/1324 1316/1453 1317/1454 1189/1325
f 1189/1325 1317/1454 1318/1455 1190/1326
f 1190/1326 1318/1455 1319/1456 1191/1327
f 1191/1327 1319/1456 1320/1457 1192/1328
f 1192/1328 1320/1457 1321/1458 1193/1329
f 1193/1329 1321/1458 1322/1459 1194/1330
f 1194/1330 1322/1459 1323/1460 1195/1331
f 1195/1331 1323/1460 1324/1461 1196/1332
f 1196/1332 1324/1461 1325/1462 1197/1333
f 1197/1333 1325/1462 1326/1463 1198/1334
f 1198/1334 1326/1463 1327/1464 1199/1335
f 1199/1335 1327/1464 1328/1465 1200/1336
f 1200/1336 1328/1465 1329/1466 1201/1337
f 1201/1337 1329/1466 1330/1467 1202/1338
f 1202/1338 1330/1467 1331/1468 1203/1339
f 1203/1339 1331/1468 1332/1469 1204/1340
f 1204/1340 1332/1469 1333/1470 1205/1341
f 1205/1341 1333/1470 1334/1471 1206/1342
f 1206/1342 1334/1471 1335/1472 1207/1343
f 1207/1343 1335/1472 1336/1473 1208/1344
f 1208/1344 1336/1473 1337/1474 1209/1345
f 1209/1345 1337/1474 1338/1475 1210/1346
f 1210/1346 1338/1475 1339/1476 1211/1347
f 1211/1347 1339/1476 1340/1477 1212/1348
f 1212/1348 1340/1477 1341/1478 1213/1349
f 1213/1349 1341/1478 1342/1479 1214/1350
f 1214/1350 1342/1479 1343/1480 1215/1351
f 1215/1351 1343/1480 1344/1481 1216/1352
f 1216/1352 1344/1481 1345/1482 1217/1353
f 1217/1353 1345/1482 1346/1483 1218/1354
f 1218/1354 1346/1483 1347/1484 1219/1355
f 1219/1355 1347/1484 1348/1485 1220/1356
f 1220/1356 1348/1485 1349/1486 1221/1357
f 1221/1357 1349/1486 1350/1487 1222/1358
f 1222/1358 1350/1487 1351/1488 1223/1359
f 1223/1359 1351/1488 1352/1489 1224/1360
f 1224/1360 1352/1489 1353/1490 1225/1361
f 1225/1361 1353/1490 1354/1491 1226/1362
f 1226/1362 1354/1491 1355/1492 1227/1363
f 1227/1363 1355/1492 1356/1493 1228/1364
f 1228/1364 1356/1493 1357/1494 1229/1365
f 1229/1365 1357/1494 1358/1495 1230/1366
f 1230/1366 1358/1495 1359/1496 1231/1367
f 1231/1367 1359/1496 1360/1497 1232/1368
f 1232/1368 1360/1497 1361/1498 1233/1369
f 1233/1369 1361/1498 1362/1499 1234/1370
f 1234/1370 1362/1499 1363/1500 1235/1371
f 1235/1371 1363/1500 1364/1501 1236/1372
f 1236/1372 1364/1501 1365/1502 1237/1373
f 1237/1373 1365/1502 1366/1503 1238/1374
f 1238/1374 1366/1503 1367/1504 1239/1375
f 1239/1375 1367/1504 1368/1505 1240/1376
f 1240/1376 1368/1505 1369/1506 1241/1377
f 1241/1377 1369/1506 1370/1507 1242/1378
f 1242/1378 1370/1507 1371/1508 1243/1379
f 1243/1379 1371/1508 1372/1509 1244/1380
f 1244/1380 1372/1509 1373/1510 1245/1381
f 1245/1381 1373/1510 1374/1511 1246/1382
f 1246/1382 1374/1511 1375/1512 1247/1383
f 1247/1383 1375/1512 1376/1513 1248/1384
f 1248/1384 1376/1513 1377/1514 1249/1385
f 1249/1385 1377/1514 1378/1515 1250/1386
f 1250/1386 1378/1515 1379/1516 1251/1387
f 1251/1387 1379/1516 1380/1517 1252/1388
f 1252/1388 1380/1517 1381/1518 1253/1389
f 1253/1389 1381/1518 1382/1519 1254/1390
f 1254/1390 1382/1519 1383/1520 1255/1391
f 1255/1391 1383/1520 1384/1521 1256/1392
f 1256/1392 1384/1521 1385/1522 1257/1393
f 1257/1393 1385/1522 1386/1523 1258/1394
f 1258/1394 1386/1523 1387/1524 1259/1395
f 1259/1395 1387/1524 1388/1525 1260/1396
f 1260/1396 1388/1525 1389/1526 1261/1397
f 1261/1397 1389/1526 1390/1527 1262/1398
f 1262/1398 1390/1527 1391/1528 1263/1399
f 1263/1399 1391/1528 1392/1529 1264/1400
f 1264/1400 1392/1529 1393/1530 1265/1401
f 1265/1401 1393/1530 1394/1531 1266/1402
f 1266/1402 1394/1531 1395/1532 1267/1403
f 1267/1403 1395/1532 1396/1533 1268/1404
f 1268/1404 1396/1533 1397/1534 1269/1405
f 1269/1405 1397/1534 1398/1535 1270/1406
f 1270/1406 1398/1535 1399/1536 1271/1407
f 1271/1407 1399/1536 1400/1537 1272/1408
f 1272/1408 1400/1537 1401/1538 1273/1409
f 1273/1409 1401/1538 1402/1539 1274/1410
f 1274/1410 1402/1539 1403/1540 1275/1411
f 1275/1411 1403/1540 1404/1541 1276/1412
f 1276/1412 1404/1541 1405/1542 1277/1413
f 1277/1413 1405/1542 1406/1543 1278/1414
f 1278/1414 1406/1543 1407/1544 1279/1415
f 1279/1415 1407/1544 1408/1545 1280/1416
f 1280/1416 1408/1545 1409/1546 1281/1417
f 1281/1417 1409/1546 1282/1547 1154/1418
f 1282/1419 1410/1548 1411/1549 1283/1420
f 1283/1420 1411/1549 1412/1550 1284/1421
f 1284/1421 1412/1550 1413/1551 1285/1422
f 1285/1422 1413/1551 1414/1552 1286/1423
f 1286/1423 1414/1552 1415/1553 1287/1424
f 1287/1424 1415/1553 1416/1554 1288/1425
f 1288/1425 1416/1554 1417/1555 1289/1426
f 1289/1426 1417/1555 1418/1556 1290/1427
f 1290/1427 1418/1556 1419/1557 1291/1428
f 1291/1428 1419/1557 1420/1558 1292/1429
f 1292/1429 1420/1558 1421/1559 1293/1430
f 1293/1430 1421/1559 1422/1560 1294/1431
f 1294/1431 1422/1560 1423/1561 1295/1432
f 1295/1432 1423/1561 1424/1562 1296/1433
f 1296/1433 1424/1562 1425/1563 1297/1434
f 1297/1434 1425/1563 1426/1564 1298/1435
f 1298/1435 1426/1564 1427/1565 1299/1436
f 1299/1436 1427/1565 1428/1566 1300/1437
f 1300/1437 1428/1566 1429/1567 1301/1438
f 1301/1438 1429/1567 1430/1568 1302/1439
f 1302/1439 1430/1568 1431/1569 1303/1440
f 1303/1440 1431/1569 1432/1570 1304/1441
f 1304/1441 1432/1570 1433/1571 1305/1442
f 1305/1442 1433/1571 1434/1572 1306/1443
f 1306/1443 1434/1572 1435/1573 1307/1444
f 1307/1444 1435/1573 1436/1574 1308/1445
f 1308/1445 1436/1574 1437/1575 1309/1446
f 1309/1446 1437/1575 1438/1576 1310/1447
f 1310/1447 1438/1576 1439/1577 1311/1448
f 1311/1448 1439/1577 1440/1578 1312/1449
f 1312/1449 1440/1578 1441/1579 1313/1450
f 1313/1450 1441/1579 1442/1580 1314/1451
f 1314/1451 1442/1580 1443/1581 1315/1452
f 1315/1452 1443/1581 1444/1582 1316/1453
f 1316/1453 1444/1582 1445/1583 1317/1454
f 1317/1454 1445/1583 1446/1584 1318/1455
f 1318/1455 1446/1584 1447/1585 1319/1456
f 1319/1456 1447/1585 1448/1586 1320/1457
f 1320/1457 1448/1586 1449/1587 1321/1458
f 1321/1458 1449/1587 1450/1588 1322/1459
f 1322/1459 1450/1588 1451/1589 1323/1460
f 1323/1460 1451/1589 1452/1590 1324/1461
f 1324/1461 1452/1590 1453/1591 1325/1462
f 1325/1462 1453/1591 1454/1592 1326/1463
f 1326/1463 1454/1592 1455/1593 1327/1464
f 1327/1464 1455/1593 1456/1594 1328/1465
f 1328/1465 1456/1594 1457/1595 1329/1466
f 1329/1466 1457/1595 1458/1596 1330/1467
f 1330/1467 1458/1596 1459/1597 1331/1468
f 1331/1468 1459/1597 1460/1598 1332/1469
f 1332/1469 1460/1598 1461/1599 1333/1470
f 1333/1470 1461/1599 1462/1600 1334/1471
f 1334/1471 1462/1600 1463/1601 1335/1472
f 1335/1472 1463/1601 1464/1602 1336/1473
f 1336/1473 1464/1602 1465/1603 1337/1474
f 1337/1474 1465/1603 1466/1604 1338/1475
f 1338/1475 1466/1604 1467/1605 1339/1476
f 1339/1476 1467/1605 1468/1606 1340/1477
f 1340/1477 1468/1606 1469/1607 1341/1478
f 1341/1478 1469/1607 1470/1608 1342/1479
f 1342/1479 1470/1608 1471/1609 1343/1480
f 1343/1480 1471/1609 1472/1610 1344/1481
f 1344/1481 1472/1610 1473/1611 1345/1482
f 1345/1482 1473/1611 1474/1612 1346/1483
f 1346/1483 1474/1612 1475/1613 1347/1484
f 1347/1484 1475/1613 1476/1614 1348/1485
f 1348/1485 1476/1614 1477/1615 1349/1486
f 1349/1486 1477/1615 1478/1616 1350/1487
f 1350/1487 1478/1616 1479/1617 1351/1488
f 1351/1488 1479/1617 1480/1618 1352/1489
f 1352/1489 1480/1618 1481/1619 1353/1490
f 1353/1490 1481/1619 1482/1620 1354/1491
f 1354/1491 1482/1620 1483/1621 1355/1492
f 1355/1492 1483/1621 1484/1622 1356/1493
f 1356/1493 1484/1622 1485/1623 1357/1494
f 1357/1494 1485/1623 1486/1624 1358/1495
f 1358/1495 1486/1624 1487/1625 1359/1496
f 1359/1496 1487/1625 1488/1626 1360/1497
f 1360/1497 1488/1626 1489/1627 1361/1498
f 1361/1498 1489/1627 1490/1628 1362/1499
f 1362/1499 1490/1628 1491/1629 1363/1500
f 1363/1500 1491/1629 1492/1630 1364/1501
f 1364/1501 1492/1630 1493/1631 1365/1502
f 1365/1502 1493/1631 1494/1632 1366/1503
f 1366/1503 1494/1632 1495/1633 1367/1504
f 1367/1504 1495/1633 1496/1634 1368/1505
f 1368/1505 1496/1634 1497/1635 1369/1506
f 1369/1506 1497/1635 1498/1636 1370/1507
f 1370/1507 1498/1636 1499/1637 1371/1508
f 1371/1508 1499/1637 1500/1638 1372/1509
f 1372/1509 1500/1638 1501/1639 1373/1510
f 1373/1510 1501/1639 1502/1640 1374/1511
f 1374/1511 1502/1640 1503/1641 1375/1512
f 1375/1512 1503/1641 1504/1642 1376/1513
f 1376/1513 1504/1642 1505/1643 1377/1514
f 1377/1514 1505/1643 1506/1644 1378/1515
f 1378/1515 1506/1644 1507/1645 1379/1516
f 1379/1516 1507/1645 1508/1646 1380/1517
f 1380/1517 1508/1646 1509/1647 1381/1518
f 1381/1518 1509/1647 1510/1648 1382/1519
f 1382/1519 1510/1648 1511/1649 1383/1520
f 1383/1520 1511/1649 1512/1650 1384/1521
f 1384/1521 1512/1650 1513/1651 1385/1522
f 1385/1522 1513/1651 1514/1652 1386/1523
f 1386/1523 1514/1652 1515/1653 1387/1524
f 1387/1524 1515/1653 1516/1654 1388/1525
f 1388/1525 1516/1654 1517/1655 1389/1526
f 1389/1526 1517/1655 1518/1656 1390/1527
f 1390/1527 1518/1656 1519/1657 1391/1528
f 1391/1528 1519/1657 1520/1658 1392/1529
f 1392/1529 1520/1658 1521/1659 1393/1530
f 1393/1530 1521/1659 1522/1660 1394/1531
f 1394/1531 1522/1660 1523/1661 1395/1532
f 1395/1532 1523/1661 1524/1662 1396/1533
f 1396/1533 1524/1662 1525/1663 1397/1534
f 1397/1534 1525/1663 1526/1664 1398/1535
f 1398/1535 1526/1664 1527/1665 1399/1536
f 1399/1536 1527/1665 1528/1666 1400/1537
f 1400/1537 1528/1666 1529/1667 1401/1538
f 1401/1538 1529/1667 1530/1668 1402/1539
f 1402/1539 1530/1668 1531/1669 1403/1540
f 1403/1540 1531/1669 1532/1670 1404/1541
f 1404/1541 1532/1670 1533/1671 1405/1542
f 1405/1542 1533/1671 1534/1672 1406/1543
f 1406/1543 1534/1672 1535/1673 1407/1544
f 1407/1544 1535/1673 1536/1674 1408/1545
f 1408/1545 1536/1674 1537/1675 1409/1546
f 1409/1546 1537/1675 1410/1676 1282/1547
f 1410/1548 1538/1677 1539/1678 1411/1549
f 1411/1549 1539/1678 1540/1679 1412/1550
f 1412/1550 1540/1679 1541/1680 1413/1551
f 1413/1551 1541/1680 1542/1681 1414/1552
f 1414/1552 1542/1681 1543/1682 1415/1553
f 1415/1553 1543/1682 1544/1683 1416/1554
f 1416/1554 1544/1683 1545/1684 1417/1555
f 1417/1555 1545/1684 1546/1685 1418/1556
f 1418/1556 1546/1685 1547/1686 1419/1557
f 1419/1557 1547/1686 1548/1687 1420/1558
f 1420/1558 1548/1687 1549/1688 1421/1559
f 1421/1559 1549/1688 1550/1689 1422/1560
f 1422/1560 1550/1689 1551/1690 1423/1561
f 1423/1561 1551/1690 1552/1691 1424/1562
f 1424/1562 1552/1691 1553/1692 1425/1563
f 1425/1563 1553/1692 1554/1693 1426/1564
f 1426/1564 1554/1693 1555/1694 1427/1565
f 1427/1565 1555/1694 1556/1695 1428/1566
f 1428/1566 1556/1695 1557/1696 1429/1567
f 1429/1567 1557/1696 1558/1697 1430/1568
f 1430/1568 1558/1697 1559/1698 1431/1569
f 1431/1569 1559/1698 1560/1699 1432/1570
f 1432/1570 1560/1699 1561/1700 1433/1571
f 1433/1571 1561/1700 1562/1701 1434/1572
f 1434/1572 1562/1701 1563/1702 1435/1573
f 1435/1573 1563/1702 1564/1703 1436/1574
f 1436/1574 1564/1703 1565/1704 1437/1575
f 1437/1575 1565/1704 1566/1705 1438/1576
f 1438/1576 1566/1705 1567/1706 1439/1577
f 1439/1577 1567/1706 1568/1707 1440/1578
f 1440/1578 1568/1707 1569/1708 1441/1579
f 1441/1579 1569/1708 1570/1709 1442/1580
f 1442/1580 1570/1709 1571/1710 1443/1581
f 1443/1581 1571/1710 1572/1711 1444/1582
f 1444/1582 1572/1711 1573/1712 1445/1583
f 1445/1583 1573/1712 1574/1713 1446/1584
f 1446/1584 1574/1713 1575/1714 1447/1585
f 1447/1585 1575/1714 1576/1715 1448/1586
f 1448/1586 1576/1715 1577/1716 1449/1587
f 1449/1587 1577/1716 1578/1717 1450/1588
f 1450/1588 1578/1717 1579/1718 1451/1589
f 1451/1589 1579/1718 1580/1719 1452/1590
f 1452/1590 1580/1719 1581/1720 1453/1591
f 1453/1591 1581/1720 1582/1721 1454/1592
f 1454/1592 1582/1721 1583/1722 1455/1593
f 1455/1593 1583/1722 1584/1723 1456/1594
f 1456/1594 1584/1723 1585/1724 1457/1595
f 1457/1595 1585/1724 1586/1725 1458/1596
f 1458/1596 1586/1725 1587/1726 1459/1597
f 1459/1597 1587/1726 1588/1727 1460/1598
f 1460/1598 1588/1727 1589/1728 1461/1599
f 1461/1599 1589/1728 1590/1729 1462/1600
f 1462/1600 1590/1729 1591/1730 1463/1601
f 1463/1601 1591/1730 1592/1731 1464/1602
f 1464/1602 1592/1731 1593/1732 1465/1603
f 1465/1603 1593/1732 1594/1733 1466/1604
f 1466/1604 1594/1733 1595/1734 1467/1605
f 1467/1605 1595/1734 1596/1735 1468/1606
f 1468/1606 1596/1735 1597/1736 1469/1607
f 1469/1607 1597/1736 1598/1737 1470/1608
f 1470/1608 1598/1737 1599/1738 1471/1609
f 1471/1609 1599/1738 1600/1739 1472/1610
f 1472/1610 1600/1739 1601/1740 1473/1611
f 1473/1611 1601/1740 1602/1741 1474/1612
f 1474/1612 1602/1741 1603/1742 1475/1613
f 1475/1613 1603/1742 1604/1743 1476/1614
f 1476/1614 1604/1743 1605/1744 1477/1615
f 1477/1615 1605/1744 1606/1745 1478/1616
f 1478/1616 1606/1745 1607/1746 1479/1617
f 1479/1617 1607/1746 1608/1747 1480/1618
f 1480/1618 1608/1747 1609/1748 1481/1619
f 1481/1619 1609/1748 1610/1749 1482/1620
f 1482/1620 1610/1749 1611/1750 1483/1621
f 1483/1621 1611/1750 1612/1751 1484/1622
f 1484/1622 1612/1751 1613/1752 1485/1623
f 1485/1623 1613/1752 1614/1753 1486/1624
f 1486/1624 1614/1753 1615/1754 1487/1625
f 1487/1625 1615/1754 1616/1755 1488/1626
f 1488/1626 1616/1755 1617/1756 1489/1627
f 1489/1627 1617/1756 1618/1757 1490/1628
f 1490/1628 1618/1757 1619/1758 1491/1629
f 1491/1629 1619/1758 1620/1759 1492/1630
f 1492/1630 1620/1759 1621/1760 1493/1631
f 1493/1631 1621/1760 1622/1761 1494/1632
f 1494/1632 1622/1761 1623/1762 1495/1633
f 1495/1633 1623/1762 1624/1763 1496/1634
f 1496/1634 1624/1763 1625/1764 1497/1635
f 1497/1635 1625/1764 1626/1765 1498/1636
f 1498/1636 1626/1765 1627/1766 1499/1637
f 1499/1637 1627/1766 1628/1767 1500/1638
f 1500/1638 1628/1767 1629/1768 1501/1639
f 1501/1639 1629/1768 1630/1769 1502/1640
f 1502/1640 1630/1769 1631/1770 1503/1641
f 1503/1641 1631/1770 1632/1771 1504/1642
f 1504/1642 1632/1771 1633/1772 1505/1643
f 1505/1643 1633/1772 1634/1773 1506/1644
f 1506/1644 1634/1773 1635/1774 1507/1645
f 1507/1645 1635/1774 1636/1775 1508/1646
f 1508/1646 1636/1775 1637/1776 1509/1647
f 1509/1647 1637/1776 1638/1777 1510/1648
f 1510/1648 1638/1777 1639/1778 1511/1649
f 1511/1649 1639/1778 1640/1779 1512/1650
f 1512/1650 1640/1779 1641/1780 1513/1651
f 1513/1651 1641/1780 1642/1781 1514/1652
f 1514/1652 1642/1781 1643/1782 1515/1653
f 1515/1653 1643/1782 1644/1783 1516/1654
f 1516/1654 1644/1783 1645/1784 1517/1655
f 1517/1655 1645/1784 1646/1785 1518/1656
f 1518/1656 1646/1785 1647/1786 1519/1657
f 1519/1657 1647/1786 1648/1787 1520/1658
f 1520/1658 1648/1787 1649/1788 1521/1659
f 1521/1659 1649/1788 1650/1789 1522/1660
f 1522/1660 1650/1789 1651/1790 1523/1661
f 1523/1661 1651/1790 1652/1791 1524/1662
f 1524/1662 1652/1791 1653/1792 1525/1663
f 1525/1663 1653/1792 1654/1793 1526/1664
f 1526/1664 1654/1793 1655/1794 1527/1665
f 1527/1665 1655/1794 1656/1795 1528/1666
f 1528/1666 1656/1795 1657/1796 1529/1667
f 1529/1667 1657/1796 1658/1797 1530/1668
f 1530/1668 1658/1797 1659/1798 1531/1669
f 1531/1669 1659/1798 1660/1799 1532/1670
f 1532/1670 1660/1799 1661/1800 1533/1671
f 1533/1671 1661/1800 1662/1801 1534/1672
f 1534/1672 1662/1801 1663/1802 1535/1673
f 1535/1673 1663/1802 1664/1803 1536/1674
f 1536/1674 1664/1803 1665/1804 1537/1675
f 1537/1675 1665/1804 1538/1805 1410/1676
f 1538/1677 1666/1806 1667/1807 1539/1678
f 1539/1678 1667/1807 1668/1808 1540/1679
f 1540/1679 1668/1808 1669/1809 1541/1680
f 1541/1680 1669/1809 1670/1810 1542/1681
f 1542/1681 1670/1810 1671/1811 1543/1682
f 1543/1682 1671/1811 1672/1812 1544/1683
f 1544/1683 1672/1812 1673/1813 1545/1684
f 1545/1684 1673/1813 1674/1814 1546/1685
f 1546/1685 1674/1814 1675/1815 1547/1686
f 1547/1686 1675/1815 1676/1816 1548/1687
f 1548/1687 1676/1816 1677/1817 1549/1688
f 1549/1688 1677/1817 1678/1818 1550/1689
f 1550/1689 1678/1818 1679/1819 1551/1690
f 1551/1690 1679/1819 1680/1820 1552/1691
f 1552/1691 1680/1820 1681/1821 1553/1692
f 1553/1692 1681/1821 1682/1822 1554/1693
f 1554/1693 1682/1822 1683/1823 1555/1694
f 1555/1694 1683/1823 1684/1824 1556/1695
f 1556/1695 1684/1824 1685/1825 1557/1696
f 1557/1696 1685/1825 1686/1826 1558/1697
f 1558/1697 1686/1826 1687/1827 1559/1698
f 1559/1698 1687/1827 1688/1828 1560/1699
f 1560/1699 1688/1828 1689/1829 1561/1700
f 1561/1700 1689/1829 1690/1830 1562/1701
f 1562/1701 1690/1830 1691/1831 1563/1702
f 1563/1702 1691/1831 1692/1832 1564/1703
f 1564/1703 1692/1832 1693/1833 1565/1704
f 1565/1704 1693/1833 1694/1834 1566/1705
f 1566/1705 1694/1834 1695/1835 1567/1706
f 1567/1706 1695/1835 1696/1836 1568/1707
f 1568/1707 1696/1836 1697/1837 1569/1708
f 1569/1708 1697/1837 1698/1838 1570/1709
f 1570/1709 1698/1838 1699/1839 1571/1710
f 1571/1710 1699/1839 1700/1840 1572/1711
f 1572/1711 1700/1840 1701/1841 1573/1712
f 1573/1712 1701/1841 1702/1842 1574/1713
f 1574/1713 1702/1842 1703/1843 1575/1714
f 1575/1714 1703/1843 1704/1844 1576/1715
f 1576/1715 1704/1844 1705/1845 1577/1716
f 1577/1716 1705/1845 1706/1846 1578/1717
f 1578/1717 1706/1846 1707/1847 1579/1718
f 1579/1718 1707/1847 1708/1848 1580/1719
f 1580/1719 1708/1848 1709/1849 1581/1720
f 1581/1720 1709/1849 1710/1850 1582/1721
f 1582/1721 1710/1850 1711/1851 1583/1722
f 1583/1722 1711/1851 1712/1852 1584/1723
f 1584/1723 1712/1852 1713/1853 1585/1724
f 1585/1724 1713/1853 1714/1854 1586/1725
f 1586/1725 1714/1854 1715/1855 1587/1726
f 1587/1726 1715/1855 1716/1856 1588/1727
f 1588/1727 1716/1856 1717/1857 1589/1728
f 1589/1728 1717/1857 1718/1858 1590/1729
f 1590/1729 1718/1858 1719/1859 1591/1730
f 1591/1730 1719/1859 1720/1860 1592/1731
f 1592/1731 1720/1860 1721/1861 1593/1732
f 1593/1732 1721/1861 1722/1862 1594/1733
f 1594/1733 1722/1862 1723/1863 1595/1734
f 1595/1734 1723/1863 1724/1864 1596/1735
f 1596/1735 1724/1864 1725/1865 1597/1736
f 1597/1736 1725/1865 1726/1866 1598/1737
f 1598/1737 1726/1866 1727/1867 1599/1738
f 1599/1738 1727/1867 1728/1868 1600/1739
f 1600/1739 1728/1868 1729/1869 1601/1740
f 1601/1740 1729/1869 1730/1870 1602/1741
f 1602/1741 1730/1870 1731/1871 1603/1742
f 1603/1742 1731/1871 1732/1872 1604/1743
f 1604/1743 1732/1872 1733/1873 1605/1744
f 1605/1744 1733/1873 1734/1874 1606/1745
f 1606/1745 1734/1874 1735/1875 1607/1746
f 1607/1746 1735/1875 1736/1876 1608/1747
f 1608/1747 1736/1876 1737/1877 1609/1748
f 1609/1748 1737/1877 1738/1878 1610/1749
f 1610/1749 1738/1878 1739/1879 1611/1750
f 1611/1750 1739/1879 1740/1880 1612/1751
f 1612/1751 1740/1880 1741/1881 1613/1752
f 1613/1752 1741/1881 1742/1882 1614/1753
f 1614/1753 1742/1882 1743/1883 1615/1754
f 1615/1754 1743/1883 1744/1884 1616/1755
f 1616/1755 1744/1884 1745/1885 1617/1756
f 1617/1756 1745/1885 1746/1886 1618/1757
f 1618/1757 1746/1886 1747/1887 1619/1758
f 1619/1758 1747/1887 1748/1888 1620/1759
f 1620/1759 1748/1888 1749/1889 1621/1760
f 1621/1760 1749/1889 1750/1890 1622/1761
f 1622/1761 1750/1890 1751/1891 1623/1762
f 1623/1762 1751/1891 1752/1892 1624/1763
f 1624/1763 1752/1892 1753/1893 1625/1764
f 1625/1764 1753/1893 1754/1894 1626/1765
f 1626/1765 1754/1894 1755/1895 1627/1766
f 1627/1766 1755/1895 1756/1896 1628/1767
f 1628/1767 1756/1896 1757/1897 1629/1768
f 1629/1768 1757/1897 1758/1898 1630/1769
f 1630/1769 1758/1898 1759/1899 1631/1770
f 1631/1770 1759/1899 1760/1900 1632/1771
f 1632/1771 1760/1900 1761/1901 1633/1772
f 1633/1772 1761/1901 1762/1902 1634/1773
f 1634/1773 1762/1902 1763/1903 1635/1774
f 1635/1774 1763/1903 1764/1904 1636/1775
f 1636/1775 1764/1904 1765/1905 1637/1776
f 1637/1776 1765/1905 1766/1906 1638/1777
f 1638/1777 1766/1906 1767/1907 1639/1778
f 1639/1778 1767/1907 1768/1908 1640/1779
f 1640/1779 1768/1908 1769/1909 1641/1780
f 1641/1780 1769/1909 1770/1910 1642/1781
f 1642/1781 1770/1910 1771/1911 1643/1782
f 1643/1782 1771/1911 1772/1912 1644/1783
f 1644/1783 1772/1912 1773/1913 1645/1784
f 1645/1784 1773/1913 1774/1914 1646/1785
f 1646/1785 1774/1914 1775/1915 1647/1786
f 1647/1786 1775/1915 1776/1916 1648/1787
f 1648/1787 1776/1916 1777/1917 1649/1788
f 1649/1788 1777/1917 1778/1918 1650/1789
f 1650/1789 1778/1918 1779/1919 1651/1790
f 1651/1790 1779/1919 1780/1920 1652/1791
f 1652/1791 1780/1920 1781/1921 1653/1792
f 1653/1792 1781/1921 1782/1922 1654/1793
f 1654/1793 1782/1922 1783/1923 1655/1794
f 1655/1794 1783/1923 1784/1924 1656/1795
f 1656/1795 1784/1924 1785/1925 1657/1796
f 1657/1796 1785/1925 1786/1926 1658/1797
f 1658/1797 1786/1926 1787/1927 1659/1798
f 1659/1798 1787/1927 1788/1928 1660/1799
f 1660/1799 1788/1928 1789/1929 1661/1800
f 1661/1800 1789/1929 1790/1930 1662/1801
f 1662/1801 1790/1930 1791/1931 1663/1802
f 1663/1802 1791/1931 1792/1932 1664/1803
f 1664/1803 1792/1932 1793/1933 1665/1804
f 1665/1804 1793/1933 1666/1934 1538/1805
f 1666/1806 1794/1935 1795/1936 1667/1807
f 1667/1807 1795/1936 1796/1937 1668/1808
f 1668/1808 1796/1937 1797/1938 1669/1809
f 1669/1809 1797/1938 1798/1939 1670/1810
f 1670/1810 1798/1939 1799/1940 1671/1811
f 1671/1811 1799/1940 1800/1941 1672/1812
f 1672/1812 1800/1941 1801/1942 1673/1813
f 1673/1813 1801/1942 1802/1943 1674/1814
f 1674/1814 1802/1943 1803/1944 1675/1815
f 1675/1815 1803/1944 1804/1945 1676/1816
f 1676/1816 1804/1945 1805/1946 1677/1817
f 1677/1817 1805/1946 1806/1947 1678/1818
f 1678/1818 1806/1947 1807/1948 1679/1819
f 1679/1819 1807/1948 1808/1949 1680/1820
f 1680/1820 1808/1949 1809/1950 1681/1821
f 1681/1821 1809/1950 1810/1951 1682/1822
f 1682/1822 1810/1951 1811/1952 1683/1823
f 1683/1823 1811/1952 1812/1953 1684/1824
f 1684/1824 1812/1953 1813/1954 1685/1825
f 1685/1825 1813/1954 1814/1955 1686/1826
f 1686/1826 1814/1955 1815/1956 1687/1827
f 1687/1827 1815/1956 1816/1957 1688/1828
f 1688/1828 1816/1957 1817/1958 1689/1829
f 1689/1829 1817/1958 1818/1959 1690/1830
f 1690/1830 1818/1959 1819/1960 1691/1831
f 1691/1831 1819/1960 1820/1961 1692/1832
f 1692/1832 1820/1961 1821/1962 1693/1833
f 1693/1833 1821/1962 1822/1963 1694/1834
f 1694/1834 1822/1963 1823/1964 1695/1835
f 1695/1835 1823/1964 1824/1965 1696/1836
f 1696/1836 1824/1965 1825/1966 1697/1837
f 1697/1837 1825/1966 1826/1967 1698/1838
f 1698/1838 1826/1967 1827/1968 1699/1839
f 1699/1839 1827/1968 1828/1969 1700/1840
f 1700/1840 1828/1969 1829/1970 1701/1841
f 1701/1841 1829/1970 1830/1971 1702/1842
f 1702/1842 1830/1971 1831/1972 1703/1843
f 1703/1843 1831/1972 1832/1973 1704/1844
f 1704/1844 1832/1973 1833/1974 1705/1845
f 1705/1845 1833/1974 1834/1975 1706/1846
f 1706/1846 1834/1975 1835/1976 1707/1847
f 1707/1847 1835/1976 1836/1977 1708/1848
f 1708/1848 1836/1977 1837/1978 1709/1849
f 1709/1849 1837/1978 1838/1979 1710/1850
f 1710/1850 1838/1979 1839/1980 1711/1851
f 1711/1851 1839/1980 1840/1981 1712/1852
f 1712/1852 1840/1981 1841/1982 1713/1853
f 1713/1853 1841/1982 1842/1983 1714/1854
f 1714/1854 1842/1983 1843/1984 1715/1855
f 1715/1855 1843/1984 1844/1985 1716/1856
f 1716/1856 1844/1985 1845/1986 1717/1857
f 1717/1857 1845/1986 1846/1987 1718/1858
f 1718/1858 1846/1987 1847/1988 1719/1859
f 1719/1859 1847/1988 1848/1989 1720/1860
f 1720/1860 1848/1989 1849/1990 1721/1861
f 1721/1861 1849/1990 1850/1991 1722/1862
f 1722/1862 1850/1991 1851/1992 1723/1863
f 1723/1863 1851/1992 1852/1993 1724/1864
f 1724/1864 1852/1993 1853/1994 1725/1865
f 1725/1865 1853/1994 1854/1995 1726/1866
f 1726/1866 1854/1995 1855/1996 1727/1867
f 1727/1867 1855/1996 1856/1997 1728/1868
f 1728/1868 1856/1997 1857/1998 1729/1869
f 1729/1869 1857/1998 1858/1999 1730/1870
f 1730/1870 1858/1999 1859/2000 1731/1871
f 1731/1871 1859/2000 1860/2001 1732/1872
f 1732/1872 1860/2001 1861/2002 1733/1873
f 1733/1873 1861/2002 1862/2003 1734/1874
f 1734/1874 1862/2003 1863/2004 1735/1875
f 1735/1875 1863/2004 1864/2005 1736/1876
f 1736/1876 1864/2005 1865/2006 1737/1877
f 1737/1877 1865/2006 1866/2007 1738/1878
f 1738/1878 1866/2007 1867/2008 1739/1879
f 1739/1879 1867/2008 1868/2009 1740/1880
f 1740/1880 1868/2009 1869/2010 1741/1881
f 1741/1881 1869/2010 1870/2011 1742/1882
f 1742/1882 1870/2011 1871/2012 1743/1883
f 1743/1883 1871/2012 1872/2013 1744/1884
f 1744/1884 1872/2013 1873/2014 1745/1885
f 1745/1885 1873/2014 1874/2015 1746/1886
f 1746/1886 1874/2015 1875/2016 1747/1887
f 1747/1887 1875/2016 1876/2017 1748/1888
f 1748/1888 1876/2017 1877/2018 1749/1889
f 1749/1889 1877/2018 1878/2019 1750/1890
f 1750/1890 1878/2019 1879/2020 1751/1891
f 1751/1891 1879/2020 1880/2021 1752/1892
f 1752/1892 1880/2021 1881/2022 1753/1893
f 1753/1893 1881/2022 1882/2023 1754/1894
f 1754/1894 1882/2023 1883/2024 1755/1895
f 1755/1895 1883/2024 1884/2025 1756/1896
f 1756/1896 1884/2025 1885/2026 1757/1897
f 1757/1897 1885/2026 1886/2027 1758/1898
f 1758/1898 1886/2027 1887/2028 1759/1899
f 1759/1899 1887/2028 1888/2029 1760/1900
f 1760/1900 1888/2029 1889/2030 1761/1901
f 1761/1901 1889/2030 1890/2031 1762/1902
f 1762/1902 1890/2031 1891/2032 1763/1903
f 1763/1903 1891/2032 1892/2033 1764/1904
f 1764/1904 1892/2033 1893/2034 1765/1905
f 1765/1905 1893/2034 1894/2035 1766/1906
f 1766/1906 1894/2035 1895/2036 1767/1907
f 1767/1907 1895/2036 1896/2037 1768/1908
f 1768/1908 1896/2037 1897/2038 1769/1909
f 1769/1909 1897/2038 1898/2039 1770/1910
f 1770/1910 1898/2039 1899/2040 1771/1911
f 1771/1911 1899/2040 1900/2041 1772/1912
f 1772/1912 1900/2041 1901/2042 1773/1913
f 1773/1913 1901/2042 1902/2043 1774/1914
f 1774/1914 1902/2043 1903/2044 1775/1915
f 1775/1915 1903/2044 1904/2045 1776/1916
f 1776/1916 1904/2045 1905/2046 1777/1917
f 1777/1917 1905/2046 1906/2047 1778/1918
f 1778/1918 1906/2047 1907/2048 1779/1919
f 1779/1919 1907/2048 1908/2049 1780/1920
f 1780/1920 1908/2049 1909/2050 1781/1921
f 1781/1921 1909/2050 1910/2051 1782/1922
f 1782/1922 1910/2051 1911/2052 1783/1923
f 1783/1923 1911/2052 1912/2053 1784/1924
f 1784/1924 1912/2053 1913/2054 1785/1925
f 1785/1925 1913/2054 1914/2055 1786/1926
f 1786/1926 1914/2055 1915/2056 1787/1927
f 1787/1927 1915/2056 1916/2057 1788/1928
f 1788/1928 1916/2057 1917/2058 1789/1929
f 1789/1929 1917/2058 1918/2059 1790/1930
f 1790/1930 1918/2059 1919/2060 1791/1931
f 1791/1931 1919/2060 1920/2061 1792/1932
f 1792/1932 1920/2061 1921/2062 1793/1933
f 1793/1933 1921/2062 1794/2063 1666/1934
f 1794/1935 1922/2064 1923/2065 1795/1936
f 1795/1936 1923/2065 1924/2066 1796/1937
f 1796/1937 1924/2066 1925/2067 1797/1938
f 1797/1938 1925/2067 1926/2068 1798/1939
f 1798/1939 1926/2068 1927/2069 1799/1940
f 1799/1940 1927/2069 1928/2070 1800/1941
f 1800/1941 1928/2070 1929/2071 1801/1942
f 1801/1942 1929/2071 1930/2072 1802/1943
f 1802/1943 1930/2072 1931/2073 1803/1944
f 1803/1944 1931/2073 1932/2074 1804/1945
f 1804/1945 1932/2074 1933/2075 1805/1946
f 1805/1946 1933/2075 1934/2076 1806/1947
f 1806/1947 1934/2076 1935/2077 1807/1948
f 1807/1948 1935/2077 1936/2078 1808/1949
f 1808/1949 1936/2078 1937/2079 1809/1950
f 1809/1950 1937/2079 1938/2080 1810/1951
f 1810/1951 1938/2080 1939/2081 1811/1952
f 1811/1952 1939/2081 1940/2082 1812/1953
f 1812/1953 1940/2082 1941/2083 1813/1954
f 1813/1954 1941/2083 1942/2084 1814/1955
f 1814/1955 1942/2084 1943/2085 1815/1956
f 1815/1956 1943/2085 1944/2086 1816/1957
f 1816/1957 1944/2086 1945/2087 1817/1958
f 1817/1958 1945/2087 1946/2088 1818/1959
f 1818/1959 1946/2088 1947/2089 1819/1960
f 1819/1960 1947/2089 1948/2090 1820/1961
f 1820/1961 1948/2090 1949/2091 1821/1962
f 1821/1962 1949/2091 1950/2092 1822/1963
f 1822/1963 1950/2092 1951/2093 1823/1964
f 1823/1964 1951/2093 1952/2094 1824/1965
f 1824/1965 1952/2094 1953/2095 1825/1966
f 1825/1966 1953/2095 1954/2096 1826/1967
f 1826/1967 1954/2096 1955/2097 1827/1968
f 1827/1968 1955/2097 1956/2098 1828/1969
f 1828/1969 1956/2098 1957/2099 1829/1970
f 1829/1970 1957/2099 1958/2100 1830/1971
f 1830/1971 1958/2100 1959/2101 1831/1972
f 1831/1972 1959/2101 1960/2102 1832/1973
f 1832/1973 1960/2102 1961/2103 1833/1974
f 1833/1974 1961/2103 1962/2104 1834/1975
f 1834/1975 1962/2104 1963/2105 1835/1976
f 1835/1976 1963/2105 1964/2106 1836/1977
f 1836/1977 1964/2106 1965/2107 1837/1978
f 1837/1978 1965/2107 1966/2108 1838/1979
f 1838/1979 1966/2108 1967/2109 1839/1980
f 1839/1980 1967/2109 1968/2110 1840/1981
f 1840/1981 1968/2110 1969/2111 1841/1982
f 1841/1982 1969/2111 1970/2112 1842/1983
f 1842/1983 1970/2112 1971/2113 1843/1984
f 1843/1984 1971/2113 1972/2114 1844/1985
f 1844/1985 1972/2114 1973/2115 1845/1986
f 1845/1986 1973/2115 1974/2116 1846/1987
f 1846/1987 1974/2116 1975/2117 1847/1988
f 1847/1988 1975/2117 1976/2118 1848/1989
f 1848/1989 1976/2118 1977/2119 1849/1990
f 1849/1990 1977/2119 1978/2120 1850/1991
f 1850/1991 1978/2120 1979/2121 1851/1992
f 1851/1992 1979/2121 1980/2122 1852/1993
f 1852/1993 1980/2122 1981/2123 1853/1994
f 1853/1994 1981/2123 1982/2124 1854/1995
f 1854/1995 1982/2124 1983/2125 1855/1996
f 1855/1996 1983/2125 1984/2126 1856/1997
f 1856/1997 1984/2126 1985/2127 1857/1998
f 1857/1998 1985/2127 1986/2128 1858/1999
f 1858/1999 1986/2128 1987/2129 1859/2000
f 1859/2000 1987/2129 1988/2130 1860/2001
f 1860/2001 1988/2130 1989/2131 1861/2002
f 1861/2002 1989/2131 1990/2132 1862/2003
f 1862/2003 1990/2132 1991/2133 1863/2004
f 1863/2004 1991/2133 1992/2134 1864/2005
f 1864/2005 1992/2134 1993/2135 1865/2006
f 1865/2006 1993/2135 1994/2136 1866/2007
f 1866/2007 1994/2136 1995/2137 1867/2008
f 1867/2008 1995/2137 1996/2138 1868/2009
f 1868/2009 1996/2138 1997/2139 1869/2010
f 1869/2010 1997/2139 1998/2140 1870/2011
f 1870/2011 1998/2140 1999/2141 1871/2012
f 1871/2012 1999/2141 2000/2142 1872/2013
f 1872/2013 2000/2142 2001/2143 1873/2014
f 1873/2014 2001/2143 2002/2144 1874/2015
f 1874/2015 2002/2144 2003/2145 1875/2016
f 1875/2016 2003/2145 2004/2146 1876/2017
f 1876/2017 2004/2146 2005/2147 1877/2018
f 1877/2018 2005/2147 2006/2148 1878/2019
f 1878/2019 2006/2148 2007/2149 1879/2020
f 1879/2020 2007/2149 2008/2150 1880/2021
f 1880/2021 2008/2150 2009/2151 1881/2022
f 1881/2022 2009/2151 2010/2152 1882/2023
f 1882/2023 2010/2152 2011/2153 1883/2024
f 1883/2024 2011/2153 2012/2154 1884/2025
f 1884/2025 2012/2154 2013/2155 1885/2026
f 1885/2026 2013/2155 2014/2156 1886/2027
f 1886/2027 2014/2156 2015/2157 1887/2028
f 1887/2028 2015/2157 2016/2158 1888/2029
f 1888/2029 2016/2158 2017/2159 1889/2030
f 1889/2030 2017/2159 2018/2160 1890/2031
f 1890/2031 2018/2160 2019/2161 1891/2032
f 1891/2032 2019/2161 2020/2162 1892/2033
f 1892/2033 2020/2162 2021/2163 1893/2034
f 1893/2034 2021/2163 2022/2164 1894/2035
f 1894/2035 2022/2164 2023/2165 1895/2036
f 1895/2036 2023/2165 2024/2166 1896/2037
f 1896/2037 2024/2166 2025/2167 1897/2038
f 1897/2038 2025/2167 2026/2168 1898/2039
f 1898/2039 2026/2168 2027/2169 1899/2040
f 1899/2040 2027/2169 2028/2170 1900/2041
f 1900/2041 2028/2170 2029/2171 1901/2042
f 1901/2042 2029/2171 2030/2172 1902/2043
f 1902/2043 2030/2172 2031/2173 1903/2044
f 1903/2044 2031/2173 2032/2174 1904/2045
f 1904/2045 2032/2174 2033/2175 1905/2046
f 1905/2046 2033/2175 2034/2176 1906/2047
f 1906/2047 2034/2176 2035/2177 1907/2048
f 1907/2048 2035/2177 2036/2178 1908/2049
f 1908/2049 2036/2178 2037/2179 1909/2050
f 1909/2050 2037/2179 2038/2180 1910/2051
f 1910/2051 2038/2180 2039/2181 1911/2052
f 1911/2052 2039/2181 2040/2182 1912/2053
f 1912/2053 2040/2182 2041/2183 1913/2054
f 1913/2054 2041/2183 2042/2184 1914/2055
f 1914/2055 2042/2184 2043/2185 1915/2056
f 1915/2056 2043/2185 2044/2186 1916/2057
f 1916/2057 2044/2186 2045/2187 1917/2058
f 1917/2058 2045/2187 2046/2188 1918/2059
f 1918/2059 2046/2188 2047/2189 1919/2060
f 1919/2060 2047/2189 2048/2190 1920/2061
f 1920/2061 2048/2190 2049/2191 1921/2062
f 1921/2062 2049/2191 1922/2192 1794/2063
f 1922/2064 2050/2193 2051/2194 1923/2065
f 1923/2065 2051/2194 2052/2195 1924/2066
f 1924/2066 2052/2195 2053/2196 1925/2067
f 1925/2067 2053/2196 2054/2197 1926/2068
f 1926/2068 2054/2197 2055/2198 1927/2069
f 1927/2069 2055/2198 2056/2199 1928/2070
f 1928/2070 2056/2199 2057/2200 1929/2071
f 1929/2071 2057/2200 2058/2201 1930/2072
f 1930/2072 2058/2201 2059/2202 1931/2073
f 1931/2073 2059/2202 2060/2203 1932/2074
f 1932/2074 2060/2203 2061/2204 1933/2075
f 1933/2075 2061/2204 2062/2205 1934/2076
f 1934/2076 2062/2205 2063/2206 1935/2077
f 1935/2077 2063/2206 2064/2207 1936/2078
f 1936/2078 2064/2207 2065/2208 1937/2079
f 1937/2079 2065/2208 2066/2209 1938/2080
f 1938/2080 2066/2209 2067/2210 1939/2081
f 1939/2081 2067/2210 2068/2211 1940/2082
f 1940/2082 2068/2211 2069/2212 1941/2083
f 1941/2083 2069/2212 2070/2213 1942/2084
f 1942/2084 2070/2213 2071/2214 1943/2085
f 1943/2085 2071/2214 2072/2215 1944/2086
f 1944/2086 2072/2215 2073/2216 1945/2087
f 1945/2087 2073/2216 2074/2217 1946/2088
f 1946/2088 2074/2217 2075/2218 1947/2089
f 1947/2089 2075/2218 2076/2219 1948/2090
f 1948/2090 2076/2219 2077/2220 1949/2091
f 1949/2091 2077/2220 2078/2221 1950/2092
f 1950/2092 2078/2221 2079/2222 1951/2093
f 1951/2093 2079/2222 2080/2223 1952/2094
f 1952/2094 2080/2223 2081/2224 1953/2095
f 1953/2095 2081/2224 2082/2225 1954/2096
f 1954/2096 2082/2225 2083/2226 1955/2097
f 1955/2097 2083/2226 2084/2227 1956/2098
f 1956/2098 2084/2227 2085/2228 1957/2099
f 1957/2099 2085/2228 2086/2229 1958/2100
f 1958/2100 2086/2229 2087/2230 1959/2101
f 1959/2101 2087/2230 2088/2231 1960/2102
f 1960/2102 2088/2231 2089/2232 1961/2103
f 1961/2103 2089/2232 2090/2233 1962/2104
f 1962/2104 2090/2233 2091/2234 1963/2105
f 1963/2105 2091/2234 2092/2235 1964/2106
f 1964/2106 2092/2235 2093/2236 1965/2107
f 1965/2107 2093/2236 2094/2237 1966/2108
f 1966/2108 2094/2237 2095/2238 1967/2109
f 1967/2109 2095/2238 2096/2239 1968/2110
f 1968/2110 2096/2239 2097/2240 1969/2111
f 1969/2111 2097/2240 2098/2241 1970/2112
f 1970/2112 2098/2241 2099/2242 1971/2113
f 1971/2113 2099/2242 2100/2243 1972/2114
f 1972/2114 2100/2243 2101/2244 1973/2115
f 1973/2115 2101/2244 2102/2245 1974/2116
f 1974/2116 2102/2245 2103/2246 1975/2117
f 1975/2117 2103/2246 2104/2247 1976/2118
f 1976/2118 2104/2247 2105/2248 1977/2119
f 1977/2119 2105/2248 2106/2249 1978/2120
f 1978/2120 2106/2249 2107/2250 1979/2121
f 1979/2121 2107/2250 2108/2251 1980/2122
f 1980/2122 2108/2251 2109/2252 1981/2123
f 1981/2123 2109/2252 2110/2253 1982/2124
f 1982/2124 2110/2253 2111/2254 1983/2125
f 1983/2125 2111/2254 2112/2255 1984/2126
f 1984/2126 2112/2255 2113/2256 1985/2127
f 1985/2127 2113/2256 2114/2257 1986/2128
f 1986/2128 2114/2257 2115/2258 1987/2129
f 1987/2129 2115/2258 2116/2259 1988/2130
f 1988/2130 2116/2259 2117/2260 1989/2131
f 1989/2131 2117/2260 2118/2261 1990/2132
f 1990/2132 2118/2261 2119/2262 1991/2133
f 1991/2133 2119/2262 2120/2263 1992/2134
f 1992/2134 2120/2263 2121/2264 1993/2135
f 1993/2135 2121/2264 2122/2265 1994/2136
f 1994/2136 2122/2265 2123/2266 1995/2137
f 1995/2137 2123/2266 2124/2267 1996/2138
f 1996/2138 2124/2267 2125/2268 1997/2139
f 1997/2139 2125/2268 2126/2269 1998/2140
f 1998/2140 2126/2269 2127/2270 1999/2141
f 1999/2141 2127/2270 2128/2271 2000/2142
f 2000/2142 2128/2271 2129/2272 2001/2143
f 2001/2143 2129/2272 2130/2273 2002/2144
f 2002/2144 2130/2273 2131/2274 2003/2145
f 2003/2145 2131/2274 2132/2275 2004/2146
f 2004/2146 2132/2275 2133/2276 2005/2147
f 2005/2147 2133/2276 2134/2277 2006/2148
f 2006/2148 2134/2277 2135/2278 2007/2149
f 2007/2149 2135/2278 2136/2279 2008/2150
f 2008/2150 2136/2279 2137/2280 2009/2151
f 2009/2151 2137/2280 2138/2281 2010/2152
f 2010/2152 2138/2281 2139/2282 2011/2153
f 2011/2153 2139/2282 2140/2283 2012/2154
f 2012/2154 2140/2283 2141/2284 2013/2155
f 2013/2155 2141/2284 2142/2285 2014/2156
f 2014/2156 2142/2285 2143/2286 2015/2157
f 2015/2157 2143/2286 2144/2287 2016/2158
f 2016/2158 2144/2287 2145/2288 2017/2159
f 2017/2159 2145/2288 2146/2289 2018/2160
f 2018/2160 2146/2289 2147/2290 2019/2161
f 2019/2161 2147/2290 2148/2291 2020/2162
f 2020/2162 2148/2291 2149/2292 2021/2163
f 2021/2163 2149/2292 2150/2293 2022/2164
f 2022/2164 2150/2293 2151/2294 2023/2165
f 2023/2165 2151/2294 2152/2295 2024/2166
f 2024/2166 2152/2295 2153/2296 2025/2167
f 2025/2167 2153/2296 2154/2297 2026/2168
f 2026/2168 2154/2297 2155/2298 2027/2169
f 2027/2169 2155/2298 2156/2299 2028/2170
f 2028/2170 2156/2299 2157/2300 2029/2171
f 2029/2171 2157/2300 2158/2301 2030/2172
f 2030/2172 2158/2301 2159/2302 2031/2173
f 2031/2173 2159/2302 2160/2303 2032/2174
f 2032/2174 2160/2303 2161/2304 2033/2175
f 2033/2175 2161/2304 2162/2305 2034/2176
f 2034/2176 2162/2305 2163/2306 2035/2177
f 2035/2177 2163/2306 2164/2307 2036/2178
f 2036/2178 2164/2307 2165/2308 2037/2179
f 2037/2179 2165/2308 2166/2309 2038/2180
f 2038/2180 2166/2309 2167/2310 2039/2181
f 2039/2181 2167/2310 2168/2311 2040/2182
f 2040/2182 2168/2311 2169/2312 2041/2183
f 2041/2183 2169/2312 2170/2313 2042/2184
f 2042/2184 2170/2313 2171/2314 2043/2185
f 2043/2185 2171/2314 2172/2315 2044/2186
f 2044/2186 2172/2315 2173/2316 2045/2187
f 2045/2187 2173/2316 2174/2317 2046/2188
f 2046/2188 2174/2317 2175/2318 2047/2189
f 2047/2189 2175/2318 2176/2319 2048/2190
f 2048/2190 2176/2319 2177/2320 2049/2191
f 2049/2191 2177/2320 2050/2321 1922/2192
f 2050/2193 2178/2322 2179/2323 2051/2194
f 2051/2194 2179/2323 2180/2324 2052/2195
f 2052/2195 2180/2324 2181/2325 2053/2196
f 2053/2196 2181/2325 2182/2326 2054/2197
f 2054/2197 2182/2326 2183/2327 2055/2198
f 2055/2198 2183/2327 2184/2328 2056/2199
f 2056/2199 2184/2328 2185/2329 2057/2200
f 2057/2200 2185/2329 2186/2330 2058/2201
f 2058/2201 2186/2330 2187/2331 2059/2202
f 2059/2202 2187/2331 2188/2332 2060/2203
f 2060/2203 2188/2332 2189/2333 2061/2204
f 2061/2204 2189/2333 2190/2334 2062/2205
f 2062/2205 2190/2334 2191/2335 2063/2206
f 2063/2206 2191/2335 2192/2336 2064/2207
f 2064/2207 2192/2336 2193/2337 2065/2208
f 2065/2208 2193/2337 2194/2338 2066/2209
f 2066/2209 2194/2338 2195/2339 2067/2210
f 2067/2210 2195/2339 2196/2340 2068/2211
f 2068/2211 2196/2340 2197/2341 2069/2212
f 2069/2212 2197/2341 2198/2342 2070/2213
f 2070/2213 2198/2342 2199/2343 2071/2214
f 2071/2214 2199/2343 2200/2344 2072/2215
f 2072/2215 2200/2344 2201/2345 2073/2216
f 2073/2216 2201/2345 2202/2346 2074/2217
f 2074/2217 2202/2346 2203/2347 2075/2218
f 2075/2218 2203/2347 2204/2348 2076/2219
f 2076/2219 2204/2348 2205/2349 2077/2220
f 2077/2220 2205/2349 2206/2350 2078/2221
f 2078/2221 2206/2350 2207/2351 2079/2222
f 2079/2222 2207/2351 2208/2352 2080/2223
f 2080/2223 2208/2352 2209/2353 2081/2224
f 2081/2224 2209/2353 2210/2354 2082/2225
f 2082/2225 2210/2354 2211/2355 2083/2226
f 2083/2226 2211/2355 2212/2356 2084/2227
f 2084/2227 2212/2356 2213/2357 2085/2228
f 2085/2228 2213/2357 2214/2358 2086/2229
f 2086/2229 2214/2358 2215/2359 2087/2230
f 2087/2230 2215/2359 2216/2360 2088/2231
f 2088/2231 2216/2360 2217/2361 2089/2232
f 2089/2232 2217/2361 2218/2362 2090/2233
f 2090/2233 2218/2362 2219/2363 2091/2234
f 2091/2234 2219/2363 2220/2364 2092/2235
f 2092/2235 2220/2364 2221/2365 2093/2236
f 2093/2236 2221/2365 2222/2366 2094/2237
f 2094/2237 2222/2366 2223/2367 2095/2238
f 2095/2238 2223/2367 2224/2368 2096/2239
f 2096/2239 2224/2368 2225/2369 2097/2240
f 2097/2240 2225/2369 2226/2370 2098/2241
f 2098/2241 2226/2370 2227/2371 2099/2242
f 2099/2242 2227/2371 2228/2372 2100/2243
f 2100/2243 2228/2372 2229/2373 2101/2244
f 2101/2244 2229/2373 2230/2374 2102/2245
f 2102/2245 2230/2374 2231/2375 2103/2246
f 2103/2246 2231/2375 2232/2376 2104/2247
f 2104/2247 2232/2376 2233/2377 2105/2248
f 2105/2248 2233/2377 2234/2378 2106/2249
f 2106/2249 2234/2378 2235/2379 2107/2250
f 2107/2250 2235/2379 2236/2380 2108/2251
f 2108/2251 2236/2380 2237/2381 2109/2252
f 2109/2252 2237/2381 2238/2382 2110/2253
f 2110/2253 2238/2382 2239/2383 2111/2254
f 2111/2254 2239/2383 2240/2384 2112/2255
f 2112/2255 2240/2384 2241/2385 2113/2256
f 2113/2256 2241/2385 2242/2386 2114/2257
f 2114/2257 2242/2386 2243/2387 2115/2258
f 2115/2258 2243/2387 2244/2388 2116/2259
f 2116/2259 2244/2388 2245/2389 2117/2260
f 2117/2260 2245/2389 2246/2390 2118/2261
f 2118/2261 2246/2390 2247/2391 2119/2262
f 2119/2262 2247/2391 2248/2392 2120/2263
f 2120/2263 2248/2392 2249/2393 2121/2264
f 2121/2264 2249/2393 2250/2394 2122/2265
f 2122/2265 2250/2394 2251/2395 2123/2266
f 2123/2266 2251/2395 2252/2396 2124/2267
f 2124/2267 2252/2396 2253/2397 2125/2268
f 2125/2268 2253/2397 2254/2398 2126/2269
f 2126/2269 2254/2398 2255/2399 2127/2270
f 2127/2270 2255/2399 2256/2400 2128/2271
f 2128/2271 2256/2400 2257/2401 2129/2272
f 2129/2272 2257/2401 2258/2402 2130/2273
f 2130/2273 2258/2402 2259/2403 2131/2274
f 2131/2274 2259/2403 2260/2404 2132/2275
f 2132/2275 2260/2404 2261/2405 2133/2276
f 2133/2276 2261/2405 2262/2406 2134/2277
f 2134/2277 2262/2406 2263/2407 2135/2278
f 2135/2278 2263/2407 2264/2408 2136/2279
f 2136/2279 2264/2408 2265/2409 2137/2280
f 2137/2280 2265/2409 2266/2410 2138/2281
f 2138/2281 2266/2410 2267/2411 2139/2282
f 2139/2282 2267/2411 2268/2412 2140/2283
f 2140/2283 2268/2412 2269/2413 2141/2284
f 2141/2284 2269/2413 2270/2414 2142/2285
f 2142/2285 2270/2414 2271/2415 2143/2286
f 2143/2286 2271/2415 2272/2416 2144/2287
f 2144/2287 2272/2416 2273/2417 2145/2288
f 2145/2288 2273/2417 2274/2418 2146/2289
f 2146/2289 2274/2418 2275/2419 2147/2290
f 2147/2290 2275/2419 2276/2420 2148/2291
f 2148/2291 2276/2420 2277/2421 2149/2292
f 2149/2292 2277/2421 2278/2422 2150/2293
f 2150/2293 2278/2422 2279/2423 2151/2294
f 2151/2294 2279/2423 2280/2424 2152/2295
f 2152/2295 2280/2424 2281/2425 2153/2296
f 2153/2296 2281/2425 2282/2426 2154/2297
f 2154/2297 2282/2426 2283/2427 2155/2298
f 2155/2298 2283/2427 2284/2428 2156/2299
f 2156/2299 2284/2428 2285/2429 2157/2300
f 2157/2300 2285/2429 2286/2430 2158/2301
f 2158/2301 2286/2430 2287/2431 2159/2302
f 2159/2302 2287/2431 2288/2432 2160/2303
f 2160/2303 2288/2432 2289/2433 2161/2304
f 2161/2304 2289/2433 2290/2434 2162/2305
f 2162/2305 2290/2434 2291/2435 2163/2306
f 2163/2306 2291/2435 2292/2436 2164/2307
f 2164/2307 2292/2436 2293/2437 2165/2308
f 2165/2308 2293/2437 2294/2438 2166/2309
f 2166/2309 2294/2438 2295/2439 2167/2310
f 2167/2310 2295/2439 2296/2440 2168/2311
f 2168/2311 2296/2440 2297/2441 2169/2312
f 2169/2312 2297/2441 2298/2442 2170/2313
f 2170/2313 2298/2442 2299/2443 2171/2314
f 2171/2314 2299/2443 2300/2444 2172/2315
f 2172/2315 2300/2444 2301/2445 2173/2316
f 2173/2316 2301/2445 2302/2446 2174/2317
f 2174/2317 2302/2446 2303/2447 2175/2318
f 2175/2318 2303/2447 2304/2448 2176/2319
f 2176/2319 2304/2448 2305/2449 2177/2320
f 2177/2320 2305/2449 2178/2450 2050/2321
f 2178/2322 2306/2451 2307/2452 2179/2323
f 2179/2323 2307/2452 2308/2453 2180/2324
f 2180/2324 2308/2453 2309/2454 2181/2325
f 2181/2325 2309/2454 2310/2455 2182/2326
f 2182/2326 2310/2455 2311/2456 2183/2327
f 2183/2327 2311/2456 2312/2457 2184/2328
f 2184/2328 2312/2457 2313/2458 2185/2329
f 2185/2329 2313/2458 2314/2459 2186/2330
f 2186/2330 2314/2459 2315/2460 2187/2331
f 2187/2331 2315/2460 2316/2461 2188/2332
f 2188/2332 2316/2461 2317/2462 2189/2333
f 2189/2333 2317/2462 2318/2463 2190/2334
f 2190/2334 2318/2463 2319/2464 2191/2335
f 2191/2335 2319/2464 2320/2465 2192/2336
f 2192/2336 2320/2465 2321/2466 2193/2337
f 2193/2337 2321/2466 2322/2467 2194/2338
f 2194/2338 2322/2467 2323/2468 2195/2339
f 2195/2339 2323/2468 2324/2469 2196/2340
f 2196/2340 2324/2469 2325/2470 2197/2341
f 2197/2341 2325/2470 2326/2471 2198/2342
f 2198/2342 2326/2471 2327/2472 2199/2343
f 2199/2343 2327/2472 2328/2473 2200/2344
f 2200/2344 2328/2473 2329/2474 2201/2345
f 2201/2345 2329/2474 2330/2475 2202/2346
f 2202/2346 2330/2475 2331/2476 2203/2347
f 2203/2347 2331/2476 2332/2477 2204/2348
f 2204/2348 2332/2477 2333/2478 2205/2349
f 2205/2349 2333/2478 2334/2479 2206/2350
f 2206/2350 2334/2479 2335/2480 2207/2351
f 2207/2351 2335/2480 2336/2481 2208/2352
f 2208/2352 2336/2481 2337/2482 2209/2353
f 2209/2353 2337/2482 2338/2483 2210/2354
f 2210/2354 2338/2483 2339/2484 2211/2355
f 2211/2355 2339/2484 2340/2485 2212/2356
f 2212/2356 2340/2485 2341/2486 2213/2357
f 2213/2357 2341/2486 2342/2487 2214/2358
f 2214/2358 2342/2487 2343/2488 2215/2359
f 2215/2359 2343/2488 2344/2489 2216/2360
f 2216/2360 2344/2489 2345/2490 2217/2361
f 2217/2361 2345/2490 2346/2491 2218/2362
f 2218/2362 2346/2491 2347/2492 2219/2363
f 2219/2363 2347/2492 2348/2493 2220/2364
f 2220/2364 2348/2493 2349/2494 2221/2365
f 2221/2365 2349/2494 2350/2495 2222/2366
f 2222/2366 2350/2495 2351/2496 2223/2367
f 2223/2367 2351/2496 2352/2497 2224/2368
f 2224/2368 2352/2497 2353/2498 2225/2369
f 2225/2369 2353/2498 2354/2499 2226/2370
f 2226/2370 2354/2499 2355/2500 2227/2371
f 2227/2371 2355/2500 2356/2501 2228/2372
f 2228/2372 2356/2501 2357/2502 2229/2373
f 2229/2373 2357/2502 2358/2503 2230/2374
f 2230/2374 2358/2503 2359/2504 2231/2375
f 2231/2375 2359/2504 2360/2505 2232/2376
f 2232/2376 2360/2505 2361/2506 2233/2377
f 2233/2377 2361/2506 2362/2507 2234/2378
f 2234/2378 2362/2507 2363/2508 2235/2379
f 2235/2379 2363/2508 2364/2509 2236/2380
f 2236/2380 2364/2509 2365/2510 2237/2381
f 2237/2381 2365/2510 2366/2511 2238/2382
f 2238/2382 2366/2511 2367/2512 2239/2383
f 2239/2383 2367/2512 2368/2513 2240/2384
f 2240/2384 2368/2513 2369/2514 2241/2385
f 2241/2385 2369/2514 2370/2515 2242/2386
f 2242/2386 2370/2515 2371/2516 2243/2387
f 2243/2387 2371/2516 2372/2517 2244/2388
f 2244/2388 2372/2517 2373/2518 2245/2389
f 2245/2389 2373/2518 2374/2519 2246/2390
f 2246/2390 2374/2519 2375/2520 2247/2391
f 2247/2391 2375/2520 2376/2521 2248/2392
f 2248/2392 2376/2521 2377/2522 2249/2393
f 2249/2393 2377/2522 2378/2523 2250/2394
f 2250/2394 2378/2523 2379/2524 2251/2395
f 2251/2395 2379/2524 2380/2525 2252/2396
f 2252/2396 2380/2525 2381/2526 2253/2397
f 2253/2397 2381/2526 2382/2527 2254/2398
f 2254/2398 2382/2527 2383/2528 2255/2399
f 2255/2399 2383/2528 2384/2529 2256/2400
f 2256/2400 2384/2529 2385/2530 2257/2401
f 2257/2401 2385/2530 2386/2531 2258/2402
f 2258/2402 2386/2531 2387/2532 2259/2403
f 2259/2403 2387/2532 2388/2533 2260/2404
f 2260/2404 2388/2533 2389/2534 2261/2405
f 2261/2405 2389/2534 2390/2535 2262/2406
f 2262/2406 2390/2535 2391/2536 2263/2407
f 2263/2407 2391/2536 2392/2537 2264/2408
f 2264/2408 2392/2537 2393/2538 2265/2409
f 2265/2409 2393/2538 2394/2539 2266/2410
f 2266/2410 2394/2539 2395/2540 2267/2411
f 2267/2411 2395/2540 2396/2541 2268/2412
f 2268/2412 2396/2541 2397/2542 2269/2413
f 2269/2413 2397/2542 2398/2543 2270/2414
f 2270/2414 2398/2543 2399/2544 2271/2415
f 2271/2415 2399/2544 2400/2545 2272/2416
f 2272/2416 2400/2545 2401/2546 2273/2417
f 2273/2417 2401/2546 2402/2547 2274/2418
f 2274/2418 2402/2547 2403/2548 2275/2419
f 2275/2419 2403/2548 2404/2549 2276/2420
f 2276/2420 2404/2549 2405/2550 2277/2421
f 2277/2421 2405/2550 2406/2551 2278/2422
f 2278/2422 2406/2551 2407/2552 2279/2423
f 2279/2423 2407/2552 2408/2553 2280/2424
f 2280/2424 2408/2553 2409/2554 2281/2425
f 2281/2425 2409/2554 2410/2555 2282/2426
f 2282/2426 2410/2555 2411/2556 2283/2427
f 2283/2427 2411/2556 2412/2557 2284/2428
f 2284/2428 2412/2557 2413/2558 2285/2429
f 2285/2429 2413/2558 2414/2559 2286/2430
f 2286/2430 2414/2559 2415/2560 2287/2431
f 2287/2431 2415/2560 2416/2561 2288/2432
f 2288/2432 2416/2561 2417/2562 2289/2433
f 2289/2433 2417/2562 2418/2563 2290/2434
f 2290/2434 2418/2563 2419/2564 2291/2435
f 2291/2435 2419/2564 2420/2565 2292/2436
f 2292/2436 2420/2565 2421/2566 2293/2437
f 2293/2437 2421/2566 2422/2567 2294/2438
f 2294/2438 2422/2567 2423/2568 2295/2439
f 2295/2439 2423/2568 2424/2569 2296/2440
f 2296/2440 2424/2569 2425/2570 2297/2441
f 2297/2441 2425/2570 2426/2571 2298/2442
f 2298/2442 2426/2571 2427/2572 2299/2443
f 2299/2443 2427/2572 2428/2573 2300/2444
f 2300/2444 2428/2573 2429/2574 2301/2445
f 2301/2445 2429/2574 2430/2575 2302/2446
f 2302/2446 2430/2575 2431/2576 2303/2447
f 2303/2447 2431/2576 2432/2577 2304/2448
f 2304/2448 2432/2577 2433/2578 2305/2449
f 2305/2449 2433/2578 2306/2579 2178/2450
f 2306/2451 2434/2580 2435/2581 2307/2452
f 2307/2452 2435/2581 2436/2582 2308/2453
f 2308/2453 2436/2582 2437/2583 2309/2454
f 2309/2454 2437/2583 2438/2584 2310/2455
f 2310/2455 2438/2584 2439/2585 2311/2456
f 2311/2456 2439/2585 2440/2586 2312/2457
f 2312/2457 2440/2586 2441/2587 2313/2458
f 2313/2458 2441/2587 2442/2588 2314/2459
f 2314/2459 2442/2588 2443/2589 2315/2460
f 2315/2460 2443/2589 2444/2590 2316/2461
f 2316/2461 2444/2590 2445/2591 2317/2462
f 2317/2462 2445/2591 2446/2592 2318/2463
f 2318/2463 2446/2592 2447/2593 2319/2464
f 2319/2464 2447/2593 2448/2594 2320/2465
f 2320/2465 2448/2594 2449/2595 2321/2466
f 2321/2466 2449/2595 2450/2596 2322/2467
f 2322/2467 2450/2596 2451/2597 2323/2468
f 2323/2468 2451/2597 2452/2598 2324/2469
f 2324/2469 2452/2598 2453/2599 2325/2470
f 2325/2470 2453/2599 2454/2600 2326/2471
f 2326/2471 2454/2600 2455/2601 2327/2472
f 2327/2472 2455/2601 2456/2602 2328/2473
f 2328/2473 2456/2602 2457/2603 2329/2474
f 2329/2474 2457/2603 2458/2604 2330/2475
f 2330/2475 2458/2604 2459/2605 2331/2476
f 2331/2476 2459/2605 2460/2606 2332/2477
f 2332/2477 2460/2606 2461/2607 2333/2478
f 2333/2478 2461/2607 2462/2608 2334/2479
f 2334/2479 2462/2608 2463/2609 2335/2480
f 2335/2480 2463/2609 2464/2610 2336/2481
f 2336/2481 2464/2610 2465/2611 2337/2482
f 2337/2482 2465/2611 2466/2612 2338/2483
f 2338/2483 2466/2612 2467/2613 2339/2484
f 2339/2484 2467/2613 2468/2614 2340/2485
f 2340/2485 2468/2614 2469/2615 2341/2486
f 2341/2486 2469/2615 2470/2616 2342/2487
f 2342/2487 2470/2616 2471/2617 2343/2488
f 2343/2488 2471/2617 2472/2618 2344/2489
f 2344/2489 2472/2618 2473/2619 2345/2490
f 2345/2490 2473/2619 2474/2620 2346/2491
f 2346/2491 2474/2620 2475/2621 2347/2492
f 2347/2492 2475/2621 2476/2622 2348/2493
f 2348/2493 2476/2622 2477/2623 2349/2494
f 2349/2494 2477/2623 2478/2624 2350/2495
f 2350/2495 2478/2624 2479/2625 2351/2496
f 2351/2496 2479/2625 2480/2626 2352/2497
f 2352/2497 2480/2626 2481/2627 2353/2498
f 2353/2498 2481/2627 2482/2628 2354/2499
f 2354/2499 2482/2628 2483/2629 2355/2500
f 2355/2500 2483/2629 2484/2630 2356/2501
f 2356/2501 2484/2630 2485/2631 2357/2502
f 2357/2502 2485/2631 2486/2632 2358/2503
f 2358/2503 2486/2632 2487/2633 2359/2504
f 2359/2504 2487/2633 2488/2634 2360/2505
f 2360/2505 2488/2634 2489/2635 2361/2506
f 2361/2506 2489/2635 2490/2636 2362/2507
f 2362/2507 2490/2636 2491/2637 2363/2508
f 2363/2508 2491/2637 2492/2638 2364/2509
f 2364/2509 2492/2638 2493/2639 2365/2510
f 2365/2510 2493/2639 2494/2640 2366/2511
f 2366/2511 2494/2640 2495/2641 2367/2512
f 2367/2512 2495/2641 2496/2642 2368/2513
f 2368/2513 2496/2642 2497/2643 2369/2514
f 2369/2514 2497/2643 2498/2644 2370/2515
f 2370/2515 2498/2644 2499/2645 2371/2516
f 2371/2516 2499/2645 2500/2646 2372/2517
f 2372/2517 2500/2646 2501/2647 2373/2518
f 2373/2518 2501/2647 2502/2648 2374/2519
f 2374/2519 2502/2648 2503/2649 2375/2520
f 2375/2520 2503/2649 2504/2650 2376/2521
f 2376/2521 2504/2650 2505/2651 2377/2522
f 2377/2522 2505/2651 2506/2652 2378/2523
f 2378/2523 2506/2652 2507/2653 2379/2524
f 2379/2524 2507/2653 2508/2654 2380/2525
f 2380/2525 2508/2654 2509/2655 2381/2526
f 2381/2526 2509/2655 2510/2656 2382/2527
f 2382/2527 2510/2656 2511/2657 2383/2528
f 2383/2528 2511/2657 2512/2658 2384/2529
f 2384/2529 2512/2658 2513/2659 2385/2530
f 2385/2530 2513/2659 2514/2660 2386/2531
f 2386/2531 2514/2660 2515/2661 2387/2532
f 2387/2532 2515/2661 2516/2662 2388/2533
f 2388/2533 2516/2662 2517/2663 2389/2534
f 2389/2534 2517/2663 2518/2664 2390/2535
f 2390/2535 2518/2664 2519/2665 2391/2536
f 2391/2536 2519/2665 2520/2666 2392/2537
f 2392/2537 2520/2666 2521/2667 2393/2538
f 2393/2538 2521/2667 2522/2668 2394/2539
f 2394/2539 2522/2668 2523/2669 2395/2540
f 2395/2540 2523/2669 2524/2670 2396/2541
f 2396/2541 2524/2670 2525/2671 2397/2542
f 2397/2542 2525/2671 2526/2672 2398/2543
f 2398/2543 2526/2672 2527/2673 2399/2544
f 2399/2544 2527/2673 2528/2674 2400/2545
f 2400/2545 2528/2674 2529/2675 2401/2546
f 2401/2546 2529/2675 2530/2676 2402/2547
f 2402/2547 2530/2676 2531/2677 2403/2548
f 2403/2548 2531/2677 2532/2678 2404/2549
f 2404/2549 2532/2678 2533/2679 2405/2550
f 2405/2550 2533/2679 2534/2680 2406/2551
f 2406/2551 2534/2680 2535/2681 2407/2552
f 2407/2552 2535/2681 2536/2682 2408/2553
f 2408/2553 2536/2682 2537/2683 2409/2554
f 2409/2554 2537/2683 2538/2684 2410/2555
f 2410/2555 2538/2684 2539/2685 2411/2556
f 2411/2556 2539/2685 2540/2686 2412/2557
f 2412/2557 2540/2686 2541/2687 2413/2558
f 2413/2558 2541/2687 2542/2688 2414/2559
f 2414/2559 2542/2688 2543/2689 2415/2560
f 2415/2560 2543/2689 2544/2690 2416/2561
f 2416/2561 2544/2690 2545/2691 2417/2562
f 2417/2562 2545/2691 2546/2692 2418/2563
f 2418/2563 2546/2692 2547/2693 2419/2564
f 2419/2564 2547/2693 2548/2694 2420/2565
f 2420/2565 2548/2694 2549/2695 2421/2566
f 2421/2566 2549/2695 2550/2696 2422/2567
f 2422/2567 2550/2696 2551/2697 2423/2568
f 2423/2568 2551/2697 2552/2698 2424/2569
f 2424/2569 2552/2698 2553/2699 2425/2570
f 2425/2570 2553/2699 2554/2700 2426/2571
f 2426/2571 2554/2700 2555/2701 2427/2572
f 2427/2572 2555/2701 2556/2702 2428/2573
f 2428/2573 2556/2702 2557/2703 2429/2574
f 2429/2574 2557/2703 2558/2704 2430/2575
f 2430/2575 2558/2704 2559/2705 2431/2576
f 2431/2576 2559/2705 2560/2706 2432/2577
f 2432/2577 2560/2706 2561/2707 2433/2578
f 2433/2578 2561/2707 2434/2708 2306/2579
f 2434/2580 2562/2709 2563/2710 2435/2581
f 2435/2581 2563/2710 2564/2711 2436/2582
f 2436/2582 2564/2711 2565/2712 2437/2583
f 2437/2583 2565/2712 2566/2713 2438/2584
f 2438/2584 2566/2713 2567/2714 2439/2585
f 2439/2585 2567/2714 2568/2715 2440/2586
f 2440/2586 2568/2715 2569/2716 2441/2587
f 2441/2587 2569/2716 2570/2717 2442/2588
f 2442/2588 2570/2717 2571/2718 2443/2589
f 2443/2589 2571/2718 2572/2719 2444/2590
f 2444/2590 2572/2719 2573/2720 2445/2591
f 2445/2591 2573/2720 2574/2721 2446/2592
f 2446/2592 2574/2721 2575/2722 2447/2593
f 2447/2593 2575/2722 2576/2723 2448/2594
f 2448/2594 2576/2723 2577/2724 2449/2595
f 2449/2595 2577/2724 2578/2725 2450/2596
f 2450/2596 2578/2725 2579/2726 2451/2597
f 2451/2597 2579/2726 2580/2727 2452/2598
f 2452/2598 2580/2727 2581/2728 2453/2599
f 2453/2599 2581/2728 2582/2729 2454/2600
f 2454/2600 2582/2729 2583/2730 2455/2601
f 2455/2601 2583/2730 2584/2731 2456/2602
f 2456/2602 2584/2731 2585/2732 2457/2603
f 2457/2603 2585/2732 2586/2733 2458/2604
f 2458/2604 2586/2733 2587/2734 2459/2605
f 2459/2605 2587/2734 2588/2735 2460/2606
f 2460/2606 2588/2735 2589/2736 2461/2607
f 2461/2607 2589/2736 2590/2737 2462/2608
f 2462/2608 2590/2737 2591/2738 2463/2609
f 2463/2609 2591/2738 2592/2739 2464/2610
f 2464/2610 2592/2739 2593/2740 2465/2611
f 2465/2611 2593/2740 2594/2741 2466/2612
f 2466/2612 2594/2741 2595/2742 2467/2613
f 2467/2613 2595/2742 2596/2743 2468/2614
f 2468/2614 2596/2743 2597/2744 2469/2615
f 2469/2615 2597/2744 2598/2745 2470/2616
f 2470/2616 2598/2745 2599/2746 2471/2617
f 2471/2617 2599/2746 2600/2747 2472/2618
f 2472/2618 2600/2747 2601/2748 2473/2619
f 2473/2619 2601/2748 2602/2749 2474/2620
f 2474/2620 2602/2749 2603/2750 2475/2621
f 2475/2621 2603/2750 2604/2751 2476/2622
f 2476/2622 2604/2751 2605/2752 2477/2623
f 2477/2623 2605/2752 2606/2753 2478/2624
f 2478/2624 2606/2753 2607/2754 2479/2625
f 2479/2625 2607/2754 2608/2755 2480/2626
f 2480/2626 2608/2755 2609/2756 2481/2627
f 2481/2627 2609/2756 2610/2757 2482/2628
f 2482/2628 2610/2757 2611/2758 2483/2629
f 2483/2629 2611/2758 2612/2759 2484/2630
f 2484/2630 2612/2759 2613/2760 2485/2631
f 2485/2631 2613/2760 2614/2761 2486/2632
f 2486/2632 2614/2761 2615/2762 2487/2633
f 2487/2633 2615/2762 2616/2763 2488/2634
f 2488/2634 2616/2763 2617/2764 2489/2635
f 2489/2635 2617/2764 2618/2765 2490/2636
f 2490/2636 2618/2765 2619/2766 2491/2637
f 2491/2637 2619/2766 2620/2767 2492/2638
f 2492/2638 2620/2767 2621/2768 2493/2639
f 2493/2639 2621/2768 2622/2769 2494/2640
f 2494/2640 2622/2769 2623/2770 2495/2641
f 2495/2641 2623/2770 2624/2771 2496/2642
f 2496/2642 2624/2771 2625/2772 2497/2643
f 2497/2643 2625/2772 2626/2773 2498/2644
f 2498/2644 2626/2773 2627/2774 2499/2645
f 2499/2645 2627/2774 2628/2775 2500/2646
f 2500/2646 2628/2775 2629/2776 2501/2647
f 2501/2647 2629/2776 2630/2777 2502/2648
f 2502/2648 2630/2777 2631/2778 2503/2649
f 2503/2649 2631/2778 2632/2779 2504/2650
f 2504/2650 2632/2779 2633/2780 2505/2651
f 2505/2651 2633/2780 2634/2781 2506/2652
f 2506/2652 2634/2781 2635/2782 2507/2653
f 2507/2653 2635/2782 2636/2783 2508/2654
f 2508/2654 2636/2783 2637/2784 2509/2655
f 2509/2655 2637/2784 2638/2785 2510/2656
f 2510/2656 2638/2785 2639/2786 2511/2657
f 2511/2657 2639/2786 2640/2787 2512/2658
f 2512/2658 2640/2787 2641/2788 2513/2659
f 2513/2659 2641/2788 2642/2789 2514/2660
f 2514/2660 2642/2789 2643/2790 2515/2661
f 2515/2661 2643/2790 2644/2791 2516/2662
f 2516/2662 2644/2791 2645/2792 2517/2663
f 2517/2663 2645/2792 2646/2793 2518/2664
f 2518/2664 2646/2793 2647/2794 2519/2665
f 2519/2665 2647/2794 2648/2795 2520/2666
f 2520/2666 2648/2795 2649/2796 2521/2667
f 2521/2667 2649/2796 2650/2797 2522/2668
f 2522/2668 2650/2797 2651/2798 2523/2669
f 2523/2669 2651/2798 2652/2799 2524/2670
f 2524/2670 2652/2799 2653/2800 2525/2671
f 2525/2671 2653/2800 2654/2801 2526/2672
f 2526/2672 2654/2801 2655/2802 2527/2673
f 2527/2673 2655/2802 2656/2803 2528/2674
f 2528/2674 2656/2803 2657/2804 2529/2675
f 2529/2675 2657/2804 2658/2805 2530/2676
f 2530/2676 2658/2805 2659/2806 2531/2677
f 2531/2677 2659/2806 2660/2807 2532/2678
f 2532/2678 2660/2807 2661/2808 2533/2679
f 2533/2679 2661/2808 2662/2809 2534/2680
f 2534/2680 2662/2809 2663/2810 2535/2681
f 2535/2681 2663/2810 2664/2811 2536/2682
f 2536/2682 2664/2811 2665/2812 2537/2683
f 2537/2683 2665/2812 2666/2813 2538/2684
f 2538/2684 2666/2813 2667/2814 2539/2685
f 2539/2685 2667/2814 2668/2815 2540/2686
f 2540/2686 2668/2815 2669/2816 2541/2687
f 2541/2687 2669/2816 2670/2817 2542/2688
f 2542/2688 2670/2817 2671/2818 2543/2689
f 2543/2689 2671/2818 2672/2819 2544/2690
f 2544/2690 2672/2819 2673/2820 2545/2691
f 2545/2691 2673/2820 2674/2821 2546/2692
f 2546/2692 2674/2821 2675/2822 2547/2693
f 2547/2693 2675/2822 2676/2823 2548/2694
f 2548/2694 2676/2823 2677/2824 2549/2695
f 2549/2695 2677/2824 2678/2825 2550/2696
f 2550/2696 2678/2825 2679/2826 2551/2697
f 2551/2697 2679/2826 2680/2827 2552/2698
f 2552/2698 2680/2827 2681/2828 2553/2699
f 2553/2699 2681/2828 2682/2829 2554/2700
f 2554/2700 2682/2829 2683/2830 2555/2701
f 2555/2701 2683/2830 2684/2831 2556/2702
f 2556/2702 2684/2831 2685/2832 2557/2703
f 2557/2703 2685/2832 2686/2833 2558/2704
f 2558/2704 2686/2833 2687/2834 2559/2705
f 2559/2705 2687/2834 2688/2835 2560/2706
f 2560/2706 2688/2835 2689/2836 2561/2707
f 2561/2707 2689/2836 2562/2837 2434/2708
f 2562/2709 2690/2838 2691/2839 2563/2710
f 2563/2710 2691/2839 2692/2840 2564/2711
f 2564/2711 2692/2840 2693/2841 2565/2712
f 2565/2712 2693/2841 2694/2842 2566/2713
f 2566/2713 2694/2842 2695/2843 2567/2714
f 2567/2714 2695/2843 2696/2844 2568/2715
f 2568/2715 2696/2844 2697/2845 2569/2716
f 2569/2716 2697/2845 2698/2846 2570/2717
f 2570/2717 2698/2846 2699/2847 2571/2718
f 2571/2718 2699/2847 2700/2848 2572/2719
f 2572/2719 2700/2848 2701/2849 2573/2720
f 2573/2720 2701/2849 2702/2850 2574/2721
f 2574/2721 2702/2850 2703/2851 2575/2722
f 2575/2722 2703/2851 2704/2852 2576/2723
f 2576/2723 2704/2852 2705/2853 2577/2724
f 2577/2724 2705/2853 2706/2854 2578/2725
f 2578/2725 2706/2854 2707/2855 2579/2726
f 2579/2726 2707/2855 2708/2856 2580/2727
f 2580/2727 2708/2856 2709/2857 2581/2728
f 2581/2728 2709/2857 2710/2858 2582/2729
f 2582/2729 2710/2858 2711/2859 2583/2730
f 2583/2730 2711/2859 2712/2860 2584/2731
f 2584/2731 2712/2860 2713/2861 2585/2732
f 2585/2732 2713/2861 2714/2862 2586/2733
f 2586/2733 2714/2862 2715/2863 2587/2734
f 2587/2734 2715/2863 2716/2864 2588/2735
f 2588/2735 2716/2864 2717/2865 2589/2736
f 2589/2736 2717/2865 2718/2866 2590/2737
f 2590/2737 2718/2866 2719/2867 2591/2738
f 2591/2738 2719/2867 2720/2868 2592/2739
f 2592/2739 2720/2868 2721/2869 2593/2740
f 2593/2740 2721/2869 2722/2870 2594/2741
f 2594/2741 2722/2870 2723/2871 2595/2742
f 2595/2742 2723/2871 2724/2872 2596/2743
f 2596/2743 2724/2872 2725/2873 2597/2744
f 2597/2744 2725/2873 2726/2874 2598/2745
f 2598/2745 2726/2874 2727/2875 2599/2746
f 2599/2746 2727/2875 2728/2876 2600/2747
f 2600/2747 2728/2876 2729/2877 2601/2748
f 2601/2748 2729/2877 2730/2878 2602/2749
f 2602/2749 2730/2878 2731/2879 2603/2750
f 2603/2750 2731/2879 2732/2880 2604/2751
f 2604/2751 2732/2880 2733/2881 2605/2752
f 2605/2752 2733/2881 2734/2882 2606/2753
f 2606/2753 2734/2882 2735/2883 2607/2754
f 2607/2754 2735/2883 2736/2884 2608/2755
f 2608/2755 2736/2884 2737/2885 2609/2756
f 2609/2756 2737/2885 2738/2886 2610/2757
f 2610/2757 2738/2886 2739/2887 2611/2758
f 2611/2758 2739/2887 2740/2888 2612/2759
f 2612/2759 2740/2888 2741/2889 2613/2760
f 2613/2760 2741/2889 2742/2890 2614/2761
f 2614/2761 2742/2890 2743/2891 2615/2762
f 2615/2762 2743/2891 2744/2892 2616/2763
f 2616/2763 2744/2892 2745/2893 2617/2764
f 2617/2764 2745/2893 2746/2894 2618/2765
f 2618/2765 2746/2894 2747/2895 2619/2766
f 2619/2766 2747/2895 2748/2896 2620/2767
f 2620/2767 2748/2896 2749/2897 2621/2768
f 2621/2768 2749/2897 2750/2898 2622/2769
f 2622/2769 2750/2898 2751/2899 2623/2770
f 2623/2770 2751/2899 2752/2900 2624/2771
f 2624/2771 2752/2900 2753/2901 2625/2772
f 2625/2772 2753/2901 2754/2902 2626/2773
f 2626/2773 2754/2902 2755/2903 2627/2774
f 2627/2774 2755/2903 2756/2904 2628/2775
f 2628/2775 2756/2904 2757/2905 2629/2776
f 2629/2776 2757/2905 2758/2906 2630/2777
f 2630/2777 2758/2906 2759/2907 2631/2778
f 2631/2778 2759/2907 2760/2908 2632/2779
f 2632/2779 2760/2908 2761/2909 2633/2780
f 2633/2780 2761/2909 2762/2910 2634/2781
f 2634/2781 2762/2910 2763/2911 2635/2782
f 2635/2782 2763/2911 2764/2912 2636/2783
f 2636/2783 2764/2912 2765/2913 2637/2784
f 2637/2784 2765/2913 2766/2914 2638/2785
f 2638/2785 2766/2914 2767/2915 2639/2786
f 2639/2786 2767/2915 2768/2916 2640/2787
f 2640/2787 2768/2916 2769/2917 2641/2788
f 2641/2788 2769/2917 2770/2918 2642/2789
f 2642/2789 2770/2918 2771/2919 2643/2790
f 2643/2790 2771/2919 2772/2920 2644/2791
f 2644/2791 2772/2920 2773/2921 2645/2792
f 2645/2792 2773/2921 2774/2922 2646/2793
f 2646/2793 2774/2922 2775/2923 2647/2794
f 2647/2794 2775/2923 2776/2924 2648/2795
f 2648/2795 2776/2924 2777/2925 2649/2796
f 2649/2796 2777/2925 2778/2926 2650/2797
f 2650/2797 2778/2926 2779/2927 2651/2798
f 2651/2798 2779/2927 2780/2928 2652/2799
f 2652/2799 2780/2928 2781/2929 2653/2800
f 2653/2800 2781/2929 2782/2930 2654/2801
f 2654/2801 2782/2930 2783/2931 2655/2802
f 2655/2802 2783/2931 2784/2932 2656/2803
f 2656/2803 2784/2932 2785/2933 2657/2804
f 2657/2804 2785/2933 2786/2934 2658/2805
f 2658/2805 2786/2934 2787/2935 2659/2806
f 2659/2806 2787/2935 2788/2936 2660/2807
f 2660/2807 2788/2936 2789/2937 2661/2808
f 2661/2808 2789/2937 2790/2938 2662/2809
f 2662/2809 2790/2938 2791/2939 2663/2810
f 2663/2810 2791/2939 2792/2940 2664/2811
f 2664/2811 2792/2940 2793/2941 2665/2812
f 2665/2812 2793/2941 2794/2942 2666/2813
f 2666/2813 2794/2942 2795/2943 2667/2814
f 2667/2814 2795/2943 2796/2944 2668/2815
f 2668/2815 2796/2944 2797/2945 2669/2816
f 2669/2816 2797/2945 2798/2946 2670/2817
f 2670/2817 2798/2946 2799/2947 2671/2818
f 2671/2818 2799/2947 2800/2948 2672/2819
f 2672/2819 2800/2948 2801/2949 2673/2820
f 2673/2820 2801/2949 2802/2950 2674/2821
f 2674/2821 2802/2950 2803/2951 2675/2822
f 2675/2822 2803/2951 2804/2952 2676/2823
f 2676/2823 2804/2952 2805/2953 2677/2824
f 2677/2824 2805/2953 2806/2954 2678/2825
f 2678/2825 2806/2954 2807/2955 2679/2826
f 2679/2826 2807/2955 2808/2956 2680/2827
f 2680/2827 2808/2956 2809/2957 2681/2828
f 2681/2828 2809/2957 2810/2958 2682/2829
f 2682/2829 2810/2958 2811/2959 2683/2830
f 2683/2830 2811/2959 2812/2960 2684/2831
f 2684/2831 2812/2960 2813/2961 2685/2832
f 2685/2832 2813/2961 2814/2962 2686/2833
f 2686/2833 2814/2962 2815/2963 2687/2834
f 2687/2834 2815/2963 2816/2964 2688/2835
f 2688/2835 2816/2964 2817/2965 2689/2836
f 2689/2836 2817/2965 2690/2966 2562/2837
f 2690/2838 2818/2967 2819/2968 2691/2839
f 2691/2839 2819/2968 2820/2969 2692/2840
f 2692/2840 2820/2969 2821/2970 2693/2841
f 2693/2841 2821/2970 2822/2971 2694/2842
f 2694/2842 2822/2971 2823/2972 2695/2843
f 2695/2843 2823/2972 2824/2973 2696/2844
f 2696/2844 2824/2973 2825/2974 2697/2845
f 2697/2845 2825/2974 2826/2975 2698/2846
f 2698/2846 2826/2975 2827/2976 2699/2847
f 2699/2847 2827/2976 2828/2977 2700/2848
f 2700/2848 2828/2977 2829/2978 2701/2849
f 2701/2849 2829/2978 2830/2979 2702/2850
f 2702/2850 2830/2979 2831/2980 2703/2851
f 2703/2851 2831/2980 2832/2981 2704/2852
f 2704/2852 2832/2981 2833/2982 2705/2853
f 2705/2853 2833/2982 2834/2983 2706/2854
f 2706/2854 2834/2983 2835/2984 2707/2855
f 2707/2855 2835/2984 2836/2985 2708/2856
f 2708/2856 2836/2985 2837/2986 2709/2857
f 2709/2857 2837/2986 2838/2987 2710/2858
f 2710/2858 2838/2987 2839/2988 2711/2859
f 2711/2859 2839/2988 2840/2989 2712/2860
f 2712/2860 2840/2989 2841/2990 2713/2861
f 2713/2861 2841/2990 2842/2991 2714/2862
f 2714/2862 2842/2991 2843/2992 2715/2863
f 2715/2863 2843/2992 2844/2993 2716/2864
f 2716/2864 2844/2993 2845/2994 2717/2865
f 2717/2865 2845/2994 2846/2995 2718/2866
f 2718/2866 2846/2995 2847/2996 2719/2867
f 2719/2867 2847/2996 2848/2997 2720/2868
f 2720/2868 2848/2997 2849/2998 2721/2869
f 2721/2869 2849/2998 2850/2999 2722/2870
f 2722/2870 2850/2999 2851/3000 2723/2871
f 2723/2871 2851/3000 2852/3001 2724/2872
f 2724/2872 2852/3001 2853/3002 2725/2873
f 2725/2873 2853/3002 2854/3003 2726/2874
f 2726/2874 2854/3003 2855/3004 2727/2875
f 2727/2875 2855/3004 2856/3005 2728/2876
f 2728/2876 2856/3005 2857/3006 2729/2877
f 2729/2877 2857/3006 2858/3007 2730/2878
f 2730/2878 2858/3007 2859/3008 2731/2879
f 2731/2879 2859/3008 2860/3009 2732/2880
f 2732/2880 2860/3009 2861/3010 2733/2881
f 2733/2881 2861/3010 2862/3011 2734/2882
f 2734/2882 2862/3011 2863/3012 2735/2883
f 2735/2883 2863/3012 2864/3013 2736/2884
f 2736/2884 2864/3013 2865/3014 2737/2885
f 2737/2885 2865/3014 2866/3015 2738/2886
f 2738/2886 2866/3015 2867/3016 2739/2887
f 2739/2887 2867/3016 2868/3017 2740/2888
f 2740/2888 2868/3017 2869/3018 2741/2889
f 2741/2889 2869/3018 2870/3019 2742/2890
f 2742/2890 2870/3019 2871/3020 2743/2891
f 2743/2891 2871/3020 2872/3021 2744/2892
f 2744/2892 2872/3021 2873/3022 2745/2893
f 2745/2893 2873/3022 2874/3023 2746/2894
f 2746/2894 2874/3023 2875/3024 2747/2895
f 2747/2895 2875/3024 2876/3025 2748/2896
f 2748/2896 2876/3025 2877/3026 2749/2897
f 2749/2897 2877/3026 2878/3027 2750/2898
f 2750/2898 2878/3027 2879/3028 2751/2899
f 2751/2899 2879/3028 2880/3029 2752/2900
f 2752/2900 2880/3029 2881/3030 2753/2901
f 2753/2901 2881/3030 2882/3031 2754/2902
f 2754/2902 2882/3031 2883/3032 2755/2903
f 2755/2903 2883/3032 2884/3033 2756/2904
f 2756/2904 2884/3033 2885/3034 2757/2905
f 2757/2905 2885/3034 2886/3035 2758/2906
f 2758/2906 2886/3035 2887/3036 2759/2907
f 2759/2907 2887/3036 2888/3037 2760/2908
f 2760/2908 2888/3037 2889/3038 2761/2909
f 2761/2909 2889/3038 2890/3039 2762/2910
f 2762/2910 2890/3039 2891/3040 2763/2911
f 2763/2911 2891/3040 2892/3041 2764/2912
f 2764/2912 2892/3041 2893/3042 2765/2913
f 2765/2913 2893/3042 2894/3043 2766/2914
f 2766/2914 2894/3043 2895/3044 2767/2915
f 2767/2915 2895/3044 2896/3045 2768/2916
f 2768/2916 2896/3045 2897/3046 2769/2917
f 2769/2917 2897/3046 2898/3047 2770/2918
f 2770/2918 2898/3047 2899/3048 2771/2919
f 2771/2919 2899/3048 2900/3049 2772/2920
f 2772/2920 2900/3049 2901/3050 2773/2921
f 2773/2921 2901/3050 2902/3051 2774/2922
f 2774/2922 2902/3051 2903/3052 2775/2923
f 2775/2923 2903/3052 2904/3053 2776/2924
f 2776/2924 2904/3053 2905/3054 2777/2925
f 2777/2925 2905/3054 2906/3055 2778/2926
f 2778/2926 2906/3055 2907/3056 2779/2927
f 2779/2927 2907/3056 2908/3057 2780/2928
f 2780/2928 2908/3057 2909/3058 2781/2929
f 2781/2929 2909/3058 2910/3059 2782/2930
f 2782/2930 2910/3059 2911/3060 2783/2931
f 2783/2931 2911/3060 2912/3061 2784/2932
f 2784/2932 2912/3061 2913/3062 2785/2933
f 2785/2933 2913/3062 2914/3063 2786/2934
f 2786/2934 2914/3063 2915/3064 2787/2935
f 2787/2935 2915/3064 2916/3065 2788/2936
f 2788/2936 2916/3065 2917/3066 2789/2937
f 2789/2937 2917/3066 2918/3067 2790/2938
f 2790/2938 2918/3067 2919/3068 2791/2939
f 2791/2939 2919/3068 2920/3069 2792/2940
f 2792/2940 2920/3069 2921/3070 2793/2941
f 2793/2941 2921/3070 2922/3071 2794/2942
f 2794/2942 2922/3071 2923/3072 2795/2943
f 2795/2943 2923/3072 2924/3073 2796/2944
f 2796/2944 2924/3073 2925/3074 2797/2945
f 2797/2945 2925/3074 2926/3075 2798/2946
f 2798/2946 2926/3075 2927/3076 2799/2947
f 2799/2947 2927/3076 2928/3077 2800/2948
f 2800/2948 2928/3077 2929/3078 2801/2949
f 2801/2949 2929/3078 2930/3079 2802/2950
f 2802/2950 2930/3079 2931/3080 2803/2951
f 2803/2951 2931/3080 2932/3081 2804/2952
f 2804/2952 2932/3081 2933/3082 2805/2953
f 2805/2953 2933/3082 2934/3083 2806/2954
f 2806/2954 2934/3083 2935/3084 2807/2955
f 2807/2955 2935/3084 2936/3085 2808/2956
f 2808/2956 2936/3085 2937/3086 2809/2957
f 2809/2957 2937/3086 2938/3087 2810/2958
f 2810/2958 2938/3087 2939/3088 2811/2959
f 2811/2959 2939/3088 2940/3089 2812/2960
f 2812/2960 2940/3089 2941/3090 2813/2961
f 2813/2961 2941/3090 2942/3091 2814/2962
f 2814/2962 2942/3091 2943/3092 2815/2963
f 2815/2963 2943/3092 2944/3093 2816/2964
f 2816/2964 2944/3093 2945/3094 2817/2965
f 2817/2965 2945/3094 2818/3095 2690/2966
f 2818/2967 2946/3096 2947/3097 2819/2968
f 2819/2968 2947/3097 2948/3098 2820/2969
f 2820/2969 2948/3098 2949/3099 2821/2970
f 2821/2970 2949/3099 2950/3100 2822/2971
f 2822/2971 2950/3100 2951/3101 2823/2972
f 2823/2972 2951/3101 2952/3102 2824/2973
f 2824/2973 2952/3102 2953/3103 2825/2974
f 2825/2974 2953/3103 2954/3104 2826/2975
f 2826/2975 2954/3104 2955/3105 2827/2976
f 2827/2976 2955/3105 2956/3106 2828/2977
f 2828/2977 2956/3106 2957/3107 2829/2978
f 2829/2978 2957/3107 2958/3108 2830/2979
f 2830/2979 2958/3108 2959/3109 2831/2980
f 2831/2980 2959/3109 2960/3110 2832/2981
f 2832/2981 2960/3110 2961/3111 2833/2982
f 2833/2982 2961/3111 2962/3112 2834/2983
f 2834/2983 2962/3112 2963/3113 2835/2984
f 2835/2984 2963/3113 2964/3114 2836/2985
f 2836/2985 2964/3114 2965/3115 2837/2986
f 2837/2986 2965/3115 2966/3116 2838/2987
f 2838/2987 2966/3116 2967/3117 2839/2988
f 2839/2988 2967/3117 2968/3118 2840/2989
f 2840/2989 2968/3118 2969/3119 2841/2990
f 2841/2990 2969/3119 2970/3120 2842/2991
f 2842/2991 2970/3120 2971/3121 2843/2992
f 2843/2992 2971/3121 2972/3122 2844/2993
f 2844/2993 2972/3122 2973/3123 2845/2994
f 2845/2994 2973/3123 2974/3124 2846/2995
f 2846/2995 2974/3124 2975/3125 2847/2996
f 2847/2996 2975/3125 2976/3126 2848/2997
f 2848/2997 2976/3126 2977/3127 2849/2998
f 2849/2998 2977/3127 2978/3128 2850/2999
f 2850/2999 2978/3128 2979/3129 2851/3000
f 2851/3000 2979/3129 2980/3130 2852/3001
f 2852/3001 2980/3130 2981/3131 2853/3002
f 2853/3002 2981/3131 2982/3132 2854/3003
f 2854/3003 2982/3132 2983/3133 2855/3004
f 2855/3004 2983/3133 2984/3134 2856/3005
f 2856/3005 2984/3134 2985/3135 2857/3006
f 2857/3006 2985/3135 2986/3136 2858/3007
f 2858/3007 2986/3136 2987/3137 2859/3008
f 2859/3008 2987/3137 2988/3138 2860/3009
f 2860/3009 2988/3138 2989/3139 2861/3010
f 2861/3010 2989/3139 2990/3140 2862/3011
f 2862/3011 2990/3140 2991/3141 2863/3012
f 2863/3012 2991/3141 2992/3142 2864/3013
f 2864/3013 2992/3142 2993/3143 2865/3014
f 2865/3014 2993/3143 2994/3144 2866/3015
f 2866/3015 2994/3144 2995/3145 2867/3016
f 2867/3016 2995/3145 2996/3146 2868/3017
f 2868/3017 2996/3146 2997/3147 2869/3018
f 2869/3018 2997/3147 2998/3148 2870/3019
f 2870/3019 2998/3148 2999/3149 2871/3020
f 2871/3020 2999/3149 3000/3150 2872/3021
f 2872/3021 3000/3150 3001/3151 2873/3022
f 2873/3022 3001/3151 3002/3152 2874/3023
f 2874/3023 3002/3152 3003/3153 2875/3024
f 2875/3024 3003/3153 3004/3154 2876/3025
f 2876/3025 3004/3154 3005/3155 2877/3026
f 2877/3026 3005/3155 3006/3156 2878/3027
f 2878/3027 3006/3156 3007/3157 2879/3028
f 2879/3028 3007/3157 3008/3158 2880/3029
f 2880/3029 3008/3158 3009/3159 2881/3030
f 2881/3030 3009/3159 3010/3160 2882/3031
f 2882/3031 3010/3160 3011/3161 2883/3032
f 2883/3032 3011/3161 3012/3162 2884/3033
f 2884/3033 3012/3162 3013/3163 2885/3034
f 2885/3034 3013/3163 3014/3164 2886/3035
f 2886/3035 3014/3164 3015/3165 2887/3036
f 2887/3036 3015/3165 3016/3166 2888/3037
f 2888/3037 3016/3166 3017/3167 2889/3038
f 2889/3038 3017/3167 3018/3168 2890/3039
f 2890/3039 3018/3168 3019/3169 2891/3040
f 2891/3040 3019/3169 3020/3170 2892/3041
f 2892/3041 3020/3170 3021/3171 2893/3042
f 2893/3042 3021/3171 3022/3172 2894/3043
f 2894/3043 3022/3172 3023/3173 2895/3044
f 2895/3044 3023/3173 3024/3174 2896/3045
f 2896/3045 3024/3174 3025/3175 2897/3046
f 2897/3046 3025/3175 3026/3176 2898/3047
f 2898/3047 3026/3176 3027/3177 2899/3048
f 2899/3048 3027/3177 3028/3178 2900/3049
f 2900/3049 3028/3178 3029/3179 2901/3050
f 2901/3050 3029/3179 3030/3180 2902/3051
f 2902/3051 3030/3180 3031/3181 2903/3052
f 2903/3052 3031/3181 3032/3182 2904/3053
f 2904/3053 3032/3182 3033/3183 2905/3054
f 2905/3054 3033/3183 3034/3184 2906/3055
f 2906/3055 3034/3184 3035/3185 2907/3056
f 2907/3056 3035/3185 3036/3186 2908/3057
f 2908/3057 3036/3186 3037/3187 2909/3058
f 2909/3058 3037/3187 3038/3188 2910/3059
f 2910/3059 3038/3188 3039/3189 2911/3060
f 2911/3060 3039/3189 3040/3190 2912/3061
f 2912/3061 3040/3190 3041/3191 2913/3062
f 2913/3062 3041/3191 3042/3192 2914/3063
f 2914/3063 3042/3192 3043/3193 2915/3064
f 2915/3064 3043/3193 3044/3194 2916/3065
f 2916/3065 3044/3194 3045/3195 2917/3066
f 2917/3066 3045/3195 3046/3196 2918/3067
f 2918/3067 3046/3196 3047/3197 2919/3068
f 2919/3068 3047/3197 3048/3198 2920/3069
f 2920/3069 3048/3198 3049/3199 2921/3070
f 2921/3070 3049/3199 3050/3200 2922/3071
f 2922/3071 3050/3200 3051/3201 2923/3072
f 2923/3072 3051/3201 3052/3202 2924/3073
f 2924/3073 3052/3202 3053/3203 2925/3074
f 2925/3074 3053/3203 3054/3204 2926/3075
f 2926/3075 3054/3204 3055/3205 2927/3076
f 2927/3076 3055/3205 3056/3206 2928/3077
f 2928/3077 3056/3206 3057/3207 2929/3078
f 2929/3078 3057/3207 3058/3208 2930/3079
f 2930/3079 3058/3208 3059/3209 2931/3080
f 2931/3080 3059/3209 3060/3210 2932/3081
f 2932/3081 3060/3210 3061/3211 2933/3082
f 2933/3082 3061/3211 3062/3212 2934/3083
f 2934/3083 3062/3212 3063/3213 2935/3084
f 2935/3084 3063/3213 3064/3214 2936/3085
f 2936/3085 3064/3214 3065/3215 2937/3086
f 2937/3086 3065/3215 3066/3216 2938/3087
f 2938/3087 3066/3216 3067/3217 2939/3088
f 2939/3088 3067/3217 3068/3218 2940/3089
f 2940/3089 3068/3218 3069/3219 2941/3090
f 2941/3090 3069/3219 3070/3220 2942/3091
f 2942/3091 3070/3220 3071/3221 2943/3092
f 2943/3092 3071/3221 3072/3222 2944/3093
f 2944/3093 3072/3222 3073/3223 2945/3094
f 2945/3094 3073/3223 2946/3224 2818/3095
f 2946/3096 3074/3225 3075/3226 2947/3097
f 2947/3097 3075/3226 3076/3227 2948/3098
f 2948/3098 3076/3227 3077/3228 2949/3099
f 2949/3099 3077/3228 3078/3229 2950/3100
f 2950/3100 3078/3229 3079/3230 2951/3101
f 2951/3101 3079/3230 3080/3231 2952/3102
f 2952/3102 3080/3231 3081/3232 2953/3103
f 2953/3103 3081/3232 3082/3233 2954/3104
f 2954/3104 3082/3233 3083/3234 2955/3105
f 2955/3105 3083/3234 3084/3235 2956/3106
f 2956/3106 3084/3235 3085/3236 2957/3107
f 2957/3107 3085/3236 3086/3237 2958/3108
f 2958/3108 3086/3237 3087/3238 2959/3109
f 2959/3109 3087/3238 3088/3239 2960/3110
f 2960/3110 3088/3239 3089/3240 2961/3111
f 2961/3111 3089/3240 3090/3241 2962/3112
f 2962/3112 3090/3241 3091/3242 2963/3113
f 2963/3113 3091/3242 3092/3243 2964/3114
f 2964/3114 3092/3243 3093/3244 2965/3115
f 2965/3115 3093/3244 3094/3245 2966/3116
f 2966/3116 3094/3245 3095/3246 2967/3117
f 2967/3117 3095/3246 3096/3247 2968/3118
f 2968/3118 3096/3247 3097/3248 2969/3119
f 2969/3119 3097/3248 3098/3249 2970/3120
f 2970/3120 3098/3249 3099/3250 2971/3121
f 2971/3121 3099/3250 3100/3251 2972/3122
f 2972/3122 3100/3251 3101/3252 2973/3123
f 2973/3123 3101/3252 3102/3253 2974/3124
f 2974/3124 3102/3253 3103/3254 2975/3125
f 2975/3125 3103/3254 3104/3255 2976/3126
f 2976/3126 3104/3255 3105/3256 2977/3127
f 2977/3127 3105/3256 3106/3257 2978/3128
f 2978/3128 3106/3257 3107/3258 2979/3129
f 2979/3129 3107/3258 3108/3259 2980/3130
f 2980/3130 3108/3259 3109/3260 2981/3131
f 2981/3131 3109/3260 3110/3261 2982/3132
f 2982/3132 3110/3261 3111/3262 2983/3133
f 2983/3133 3111/3262 3112/3263 2984/3134
f 2984/3134 3112/3263 3113/3264 2985/3135
f 2985/3135 3113/3264 3114/3265 2986/3136
f 2986/3136 3114/3265 3115/3266 2987/3137
f 2987/3137 3115/3266 3116/3267 2988/3138
f 2988/3138 3116/3267 3117/3268 2989/3139
f 2989/3139 3117/3268 3118/3269 2990/3140
f 2990/3140 3118/3269 3119/3270 2991/3141
f 2991/3141 3119/3270 3120/3271 2992/3142
f 2992/3142 3120/3271 3121/3272 2993/3143
f 2993/3143 3121/3272 3122/3273 2994/3144
f 2994/3144 3122/3273 3123/3274 2995/3145
f 2995/3145 3123/3274 3124/3275 2996/3146
f 2996/3146 3124/3275 3125/3276 2997/3147
f 2997/3147 3125/3276 3126/3277 2998/3148
f 2998/3148 3126/3277 3127/3278 2999/3149
f 2999/3149 3127/3278 3128/3279 3000/3150
f 3000/3150 3128/3279 3129/3280 3001/3151
f 3001/3151 3129/3280 3130/3281 3002/3152
f 3002/3152 3130/3281 3131/3282 3003/3153
f 3003/3153 3131/3282 3132/3283 3004/3154
f 3004/3154 3132/3283 3133/3284 3005/3155
f 3005/3155 3133/3284 3134/3285 3006/3156
f 3006/3156 3134/3285 3135/3286 3007/3157
f 3007/3157 3135/3286 3136/3287 3008/3158
f 3008/3158 3136/3287 3137/3288 3009/3159
f 3009/3159 3137/3288 3138/3289 3010/3160
f 3010/3160 3138/3289 3139/3290 3011/3161
f 3011/3161 3139/3290 3140/3291 3012/3162
f 3012/3162 3140/3291 3141/3292 3013/3163
f 3013/3163 3141/3292 3142/3293 3014/3164
f 3014/3164 3142/3293 3143/3294 3015/3165
f 3015/3165 3143/3294 3144/3295 3016/3166
f 3016/3166 3144/3295 3145/3296 3017/3167
f 3017/3167 3145/3296 3146/3297 3018/3168
f 3018/3168 3146/3297 3147/3298 3019/3169
f 3019/3169 3147/3298 3148/3299 3020/3170
f 3020/3170 3148/3299 3149/3300 3021/3171
f 3021/3171 3149/3300 3150/3301 3022/3172
f 3022/3172 3150/3301 3151/3302 3023/3173
f 3023/3173 3151/3302 3152/3303 3024/3174
f 3024/3174 3152/3303 3153/3304 3025/3175
f 3025/3175 3153/3304 3154/3305 3026/3176
f 3026/3176 3154/3305 3155/3306 3027/3177
f 3027/3177 3155/3306 3156/3307 3028/3178
f 3028/3178 3156/3307 3157/3308 3029/3179
f 3029/3179 3157/3308 3158/3309 3030/3180
f 3030/3180 3158/3309 3159/3310 3031/3181
f 3031/3181 3159/3310 3160/3311 3032/3182
f 3032/3182 3160/3311 3161/3312 3033/3183
f 3033/3183 3161/3312 3162/3313 3034/3184
f 3034/3184 3162/3313 3163/3314 3035/3185
f 3035/3185 3163/3314 3164/3315 3036/3186
f 3036/3186 3164/3315 3165/3316 3037/3187
f 3037/3187 3165/3316 3166/3317 3038/3188
f 3038/3188 3166/3317 3167/3318 3039/3189
f 3039/3189 3167/3318 3168/3319 3040/3190
f 3040/3190 3168/3319 3169/3320 3041/3191
f 3041/3191 3169/3320 3170/3321 3042/3192
f 3042/3192 3170/3321 3171/3322 3043/3193
f 3043/3193 3171/3322 3172/3323 3044/3194
f 3044/3194 3172/3323 3173/3324 3045/3195
f 3045/3195 3173/3324 3174/3325 3046/3196
f 3046/3196 3174/3325 3175/3326 3047/3197
f 3047/3197 3175/3326 3176/3327 3048/3198
f 3048/3198 3176/3327 3177/3328 3049/3199
f 3049/3199 3177/3328 3178/3329 3050/3200
f 3050/3200 3178/3329 3179/3330 3051/3201
f 3051/3201 3179/3330 3180/3331 3052/3202
f 3052/3202 3180/3331 3181/3332 3053/3203
f 3053/3203 3181/3332 3182/3333 3054/3204
f 3054/3204 3182/3333 3183/3334 3055/3205
f 3055/3205 3183/3334 3184/3335 3056/3206
f 3056/3206 3184/3335 3185/3336 3057/3207
f 3057/3207 3185/3336 3186/3337 3058/3208
f 3058/3208 3186/3337 3187/3338 3059/3209
f 3059/3209 3187/3338 3188/3339 3060/3210
f 3060/3210 3188/3339 3189/3340 3061/3211
f 3061/3211 3189/3340 3190/3341 3062/3212
f 3062/3212 3190/3341 3191/3342 3063/3213
f 3063/3213 3191/3342 3192/3343 3064/3214
f 3064/3214 3192/3343 3193/3344 3065/3215
f 3065/3215 3193/3344 3194/3345 3066/3216
f 3066/3216 3194/3345 3195/3346 3067/3217
f 3067/3217 3195/3346 3196/3347 3068/3218
f 3068/3218 3196/3347 3197/3348 3069/3219
f 3069/3219 3197/3348 3198/3349 3070/3220
f 3070/3220 3198/3349 3199/3350 3071/3221
f 3071/3221 3199/3350 3200/3351 3072/3222
f 3072/3222 3200/3351 3201/3352 3073/3223
f 3073/3223 3201/3352 3074/3353 2946/3224
f 3074/3225 3202/3354 3203/3355 3075/3226
f 3075/3226 3203/3355 3204/3356 3076/3227
f 3076/3227 3204/3356 3205/3357 3077/3228
f 3077/3228 3205/3357 3206/3358 3078/3229
f 3078/3229 3206/3358 3207/3359 3079/3230
f 3079/3230 3207/3359 3208/3360 3080/3231
f 3080/3231 3208/3360 3209/3361 3081/3232
f 3081/3232 3209/3361 3210/3362 3082/3233
f 3082/3233 3210/3362 3211/3363 3083/3234
f 3083/3234 3211/3363 3212/3364 3084/3235
f 3084/3235 3212/3364 3213/3365 3085/3236
f 3085/3236 3213/3365 3214/3366 3086/3237
f 3086/3237 3214/3366 3215/3367 3087/3238
f 3087/3238 3215/3367 3216/3368 3088/3239
f 3088/3239 3216/3368 3217/3369 3089/3240
f 3089/3240 3217/3369 3218/3370 3090/3241
f 3090/3241 3218/3370 3219/3371 3091/3242
f 3091/3242 3219/3371 3220/3372 3092/3243
f 3092/3243 3220/3372 3221/3373 3093/3244
f 3093/3244 3221/3373 3222/3374 3094/3245
f 3094/3245 3222/3374 3223/3375 3095/3246
f 3095/3246 3223/3375 3224/3376 3096/3247
f 3096/3247 3224/3376 3225/3377 3097/3248
f 3097/3248 3225/3377 3226/3378 3098/3249
f 3098/3249 3226/3378 3227/3379 3099/3250
f 3099/3250 3227/3379 3228/3380 3100/3251
f 3100/3251 3228/3380 3229/3381 3101/3252
f 3101/3252 3229/3381 3230/3382 3102/3253
f 3102/3253 3230/3382 3231/3383 3103/3254
f 3103/3254 3231/3383 3232/3384 3104/3255
f 3104/3255 3232/3384 3233/3385 3105/3256
f 3105/3256 3233/3385 3234/3386 3106/3257
f 3106/3257 3234/3386 3235/3387 3107/3258
f 3107/3258 3235/3387 3236/3388 3108/3259
f 3108/3259 3236/3388 3237/3389 3109/3260
f 3109/3260 3237/3389 3238/3390 3110/3261
f 3110/3261 3238/3390 3239/3391 3111/3262
f 3111/3262 3239/3391 3240/3392 3112/3263
f 3112/3263 3240/3392 3241/3393 3113/3264
f 3113/3264 3241/3393 3242/3394 3114/3265
f 3114/3265 3242/3394 3243/3395 3115/3266
f 3115/3266 3243/3395 3244/3396 3116/3267
f 3116/3267 3244/3396 3245/3397 3117/3268
f 3117/3268 3245/3397 3246/3398 3118/3269
f 3118/3269 3246/3398 3247/3399 3119/3270
f 3119/3270 3247/3399 3248/3400 3120/3271
f 3120/3271 3248/3400 3249/3401 3121/3272
f 3121/3272 3249/3401 3250/3402 3122/3273
f 3122/3273 3250/3402 3251/3403 3123/3274
f 3123/3274 3251/3403 3252/3404 3124/3275
f 3124/3275 3252/3404 3253/3405 3125/3276
f 3125/3276 3253/3405 3254/3406 3126/3277
f 3126/3277 3254/3406 3255/3407 3127/3278
f 3127/3278 3255/3407 3256/3408 3128/3279
f 3128/3279 3256/3408 3257/3409 3129/3280
f 3129/3280 3257/3409 3258/3410 3130/3281
f 3130/3281 3258/3410 3259/3411 3131/3282
f 3131/3282 3259/3411 3260/3412 3132/3283
f 3132/3283 3260/3412 3261/3413 3133/3284
f 3133/3284 3261/3413 3262/3414 3134/3285
f 3134/3285 3262/3414 3263/3415 3135/3286
f 3135/3286 3263/3415 3264/3416 3136/3287
f 3136/3287 3264/3416 3265/3417 3137/3288
f 3137/3288 3265/3417 3266/3418 3138/3289
f 3138/3289 3266/3418 3267/3419 3139/3290
f 3139/3290 3267/3419 3268/3420 3140/3291
f 3140/3291 3268/3420 3269/3421 3141/3292
f 3141/3292 3269/3421 3270/3422 3142/3293
f 3142/3293 3270/3422 3271/3423 3143/3294
f 3143/3294 3271/3423 3272/3424 3144/3295
f 3144/3295 3272/3424 3273/3425 3145/3296
f 3145/3296 3273/3425 3274/3426 3146/3297
f 3146/3297 3274/3426 3275/3427 3147/3298
f 3147/3298 3275/3427 3276/3428 3148/3299
f 3148/3299 3276/3428 3277/3429 3149/3300
f 3149/3300 3277/3429 3278/3430 3150/3301
f 3150/3301 3278/3430 3279/3431 3151/3302
f 3151/3302 3279/3431 3280/3432 3152/3303
f 3152/3303 3280/3432 3281/3433 3153/3304
f 3153/3304 3281/3433 3282/3434 3154/3305
f 3154/3305 3282/3434 3283/3435 3155/3306
f 3155/3306 3283/3435 3284/3436 3156/3307
f 3156/3307 3284/3436 3285/3437 3157/3308
f 3157/3308 3285/3437 3286/3438 3158/3309
f 3158/3309 3286/3438 3287/3439 3159/3310
f 3159/3310 3287/3439 3288/3440 3160/3311
f 3160/3311 3288/3440 3289/3441 3161/3312
f 3161/3312 3289/3441 3290/3442 3162/3313
f 3162/3313 3290/3442 3291/3443 3163/3314
f 3163/3314 3291/3443 3292/3444 3164/3315
f 3164/3315 3292/3444 3293/3445 3165/3316
f 3165/3316 3293/3445 3294/3446 3166/3317
f 3166/3317 3294/3446 3295/3447 3167/3318
f 3167/3318 3295/3447 3296/3448 3168/3319
f 3168/3319 3296/3448 3297/3449 3169/3320
f 3169/3320 3297/3449 3298/3450 3170/3321
f 3170/3321 3298/3450 3299/3451 3171/3322
f 3171/3322 3299/3451 3300/3452 3172/3323
f 3172/3323 3300/3452 3301/3453 3173/3324
f 3173/3324 3301/3453 3302/3454 3174/3325
f 3174/3325 3302/3454 3303/3455 3175/3326
f 3175/3326 3303/3455 3304/3456 3176/3327
f 3176/3327 3304/3456 3305/3457 3177/3328
f 3177/3328 3305/3457 3306/3458 3178/3329
f 3178/3329 3306/3458 3307/3459 3179/3330
f 3179/3330 3307/3459 3308/3460 3180/3331
f 3180/3331 3308/3460 3309/3461 3181/3332
f 3181/3332 3309/3461 3310/3462 3182/3333
f 3182/3333 3310/3462 3311/3463 3183/3334
f 3183/3334 3311/3463 3312/3464 3184/3335
f 3184/3335 3312/3464 3313/3465 3185/3336
f 3185/3336 3313/3465 3314/3466 3186/3337
f 3186/3337 3314/3466 3315/3467 3187/3338
f 3187/3338 3315/3467 3316/3468 3188/3339
f 3188/3339 3316/3468 3317/3469 3189/3340
f 3189/3340 3317/3469 3318/3470 3190/3341
f 3190/3341 3318/3470 3319/3471 3191/3342
f 3191/3342 3319/3471 3320/3472 3192/3343
f 3192/3343 3320/3472 3321/3473 3193/3344
f 3193/3344 3321/3473 3322/3474 3194/3345
f 3194/3345 3322/3474 3323/3475 3195/3346
f 3195/3346 3323/3475 3324/3476 3196/3347
f 3196/3347 3324/3476 3325/3477 3197/3348
f 3197/3348 3325/3477 3326/3478 3198/3349
f 3198/3349 3326/3478 3327/3479 3199/3350
f 3199/3350 3327/3479 3328/3480 3200/3351
f 3200/3351 3328/3480 3329/3481 3201/3352
f 3201/3352 3329/3481 3202/3482 3074/3353
f 3202/3354 3330/3483 3331/3484 3203/3355
f 3203/3355 3331/3484 3332/3485 3204/3356
f 3204/3356 3332/3485 3333/3486 3205/3357
f 3205/3357 3333/3486 3334/3487 3206/3358
f 3206/3358 3334/3487 3335/3488 3207/3359
f 3207/3359 3335/3488 3336/3489 3208/3360
f 3208/3360 3336/3489 3337/3490 3209/3361
f 3209/3361 3337/3490 3338/3491 3210/3362
f 3210/3362 3338/3491 3339/3492 3211/3363
f 3211/3363 3339/3492 3340/3493 3212/3364
f 3212/3364 3340/3493 3341/3494 3213/3365
f 3213/3365 3341/3494 3342/3495 3214/3366
f 3214/3366 3342/3495 3343/3496 3215/3367
f 3215/3367 3343/3496 3344/3497 3216/3368
f 3216/3368 3344/3497 3345/3498 3217/3369
f 3217/3369 3345/3498 3346/3499 3218/3370
f 3218/3370 3346/3499 3347/3500 3219/3371
f 3219/3371 3347/3500 3348/3501 3220/3372
f 3220/3372 3348/3501 3349/3502 3221/3373
f 3221/3373 3349/3502 3350/3503 3222/3374
f 3222/3374 3350/3503 3351/3504 3223/3375
f 3223/3375 3351/3504 3352/3505 3224/3376
f 3224/3376 3352/3505 3353/3506 3225/3377
f 3225/3377 3353/3506 3354/3507 3226/3378
f 3226/3378 3354/3507 3355/3508 3227/3379
f 3227/3379 3355/3508 3356/3509 3228/3380
f 3228/3380 3356/3509 3357/3510 3229/3381
f 3229/3381 3357/3510 3358/3511 3230/3382
f 3230/3382 3358/3511 3359/3512 3231/3383
f 3231/3383 3359/3512 3360/3513 3232/3384
f 3232/3384 3360/3513 3361/3514 3233/3385
f 3233/3385 3361/3514 3362/3515 3234/3386
f 3234/3386 3362/3515 3363/3516 3235/3387
f 3235/3387 3363/3516 3364/3517 3236/3388
f 3236/3388 3364/3517 3365/3518 3237/3389
f 3237/3389 3365/3518 3366/3519 3238/3390
f 3238/3390 3366/3519 3367/3520 3239/3391
f 3239/3391 3367/3520 3368/3521 3240/3392
f 3240/3392 3368/3521 3369/3522 3241/3393
f 3241/3393 3369/3522 3370/3523 3242/3394
f 3242/3394 3370/3523 3371/3524 3243/3395
f 3243/3395 3371/3524 3372/3525 3244/3396
f 3244/3396 3372/3525 3373/3526 3245/3397
f 3245/3397 3373/3526 3374/3527 3246/3398
f 3246/3398 3374/3527 3375/3528 3247/3399
f 3247/3399 3375/3528 3376/3529 3248/3400
f 3248/3400 3376/3529 3377/3530 3249/3401
f 3249/3401 3377/3530 3378/3531 3250/3402
f 3250/3402 3378/3531 3379/3532 3251/3403
f 3251/3403 3379/3532 3380/3533 3252/3404
f 3252/3404 3380/3533 3381/3534 3253/3405
f 3253/3405 3381/3534 3382/3535 3254/3406
f 3254/3406 3382/3535 3383/3536 3255/3407
f 3255/3407 3383/3536 3384/3537 3256/3408
f 3256/3408 3384/3537 3385/3538 3257/3409
f 3257/3409 3385/3538 3386/3539 3258/3410
f 3258/3410 3386/3539 3387/3540 3259/3411
f 3259/3411 3387/3540 3388/3541 3260/3412
f 3260/3412 3388/3541 3389/3542 3261/3413
f 3261/3413 3389/3542 3390/3543 3262/3414
f 3262/3414 3390/3543 3391/3544 3263/3415
f 3263/3415 3391/3544 3392/3545 3264/3416
f 3264/3416 3392/3545 3393/3546 3265/3417
f 3265/3417 3393/3546 3394/3547 3266/3418
f 3266/3418 3394/3547 3395/3548 3267/3419
f 3267/3419 3395/3548 3396/3549 3268/3420
f 3268/3420 3396/3549 3397/3550 3269/3421
f 3269/3421 3397/3550 3398/3551 3270/3422
f 3270/3422 3398/3551 3399/3552 3271/3423
f 3271/3423 3399/3552 3400/3553 3272/3424
f 3272/3424 3400/3553 3401/3554 3273/3425
f 3273/3425 3401/3554 3402/3555 3274/3426
f 3274/3426 3402/3555 3403/3556 3275/3427
f 3275/3427 3403/3556 3404/3557 3276/3428
f 3276/3428 3404/3557 3405/3558 3277/3429
f 3277/3429 3405/3558 3406/3559 3278/3430
f 3278/3430 3406/3559 3407/3560 3279/3431
f 3279/3431 3407/3560 3408/3561 3280/3432
f 3280/3432 3408/3561 3409/3562 3281/3433
f 3281/3433 3409/3562 3410/3563 3282/3434
f 3282/3434 3410/3563 3411/3564 3283/3435
f 3283/3435 3411/3564 3412/3565 3284/3436
f 3284/3436 3412/3565 3413/3566 3285/3437
f 3285/3437 3413/3566 3414/3567 3286/3438
f 3286/3438 3414/3567 3415/3568 3287/3439
f 3287/3439 3415/3568 3416/3569 3288/3440
f 3288/3440 3416/3569 3417/3570 3289/3441
f 3289/3441 3417/3570 3418/3571 3290/3442
f 3290/3442 3418/3571 3419/3572 3291/3443
f 3291/3443 3419/3572 3420/3573 3292/3444
f 3292/3444 3420/3573 3421/3574 3293/3445
f 3293/3445 3421/3574 3422/3575 3294/3446
f 3294/3446 3422/3575 3423/3576 3295/3447
f 3295/3447 3423/3576 3424/3577 3296/3448
f 3296/3448 3424/3577 3425/3578 3297/3449
f 3297/3449 3425/3578 3426/3579 3298/3450
f 3298/3450 3426/3579 3427/3580 3299/3451
f 3299/3451 3427/3580 3428/3581 3300/3452
f 3300/3452 3428/3581 3429/3582 3301/3453
f 3301/3453 3429/3582 3430/3583 3302/3454
f 3302/3454 3430/3583 3431/3584 3303/3455
f 3303/3455 3431/3584 3432/3585 3304/3456
f 3304/3456 3432/3585 3433/3586 3305/3457
f 3305/3457 3433/3586 3434/3587 3306/3458
f 3306/3458 3434/3587 3435/3588 3307/3459
f 3307/3459 3435/3588 3436/3589 3308/3460
f 3308/3460 3436/3589 3437/3590 3309/3461
f 3309/3461 3437/3590 3438/3591 3310/3462
f 3310/3462 3438/3591 3439/3592 3311/3463
f 3311/3463 3439/3592 3440/3593 3312/3464
f 3312/3464 3440/3593 3441/3594 3313/3465
f 3313/3465 3441/3594 3442/3595 3314/3466
f 3314/3466 3442/3595 3443/3596 3315/3467
f 3315/3467 3443/3596 3444/3597 3316/3468
f 3316/3468 3444/3597 3445/3598 3317/3469
f 3317/3469 3445/3598 3446/3599 3318/3470
f 3318/3470 3446/3599 3447/3600 3319/3471
f 3319/3471 3447/3600 3448/3601 3320/3472
f 3320/3472 3448/3601 3449/3602 3321/3473
f 3321/3473 3449/3602 3450/3603 3322/3474
f 3322/3474 3450/3603 3451/3604 3323/3475
f 3323/3475 3451/3604 3452/3605 3324/3476
f 3324/3476 3452/3605 3453/3606 3325/3477
f 3325/3477 3453/3606 3454/3607 3326/3478
f 3326/3478 3454/3607 3455/3608 3327/3479
f 3327/3479 3455/3608 3456/3609 3328/3480
f 3328/3480 3456/3609 3457/3610 3329/3481
f 3329/3481 3457/3610 3330/3611 3202/3482
f 3330/3483 3458/3612 3459/3613 3331/3484
f 3331/3484 3459/3613 3460/3614 3332/3485
f 3332/3485 3460/3614 3461/3615 3333/3486
f 3333/3486 3461/3615 3462/3616 3334/3487
f 3334/3487 3462/3616 3463/3617 3335/3488
f 3335/3488 3463/3617 3464/3618 3336/3489
f 3336/3489 3464/3618 3465/3619 3337/3490
f 3337/3490 3465/3619 3466/3620 3338/3491
f 3338/3491 3466/3620 3467/3621 3339/3492
f 3339/3492 3467/3621 3468/3622 3340/3493
f 3340/3493 3468/3622 3469/3623 3341/3494
f 3341/3494 3469/3623 3470/3624 3342/3495
f 3342/3495 3470/3624 3471/3625 3343/3496
f 3343/3496 3471/3625 3472/3626 3344/3497
f 3344/3497 3472/3626 3473/3627 3345/3498
f 3345/3498 3473/3627 3474/3628 3346/3499
f 3346/3499 3474/3628 3475/3629 3347/3500
f 3347/3500 3475/3629 3476/3630 3348/3501
f 3348/3501 3476/3630 3477/3631 3349/3502
f 3349/3502 3477/3631 3478/3632 3350/3503
f 3350/3503 3478/3632 3479/3633 3351/3504
f 3351/3504 3479/3633 3480/3634 3352/3505
f 3352/3505 3480/3634 3481/3635 3353/3506
f 3353/3506 3481/3635 3482/3636 3354/3507
f 3354/3507 3482/3636 3483/3637 3355/3508
f 3355/3508 3483/3637 3484/3638 3356/3509
f 3356/3509 3484/3638 3485/3639 3357/3510
f 3357/3510 3485/3639 3486/3640 3358/3511
f 3358/3511 3486/3640 3487/3641 3359/3512
f 3359/3512 3487/3641 3488/3642 3360/3513
f 3360/3513 3488/3642 3489/3643 3361/3514
f 3361/3514 3489/3643 3490/3644 3362/3515
f 3362/3515 3490/3644 3491/3645 3363/3516
f 3363/3516 3491/3645 3492/3646 3364/3517
f 3364/3517 3492/3646 3493/3647 3365/3518
f 3365/3518 3493/3647 3494/3648 3366/3519
f 3366/3519 3494/3648 3495/3649 3367/3520
f 3367/3520 3495/3649 3496/3650 3368/3521
f 3368/3521 3496/3650 3497/3651 3369/3522
f 3369/3522 3497/3651 3498/3652 3370/3523
f 3370/3523 3498/3652 3499/3653 3371/3524
f 3371/3524 3499/3653 3500/3654 3372/3525
f 3372/3525 3500/3654 3501/3655 3373/3526
f 3373/3526 3501/3655 3502/3656 3374/3527
f 3374/3527 3502/3656 3503/3657 3375/3528
f 3375/3528 3503/3657 3504/3658 3376/3529
f 3376/3529 3504/3658 3505/3659 3377/3530
f 3377/3530 3505/3659 3506/3660 3378/3531
f 3378/3531 3506/3660 3507/3661 3379/3532
f 3379/3532 3507/3661 3508/3662 3380/3533
f 3380/3533 3508/3662 3509/3663 3381/3534
f 3381/3534 3509/3663 3510/3664 3382/3535
f 3382/3535 3510/3664 3511/3665 3383/3536
f 3383/3536 3511/3665 3512/3666 3384/3537
f 3384/3537 3512/3666 3513/3667 3385/3538
f 3385/3538 3513/3667 3514/3668 3386/3539
f 3386/3539 3514/3668 3515/3669 3387/3540
f 3387/3540 3515/3669 3516/3670 3388/3541
f 3388/3541 3516/3670 3517/3671 3389/3542
f 3389/3542 3517/3671 3518/3672 3390/3543
f 3390/3543 3518/3672 3519/3673 3391/3544
f 3391/3544 3519/3673 3520/3674 3392/3545
f 3392/3545 3520/3674 3521/3675 3393/3546
f 3393/3546 3521/3675 3522/3676 3394/3547
f 3394/3547 3522/3676 3523/3677 3395/3548
f 3395/3548 3523/3677 3524/3678 3396/3549
f 3396/3549 3524/3678 3525/3679 3397/3550
f 3397/3550 3525/3679 3526/3680 3398/3551
f 3398/3551 3526/3680 3527/3681 3399/3552
f 3399/3552 3527/3681 3528/3682 3400/3553
f 3400/3553 3528/3682 3529/3683 3401/3554
f 3401/3554 3529/3683 3530/3684 3402/3555
f 3402/3555 3530/3684 3531/3685 3403/3556
f 3403/3556 3531/3685 3532/3686 3404/3557
f 3404/3557 3532/3686 3533/3687 3405/3558
f 3405/3558 3533/3687 3534/3688 3406/3559
f 3406/3559 3534/3688 3535/3689 3407/3560
f 3407/3560 3535/3689 3536/3690 3408/3561
f 3408/3561 3536/3690 3537/3691 3409/3562
f 3409/3562 3537/3691 3538/3692 3410/3563
f 3410/3563 3538/3692 3539/3693 3411/3564
f 3411/3564 3539/3693 3540/3694 3412/3565
f 3412/3565 3540/3694 3541/3695 3413/3566
f 3413/3566 3541/3695 3542/3696 3414/3567
f 3414/3567 3542/3696 3543/3697 3415/3568
f 3415/3568 3543/3697 3544/3698 3416/3569
f 3416/3569 3544/3698 3545/3699 3417/3570
f 3417/3570 3545/3699 3546/3700 3418/3571
f 3418/3571 3546/3700 3547/3701 3419/3572
f 3419/3572 3547/3701 3548/3702 3420/3573
f 3420/3573 3548/3702 3549/3703 3421/3574
f 3421/3574 3549/3703 3550/3704 3422/3575
f 3422/3575 3550/3704 3551/3705 3423/3576
f 3423/3576 3551/3705 3552/3706 3424/3577
f 3424/3577 3552/3706 3553/3707 3425/3578
f 3425/3578 3553/3707 3554/3708 3426/3579
f 3426/3579 3554/3708 3555/3709 3427/3580
f 3427/3580 3555/3709 3556/3710 3428/3581
f 3428/3581 3556/3710 3557/3711 3429/3582
f 3429/3582 3557/3711 3558/3712 3430/3583
f 3430/3583 3558/3712 3559/3713 3431/3584
f 3431/3584 3559/3713 3560/3714 3432/3585
f 3432/3585 3560/3714 3561/3715 3433/3586
f 3433/3586 3561/3715 3562/3716 3434/3587
f 3434/3587 3562/3716 3563/3717 3435/3588
f 3435/3588 3563/3717 3564/3718 3436/3589
f 3436/3589 3564/3718 3565/3719 3437/3590
f 3437/3590 3565/3719 3566/3720 3438/3591
f 3438/3591 3566/3720 3567/3721 3439/3592
f 3439/3592 3567/3721 3568/3722 3440/3593
f 3440/3593 3568/3722 3569/3723 3441/3594
f 3441/3594 3569/3723 3570/3724 3442/3595
f 3442/3595 3570/3724 3571/3725 3443/3596
f 3443/3596 3571/3725 3572/3726 3444/3597
f 3444/3597 3572/3726 3573/3727 3445/3598
f 3445/3598 3573/3727 3574/3728 3446/3599
f 3446/3599 3574/3728 3575/3729 3447/3600
f 3447/3600 3575/3729 3576/3730 3448/3601
f 3448/3601 3576/3730 3577/3731 3449/3602
f 3449/3602 3577/3731 3578/3732 3450/3603
f 3450/3603 3578/3732 3579/3733 3451/3604
f 3451/3604 3579/3733 3580/3734 3452/3605
f 3452/3605 3580/3734 3581/3735 3453/3606
f 3453/3606 3581/3735 3582/3736 3454/3607
f 3454/3607 3582/3736 3583/3737 3455/3608
f 3455/3608 3583/3737 3584/3738 3456/3609
f 3456/3609 3584/3738 3585/3739 3457/3610
f 3457/3610 3585/3739 3458/3740 3330/3611
f 3458/3612 3586/3741 3587/3742 3459/3613
f 3459/3613 3587/3742 3588/3743 3460/3614
f 3460/3614 3588/3743 3589/3744 3461/3615
f 3461/3615 3589/3744 3590/3745 3462/3616
f 3462/3616 3590/3745 3591/3746 3463/3617
f 3463/3617 3591/3746 3592/3747 3464/3618
f 3464/3618 3592/3747 3593/3748 3465/3619
f 3465/3619 3593/3748 3594/3749 3466/3620
f 3466/3620 3594/3749 3595/3750 3467/3621
f 3467/3621 3595/3750 3596/3751 3468/3622
f 3468/3622 3596/3751 3597/3752 3469/3623
f 3469/3623 3597/3752 3598/3753 3470/3624
f 3470/3624 3598/3753 3599/3754 3471/3625
f 3471/3625 3599/3754 3600/3755 3472/3626
f 3472/3626 3600/3755 3601/3756 3473/3627
f 3473/3627 3601/3756 3602/3757 3474/3628
f 3474/3628 3602/3757 3603/3758 3475/3629
f 3475/3629 3603/3758 3604/3759 3476/3630
f 3476/3630 3604/3759 3605/3760 3477/3631
f 3477/3631 3605/3760 3606/3761 3478/3632
f 3478/3632 3606/3761 3607/3762 3479/3633
f 3479/3633 3607/3762 3608/3763 3480/3634
f 3480/3634 3608/3763 3609/3764 3481/3635
f 3481/3635 3609/3764 3610/3765 3482/3636
f 3482/3636 3610/3765 3611/3766 3483/3637
f 3483/3637 3611/3766 3612/3767 3484/3638
f 3484/3638 3612/3767 3613/3768 3485/3639
f 3485/3639 3613/3768 3614/3769 3486/3640
f 3486/3640 3614/3769 3615/3770 3487/3641
f 3487/3641 3615/3770 3616/3771 3488/3642
f 3488/3642 3616/3771 3617/3772 3489/3643
f 3489/3643 3617/3772 3618/3773 3490/3644
f 3490/3644 3618/3773 3619/3774 3491/3645
f 3491/3645 3619/3774 3620/3775 3492/3646
f 3492/3646 3620/3775 3621/3776 3493/3647
f 3493/3647 3621/3776 3622/3777 3494/3648
f 3494/3648 3622/3777 3623/3778 3495/3649
f 3495/3649 3623/3778 3624/3779 3496/3650
f 3496/3650 3624/3779 3625/3780 3497/3651
f 3497/3651 3625/3780 3626/3781 3498/3652
f 3498/3652 3626/3781 3627/3782 3499/3653
f 3499/3653 3627/3782 3628/3783 3500/3654
f 3500/3654 3628/3783 3629/3784 3501/3655
f 3501/3655 3629/3784 3630/3785 3502/3656
f 3502/3656 3630/3785 3631/3786 3503/3657
f 3503/3657 3631/3786 3632/3787 3504/3658
f 3504/3658 3632/3787 3633/3788 3505/3659
f 3505/3659 3633/3788 3634/3789 3506/3660
f 3506/3660 3634/3789 3635/3790 3507/3661
f 3507/3661 3635/3790 3636/3791 3508/3662
f 3508/3662 3636/3791 3637/3792 3509/3663
f 3509/3663 3637/3792 3638/3793 3510/3664
f 3510/3664 3638/3793 3639/3794 3511/3665
f 3511/3665 3639/3794 3640/3795 3512/3666
f 3512/3666 3640/3795 3641/3796 3513/3667
f 3513/3667 3641/3796 3642/3797 3514/3668
f 3514/3668 3642/3797 3643/3798 3515/3669
f 3515/3669 3643/3798 3644/3799 3516/3670
f 3516/3670 3644/3799 3645/3800 3517/3671
f 3517/3671 3645/3800 3646/3801 3518/3672
f 3518/3672 3646/3801 3647/3802 3519/3673
f 3519/3673 3647/3802 3648/3803 3520/3674
f 3520/3674 3648/3803 3649/3804 3521/3675
f 3521/3675 3649/3804 3650/3805 3522/3676
f 3522/3676 3650/3805 3651/3806 3523/3677
f 3523/3677 3651/3806 3652/3807 3524/3678
f 3524/3678 3652/3807 3653/3808 3525/3679
f 3525/3679 3653/3808 3654/3809 3526/3680
f 3526/3680 3654/3809 3655/3810 3527/3681
f 3527/3681 3655/3810 3656/3811 3528/3682
f 3528/3682 3656/3811 3657/3812 3529/3683
f 3529/3683 3657/3812 3658/3813 3530/3684
f 3530/3684 3658/3813 3659/3814 3531/3685
f 3531/3685 3659/3814 3660/3815 3532/3686
f 3532/3686 3660/3815 3661/3816 3533/3687
f 3533/3687 3661/3816 3662/3817 3534/3688
f 3534/3688 3662/3817 3663/3818 3535/3689
f 3535/3689 3663/3818 3664/3819 3536/3690
f 3536/3690 3664/3819 3665/3820 3537/3691
f 3537/3691 3665/3820 3666/3821 3538/3692
f 3538/3692 3666/3821 3667/3822 3539/3693
f 3539/3693 3667/3822 3668/3823 3540/3694
f 3540/3694 3668/3823 3669/3824 3541/3695
f 3541/3695 3669/3824 3670/3825 3542/3696
f 3542/3696 3670/3825 3671/3826 3543/3697
f 3543/3697 3671/3826 3672/3827 3544/3698
f 3544/3698 3672/3827 3673/3828 3545/3699
f 3545/3699 3673/3828 3674/3829 3546/3700
f 3546/3700 3674/3829 3675/3830 3547/3701
f 3547/3701 3675/3830 3676/3831 3548/3702
f 3548/3702 3676/3831 3677/3832 3549/3703
f 3549/3703 3677/3832 3678/3833 3550/3704
f 3550/3704 3678/3833 3679/3834 3551/3705
f 3551/3705 3679/3834 3680/3835 3552/3706
f 3552/3706 3680/3835 3681/3836 3553/3707
f 3553/3707 3681/3836 3682/3837 3554/3708
f 3554/3708 3682/3837 3683/3838 3555/3709
f 3555/3709 3683/3838 3684/3839 3556/3710
f 3556/3710 3684/3839 3685/3840 3557/3711
f 3557/3711 3685/3840 3686/3841 3558/3712
f 3558/3712 3686/3841 3687/3842 3559/3713
f 3559/3713 3687/3842 3688/3843 3560/3714
f 3560/3714 3688/3843 3689/3844 3561/3715
f 3561/3715 3689/3844 3690/3845 3562/3716
f 3562/3716 3690/3845 3691/3846 3563/3717
f 3563/3717 3691/3846 3692/3847 3564/3718
f 3564/3718 3692/3847 3693/3848 3565/3719
f 3565/3719 3693/3848 3694/3849 3566/3720
f 3566/3720 3694/3849 3695/3850 3567/3721
f 3567/3721 3695/3850 3696/3851 3568/3722
f 3568/3722 3696/3851 3697/3852 3569/3723
f 3569/3723 3697/3852 3698/3853 3570/3724
f 3570/3724 3698/3853 3699/3854 3571/3725
f 3571/3725 3699/3854 3700/3855 3572/3726
f 3572/3726 3700/3855 3701/3856 3573/3727
f 3573/3727 3701/3856 3702/3857 3574/3728
f 3574/3728 3702/3857 3703/3858 3575/3729
f 3575/3729 3703/3858 3704/3859 3576/3730
f 3576/3730 3704/3859 3705/3860 3577/3731
f 3577/3731 3705/3860 3706/3861 3578/3732
f 3578/3732 3706/3861 3707/3862 3579/3733
f 3579/3733 3707/3862 3708/3863 3580/3734
f 3580/3734 3708/3863 3709/3864 3581/3735
f 3581/3735 3709/3864 3710/3865 3582/3736
f 3582/3736 3710/3865 3711/3866 3583/3737
f 3583/3737 3711/3866 3712/3867 3584/3738
f 3584/3738 3712/3867 3713/3868 3585/3739
f 3585/3739 3713/3868 3586/3869 3458/3740
f 3586/3741 3714/3870 3715/3871 3587/3742
f 3587/3742 3715/3871 3716/3872 3588/3743
f 3588/3743 3716/3872 3717/3873 3589/3744
f 3589/3744 3717/3873 3718/3874 3590/3745
f 3590/3745 3718/3874 3719/3875 3591/3746
f 3591/3746 3719/3875 3720/3876 3592/3747
f 3592/3747 3720/3876 3721/3877 3593/3748
f 3593/3748 3721/3877 3722/3878 3594/3749
f 3594/3749 3722/3878 3723/3879 3595/3750
f 3595/3750 3723/3879 3724/3880 3596/3751
f 3596/3751 3724/3880 3725/3881 3597/3752
f 3597/3752 3725/3881 3726/3882 3598/3753
f 3598/3753 3726/3882 3727/3883 3599/3754
f 3599/3754 3727/3883 3728/3884 3600/3755
f 3600/3755 3728/3884 3729/3885 3601/3756
f 3601/3756 3729/3885 3730/3886 3602/3757
f 3602/3757 3730/3886 3731/3887 3603/3758
f 3603/3758 3731/3887 3732/3888 3604/3759
f 3604/3759 3732/3888 3733/3889 3605/3760
f 3605/3760 3733/3889 3734/3890 3606/3761
f 3606/3761 3734/3890 3735/3891 3607/3762
f 3607/3762 3735/3891 3736/3892 3608/3763
f 3608/3763 3736/3892 3737/3893 3609/3764
f 3609/3764 3737/3893 3738/3894 3610/3765
f 3610/3765 3738/3894 3739/3895 3611/3766
f 3611/3766 3739/3895 3740/3896 3612/3767
f 3612/3767 3740/3896 3741/3897 3613/3768
f 3613/3768 3741/3897 3742/3898 3614/3769
f 3614/3769 3742/3898 3743/3899 3615/3770
f 3615/3770 3743/3899 3744/3900 3616/3771
f 3616/3771 3744/3900 3745/3901 3617/3772
f 3617/3772 3745/3901 3746/3902 3618/3773
f 3618/3773 3746/3902 3747/3903 3619/3774
f 3619/3774 3747/3903 3748/3904 3620/3775
f 3620/3775 3748/3904 3749/3905 3621/3776
f 3621/3776 3749/3905 3750/3906 3622/3777
f 3622/3777 3750/3906 3751/3907 3623/3778
f 3623/3778 3751/3907 3752/3908 3624/3779
f 3624/3779 3752/3908 3753/3909 3625/3780
f 3625/3780 3753/3909 3754/3910 3626/3781
f 3626/3781 3754/3910 3755/3911 3627/3782
f 3627/3782 3755/3911 3756/3912 3628/3783
f 3628/3783 3756/3912 3757/3913 3629/3784
f 3629/3784 3757/3913 3758/3914 3630/3785
f 3630/3785 3758/3914 3759/3915 3631/3786
f 3631/3786 3759/3915 3760/3916 3632/3787
f 3632/3787 3760/3916 3761/3917 3633/3788
f 3633/3788 3761/3917 3762/3918 3634/3789
f 3634/3789 3762/3918 3763/3919 3635/3790
f 3635/3790 3763/3919 3764/3920 3636/3791
f 3636/3791 3764/3920 3765/3921 3637/3792
f 3637/3792 3765/3921 3766/3922 3638/3793
f 3638/3793 3766/3922 3767/3923 3639/3794
f 3639/3794 3767/3923 3768/3924 3640/3795
f 3640/3795 3768/3924 3769/3925 3641/3796
f 3641/3796 3769/3925 3770/3926 3642/3797
f 3642/3797 3770/3926 3771/3927 3643/3798
f 3643/3798 3771/3927 3772/3928 3644/3799
f 3644/3799 3772/3928 3773/3929 3645/3800
f 3645/3800 3773/3929 3774/3930 3646/3801
f 3646/3801 3774/3930 3775/3931 3647/3802
f 3647/3802 3775/3931 3776/3932 3648/3803
f 3648/3803 3776/3932 3777/3933 3649/3804
f 3649/3804 3777/3933 3778/3934 3650/3805
f 3650/3805 3778/3934 3779/3935 3651/3806
f 3651/3806 3779/3935 3780/3936 3652/3807
f 3652/3807 3780/3936 3781/3937 3653/3808
f 3653/3808 3781/3937 3782/3938 3654/3809
f 3654/3809 3782/3938 3783/3939 3655/3810
f 3655/3810 3783/3939 3784/3940 3656/3811
f 3656/3811 3784/3940 3785/3941 3657/3812
f 3657/3812 3785/3941 3786/3942 3658/3813
f 3658/3813 3786/3942 3787/3943 3659/3814
f 3659/3814 3787/3943 3788/3944 3660/3815
f 3660/3815 3788/3944 3789/3945 3661/3816
f 3661/3816 3789/3945 3790/3946 3662/3817
f 3662/3817 3790/3946 3791/3947 3663/3818
f 3663/3818 3791/3947 3792/3948 3664/3819
f 3664/3819 3792/3948 3793/3949 3665/3820
f 3665/3820 3793/3949 3794/3950 3666/3821
f 3666/3821 3794/3950 3795/3951 3667/3822
f 3667/3822 3795/3951 3796/3952 3668/3823
f 3668/3823 3796/3952 3797/3953 3669/3824
f 3669/3824 3797/3953 3798/3954 3670/3825
f 3670/3825 3798/3954 3799/3955 3671/3826
f 3671/3826 3799/3955 3800/3956 3672/3827
f 3672/3827 3800/3956 3801/3957 3673/3828
f 3673/3828 3801/3957 3802/3958 3674/3829
f 3674/3829 3802/3958 3803/3959 3675/3830
f 3675/3830 3803/3959 3804/3960 3676/3831
f 3676/3831 3804/3960 3805/3961 3677/3832
f 3677/3832 3805/3961 3806/3962 3678/3833
f 3678/3833 3806/3962 3807/3963 3679/3834
f 3679/3834 3807/3963 3808/3964 3680/3835
f 3680/3835 3808/3964 3809/3965 3681/3836
f 3681/3836 3809/3965 3810/3966 3682/3837
f 3682/3837 3810/3966 3811/3967 3683/3838
f 3683/3838 3811/3967 3812/3968 3684/3839
f 3684/3839 3812/3968 3813/3969 3685/3840
f 3685/3840 3813/3969 3814/3970 3686/3841
f 3686/3841 3814/3970 3815/3971 3687/3842
f 3687/3842 3815/3971 3816/3972 3688/3843
f 3688/3843 3816/3972 3817/3973 3689/3844
f 3689/3844 3817/3973 3818/3974 3690/3845
f 3690/3845 3818/3974 3819/3975 3691/3846
f 3691/3846 3819/3975 3820/3976 3692/3847
f 3692/3847 3820/3976 3821/3977 3693/3848
f 3693/3848 3821/3977 3822/3978 3694/3849
f 3694/3849 3822/3978 3823/3979 3695/3850
f 3695/3850 3823/3979 3824/3980 3696/3851
f 3696/3851 3824/3980 3825/3981 3697/3852
f 3697/3852 3825/3981 3826/3982 3698/3853
f 3698/3853 3826/3982 3827/3983 3699/3854
f 3699/3854 3827/3983 3828/3984 3700/3855
f 3700/3855 3828/3984 3829/3985 3701/3856
f 3701/3856 3829/3985 3830/3986 3702/3857
f 3702/3857 3830/3986 3831/3987 3703/3858
f 3703/3858 3831/3987 3832/3988 3704/3859
f 3704/3859 3832/3988 3833/3989 3705/3860
f 3705/3860 3833/3989 3834/3990 3706/3861
f 3706/3861 3834/3990 3835/3991 3707/3862
f 3707/3862 3835/3991 3836/3992 3708/3863
f 3708/3863 3836/3992 3837/3993 3709/3864
f 3709/3864 3837/3993 3838/3994 3710/3865
f 3710/3865 3838/3994 3839/3995 3711/3866
f 3711/3866 3839/3995 3840/3996 3712/3867
f 3712/3867 3840/3996 3841/3997 3713/3868
f 3713/3868 3841/3997 3714/3998 3586/3869
f 3714/3870 3842/3999 3843/4000 3715/3871
f 3715/3871 3843/4000 3844/4001 3716/3872
f 3716/3872 3844/4001 3845/4002 3717/3873
f 3717/3873 3845/4002 3846/4003 3718/3874
f 3718/3874 3846/4003 3847/4004 3719/3875
f 3719/3875 3847/4004 3848/4005 3720/3876
f 3720/3876 3848/4005 3849/4006 3721/3877
f 3721/3877 3849/4006 3850/4007 3722/3878
f 3722/3878 3850/4007 3851/4008 3723/3879
f 3723/3879 3851/4008 3852/4009 3724/3880
f 3724/3880 3852/4009 3853/4010 3725/3881
f 3725/3881 3853/4010 3854/4011 3726/3882
f 3726/3882 3854/4011 3855/4012 3727/3883
f 3727/3883 3855/4012 3856/4013 3728/3884
f 3728/3884 3856/4013 3857/4014 3729/3885
f 3729/3885 3857/4014 3858/4015 3730/3886
f 3730/3886 3858/4015 3859/4016 3731/3887
f 3731/3887 3859/4016 3860/4017 3732/3888
f 3732/3888 3860/4017 3861/4018 3733/3889
f 3733/3889 3861/4018 3862/4019 3734/3890
f 3734/3890 3862/4019 3863/4020 3735/3891
f 3735/3891 3863/4020 3864/4021 3736/3892
f 3736/3892 3864/4021 3865/4022 3737/3893
f 3737/3893 3865/4022 3866/4023 3738/3894
f 3738/3894 3866/4023 3867/4024 3739/3895
f 3739/3895 3867/4024 3868/4025 3740/3896
f 3740/3896 3868/4025 3869/4026 3741/3897
f 3741/3897 3869/4026 3870/4027 3742/3898
f 3742/3898 3870/4027 3871/4028 3743/3899
f 3743/3899 3871/4028 3872/4029 3744/3900
f 3744/3900 3872/4029 3873/4030 3745/3901
f 3745/3901 3873/4030 3874/4031 3746/3902
f 3746/3902 3874/4031 3875/4032 3747/3903
f 3747/3903 3875/4032 3876/4033 3748/3904
f 3748/3904 3876/4033 3877/4034 3749/3905
f 3749/3905 3877/4034 3878/4035 3750/3906
f 3750/3906 3878/4035 3879/4036 3751/3907
f 3751/3907 3879/4036 3880/4037 3752/3908
f 3752/3908 3880/4037 3881/4038 3753/3909
f 3753/3909 3881/4038 3882/4039 3754/3910
f 3754/3910 3882/4039 3883/4040 3755/3911
f 3755/3911 3883/4040 3884/4041 3756/3912
f 3756/3912 3884/4041 3885/4042 3757/3913
f 3757/3913 3885/4042 3886/4043 3758/3914
f 3758/3914 3886/4043 3887/4044 3759/3915
f 3759/3915 3887/4044 3888/4045 3760/3916
f 3760/3916 3888/4045 3889/4046 3761/3917
f 3761/3917 3889/4046 3890/4047 3762/3918
f 3762/3918 3890/4047 3891/4048 3763/3919
f 3763/3919 3891/4048 3892/4049 3764/3920
f 3764/3920 3892/4049 3893/4050 3765/3921
f 3765/3921 3893/4050 3894/4051 3766/3922
f 3766/3922 3894/4051 3895/4052 3767/3923
f 3767/3923 3895/4052 3896/4053 3768/3924
f 3768/3924 3896/4053 3897/4054 3769/3925
f 3769/3925 3897/4054 3898/4055 3770/3926
f 3770/3926 3898/4055 3899/4056 3771/3927
f 3771/3927 3899/4056 3900/4057 3772/3928
f 3772/3928 3900/4057 3901/4058 3773/3929
f 3773/3929 3901/4058 3902/4059 3774/3930
f 3774/3930 3902/4059 3903/4060 3775/3931
f 3775/3931 3903/4060 3904/4061 3776/3932
f 3776/3932 3904/4061 3905/4062 3777/3933
f 3777/3933 3905/4062 3906/4063 3778/3934
f 3778/3934 3906/4063 3907/4064 3779/3935
f 3779/3935 3907/4064 3908/4065 3780/3936
f 3780/3936 3908/4065 3909/4066 3781/3937
f 3781/3937 3909/4066 3910/4067 3782/3938
f 3782/3938 3910/4067 3911/4068 3783/3939
f 3783/3939 3911/4068 3912/4069 3784/3940
f 3784/3940 3912/4069 3913/4070 3785/3941
f 3785/3941 3913/4070 3914/4071 3786/3942
f 3786/3942 3914/4071 3915/4072 3787/3943
f 3787/3943 3915/4072 3916/4073 3788/3944
f 3788/3944 3916/4073 3917/4074 3789/3945
f 3789/3945 3917/4074 3918/4075 3790/3946
f 3790/3946 3918/4075 3919/4076 3791/3947
f 3791/3947 3919/4076 3920/4077 3792/3948
f 3792/3948 3920/4077 3921/4078 3793/3949
f 3793/3949 3921/4078 3922/4079 3794/3950
f 3794/3950 3922/4079 3923/4080 3795/3951
f 3795/3951 3923/4080 3924/4081 3796/3952
f 3796/3952 3924/4081 3925/4082 3797/3953
f 3797/3953 3925/4082 3926/4083 3798/3954
f 3798/3954 3926/4083 3927/4084 3799/3955
f 3799/3955 3927/4084 3928/4085 3800/3956
f 3800/3956 3928/4085 3929/4086 3801/3957
f 3801/3957 3929/4086 3930/4087 3802/3958
f 3802/3958 3930/4087 3931/4088 3803/3959
f 3803/3959 3931/4088 3932/4089 3804/3960
f 3804/3960 3932/4089 3933/4090 3805/3961
f 3805/3961 3933/4090 3934/4091 3806/3962
f 3806/3962 3934/4091 3935/4092 3807/3963
f 3807/3963 3935/4092 3936/4093 3808/3964
f 3808/3964 3936/4093 3937/4094 3809/3965
f 3809/3965 3937/4094 3938/4095 3810/3966
f 3810/3966 3938/4095 3939/4096 3811/3967
f 3811/3967 3939/4096 3940/4097 3812/3968
f 3812/3968 3940/4097 3941/4098 3813/3969
f 3813/3969 3941/4098 3942/4099 3814/3970
f 3814/3970 3942/4099 3943/4100 3815/3971
f 3815/3971 3943/4100 3944/4101 3816/3972
f 3816/3972 3944/4101 3945/4102 3817/3973
f 3817/3973 3945/4102 3946/4103 3818/3974
f 3818/3974 3946/4103 3947/4104 3819/3975
f 3819/3975 3947/4104 3948/4105 3820/3976
f 3820/3976 3948/4105 3949/4106 3821/3977
f 3821/3977 3949/4106 3950/4107 3822/3978
f 3822/3978 3950/4107 3951/4108 3823/3979
f 3823/3979 3951/4108 3952/4109 3824/3980
f 3824/3980 3952/4109 3953/4110 3825/3981
f 3825/3981 3953/4110 3954/4111 3826/3982
f 3826/3982 3954/4111 3955/4112 3827/3983
f 3827/3983 3955/4112 3956/4113 3828/3984
f 3828/3984 3956/4113 3957/4114 3829/3985
f 3829/3985 3957/4114 3958/4115 3830/3986
f 3830/3986 3958/4115 3959/4116 3831/3987
f 3831/3987 3959/4116 3960/4117 3832/3988
f 3832/3988 3960/4117 3961/4118 3833/3989
f 3833/3989 3961/4118 3962/4119 3834/3990
f 3834/3990 3962/4119 3963/4120 3835/3991
f 3835/3991 3963/4120 3964/4121 3836/3992
f 3836/3992 3964/4121 3965/4122 3837/3993
f 3837/3993 3965/4122 3966/4123 3838/3994
f 3838/3994 3966/4123 3967/4124 3839/3995
f 3839/3995 3967/4124 3968/4125 3840/3996
f 3840/3996 3968/4125 3969/4126 3841/3997
f 3841/3997 3969/4126 3842/4127 3714/3998
f 3842/3999 3970/4128 3971/4129 3843/4000
f 3843/4000 3971/4129 3972/4130 3844/4001
f 3844/4001 3972/4130 3973/4131 3845/4002
f 3845/4002 3973/4131 3974/4132 3846/4003
f 3846/4003 3974/4132 3975/4133 3847/4004
f 3847/4004 3975/4133 3976/4134 3848/4005
f 3848/4005 3976/4134 3977/4135 3849/4006
f 3849/4006 3977/4135 3978/4136 3850/4007
f 3850/4007 3978/4136 3979/4137 3851/4008
f 3851/4008 3979/4137 3980/4138 3852/4009
f 3852/4009 3980/4138 3981/4139 3853/4010
f 3853/4010 3981/4139 3982/4140 3854/4011
f 3854/4011 3982/4140 3983/4141 3855/4012
f 3855/4012 3983/4141 3984/4142 3856/4013
f 3856/4013 3984/4142 3985/4143 3857/4014
f 3857/4014 3985/4143 3986/4144 3858/4015
f 3858/4015 3986/4144 3987/4145 3859/4016
f 3859/4016 3987/4145 3988/4146 3860/4017
f 3860/4017 3988/4146 3989/4147 3861/4018
f 3861/4018 3989/4147 3990/4148 3862/4019
f 3862/4019 3990/4148 3991/4149 3863/4020
f 3863/4020 3991/4149 3992/4150 3864/4021
f 3864/4021 3992/4150 3993/4151 3865/4022
f 3865/4022 3993/4151 3994/4152 3866/4023
f 3866/4023 3994/4152 3995/4153 3867/4024
f 3867/4024 3995/4153 3996/4154 3868/4025
f 3868/4025 3996/4154 3997/4155 3869/4026
f 3869/4026 3997/4155 3998/4156 3870/4027
f 3870/4027 3998/4156 3999/4157 3871/4028
f 3871/4028 3999/4157 4000/4158 3872/4029
f 3872/4029 4000/4158 4001/4159 3873/4030
f 3873/4030 4001/4159 4002/4160 3874/4031
f 3874/4031 4002/4160 4003/4161 3875/4032
f 3875/4032 4003/4161 4004/4162 3876/4033
f 3876/4033 4004/4162 4005/4163 3877/4034
f 3877/4034 4005/4163 4006/4164 3878/4035
f 3878/4035 4006/4164 4007/4165 3879/4036
f 3879/4036 4007/4165 4008/4166 3880/4037
f 3880/4037 4008/4166 4009/4167 3881/4038
f 3881/4038 4009/4167 4010/4168 3882/4039
f 3882/4039 4010/4168 4011/4169 3883/4040
f 3883/4040 4011/4169 4012/4170 3884/4041
f 3884/4041 4012/4170 4013/4171 3885/4042
f 3885/4042 4013/4171 4014/4172 3886/4043
f 3886/4043 4014/4172 4015/4173 3887/4044
f 3887/4044 4015/4173 4016/4174 3888/4045
f 3888/4045 4016/4174 4017/4175 3889/4046
f 3889/4046 4017/4175 4018/4176 3890/4047
f 3890/4047 4018/4176 4019/4177 3891/4048
f 3891/4048 4019/4177 4020/4178 3892/4049
f 3892/4049 4020/4178 4021/4179 3893/4050
f 3893/4050 4021/4179 4022/4180 3894/4051
f 3894/4051 4022/4180 4023/4181 3895/4052
f 3895/4052 4023/4181 4024/4182 3896/4053
f 3896/4053 4024/4182 4025/4183 3897/4054
f 3897/4054 4025/4183 4026/4184 3898/4055
f 3898/4055 4026/4184 4027/4185 3899/4056
f 3899/4056 4027/4185 4028/4186 3900/4057
f 3900/4057 4028/4186 4029/4187 3901/4058
f 3901/4058 4029/4187 4030/4188 3902/4059
f 3902/4059 4030/4188 4031/4189 3903/4060
f 3903/4060 4031/4189 4032/4190 3904/4061
f 3904/4061 4032/4190 4033/4191 3905/4062
f 3905/4062 4033/4191 4034/4192 3906/4063
f 3906/4063 4034/4192 4035/4193 3907/4064
f 3907/4064 4035/4193 4036/4194 3908/4065
f 3908/4065 4036/4194 4037/4195 3909/4066
f 3909/4066 4037/4195 4038/4196 3910/4067
f 3910/4067 4038/4196 4039/4197 3911/4068
f 3911/4068 4039/4197 4040/4198 3912/4069
f 3912/4069 4040/4198 4041/4199 3913/4070
f 3913/4070 4041/4199 4042/4200 3914/4071
f 3914/4071 4042/4200 4043/4201 3915/4072
f 3915/4072 4043/4201 4044/4202 3916/4073
f 3916/4073 4044/4202 4045/4203 3917/4074
f 3917/4074 4045/4203 4046/4204 3918/4075
f 3918/4075 4046/4204 4047/4205 3919/4076
f 3919/4076 4047/4205 4048/4206 3920/4077
f 3920/4077 4048/4206 4049/4207 3921/4078
f 3921/4078 4049/4207 4050/4208 3922/4079
f 3922/4079 4050/4208 4051/4209 3923/4080
f 3923/4080 4051/4209 4052/4210 3924/4081
f 3924/4081 4052/4210 4053/4211 3925/4082
f 3925/4082 4053/4211 4054/4212 3926/4083
f 3926/4083 4054/4212 4055/4213 3927/4084
f 3927/4084 4055/4213 4056/4214 3928/4085
f 3928/4085 4056/4214 4057/4215 3929/4086
f 3929/4086 4057/4215 4058/4216 3930/4087
f 3930/4087 4058/4216 4059/4217 3931/4088
f 3931/4088 4059/4217 4060/4218 3932/4089
f 3932/4089 4060/4218 4061/4219 3933/4090
f 3933/4090 4061/4219 4062/4220 3934/4091
f 3934/4091 4062/4220 4063/4221 3935/4092
f 3935/4092 4063/4221 4064/4222 3936/4093
f 3936/4093 4064/4222 4065/4223 3937/4094
f 3937/4094 4065/4223 4066/4224 3938/4095
f 3938/4095 4066/4224 4067/4225 3939/4096
f 3939/4096 4067/4225 4068/4226 3940/4097
f 3940/4097 4068/4226 4069/4227 3941/4098
f 3941/4098 4069/4227 4070/4228 3942/4099
f 3942/4099 4070/4228 4071/4229 3943/4100
f 3943/4100 4071/4229 4072/4230 3944/4101
f 3944/4101 4072/4230 4073/4231 3945/4102
f 3945/4102 4073/4231 4074/4232 3946/4103
f 3946/4103 4074/4232 4075/4233 3947/4104
f 3947/4104 4075/4233 4076/4234 3948/4105
f 3948/4105 4076/4234 4077/4235 3949/4106
f 3949/4106 4077/4235 4078/4236 3950/4107
f 3950/4107 4078/4236 4079/4237 3951/4108
f 3951/4108 4079/4237 4080/4238 3952/4109
f 3952/4109 4080/4238 4081/4239 3953/4110
f 3953/4110 4081/4239 4082/4240 3954/4111
f 3954/4111 4082/4240 4083/4241 3955/4112
f 3955/4112 4083/4241 4084/4242 3956/4113
f 3956/4113 4084/4242 4085/4243 3957/4114
f 3957/4114 4085/4243 4086/4244 3958/4115
f 3958/4115 4086/4244 4087/4245 3959/4116
f 3959/4116 4087/4245 4088/4246 3960/4117
f 3960/4117 4088/4246 4089/4247 3961/4118
f 3961/4118 4089/4247 4090/4248 3962/4119
f 3962/4119 4090/4248 4091/4249 3963/4120
f 3963/4120 4091/4249 4092/4250 3964/4121
f 3964/4121 4092/4250 4093/4251 3965/4122
f 3965/4122 4093/4251 4094/4252 3966/4123
f 3966/4123 4094/4252 4095/4253 3967/4124
f 3967/4124 4095/4253 4096/4254 3968/4125
f 3968/4125 4096/4254 4097/4255 3969/4126
f 3969/4126 4097/4255 3970/4256 3842/4127
f 3970/4128 4098/4257 4099/4258 3971/4129
f 3971/4129 4099/4258 4100/4259 3972/4130
f 3972/4130 4100/4259 4101/4260 3973/4131
f 3973/4131 4101/4260 4102/4261 3974/4132
f 3974/4132 4102/4261 4103/4262 3975/4133
f 3975/4133 4103/4262 4104/4263 3976/4134
f 3976/4134 4104/4263 4105/4264 3977/4135
f 3977/4135 4105/4264 4106/4265 3978/4136
f 3978/4136 4106/4265 4107/4266 3979/4137
f 3979/4137 4107/4266 4108/4267 3980/4138
f 3980/4138 4108/4267 4109/4268 3981/4139
f 3981/4139 4109/4268 4110/4269 3982/4140
f 3982/4140 4110/4269 4111/4270 3983/4141
f 3983/4141 4111/4270 4112/4271 3984/4142
f 3984/4142 4112/4271 4113/4272 3985/4143
f 3985/4143 4113/4272 4114/4273 3986/4144
f 3986/4144 4114/4273 4115/4274 3987/4145
f 3987/4145 4115/4274 4116/4275 3988/4146
f 3988/4146 4116/4275 4117/4276 3989/4147
f 3989/4147 4117/4276 4118/4277 3990/4148
f 3990/4148 4118/4277 4119/4278 3991/4149
f 3991/4149 4119/4278 4120/4279 3992/4150
f 3992/4150 4120/4279 4121/4280 3993/4151
f 3993/4151 4121/4280 4122/4281 3994/4152
f 3994/4152 4122/4281 4123/4282 3995/4153
f 3995/4153 4123/4282 4124/4283 3996/4154
f 3996/4154 4124/4283 4125/4284 3997/4155
f 3997/4155 4125/4284 4126/4285 3998/4156
f 3998/4156 4126/4285 4127/4286 3999/4157
f 3999/4157 4127/4286 4128/4287 4000/4158
f 4000/4158 4128/4287 4129/4288 4001/4159
f 4001/4159 4129/4288 4130/4289 4002/4160
f 4002/4160 4130/4289 4131/4290 4003/4161
f 4003/4161 4131/4290 4132/4291 4004/4162
f 4004/4162 4132/4291 4133/4292 4005/4163
f 4005/4163 4133/4292 4134/4293 4006/4164
f 4006/4164 4134/4293 4135/4294 4007/4165
f 4007/4165 4135/4294 4136/4295 4008/4166
f 4008/4166 4136/4295 4137/4296 4009/4167
f 4009/4167 4137/4296 4138/4297 4010/4168
f 4010/4168 4138/4297 4139/4298 4011/4169
f 4011/4169 4139/4298 4140/4299 4012/4170
f 4012/4170 4140/4299 4141/4300 4013/4171
f 4013/4171 4141/4300 4142/4301 4014/4172
f 4014/4172 4142/4301 4143/4302 4015/4173
f 4015/4173 4143/4302 4144/4303 4016/4174
f 4016/4174 4144/4303 4145/4304 4017/4175
f 4017/4175 4145/4304 4146/4305 4018/4176
f 4018/4176 4146/4305 4147/4306 4019/4177
f 4019/4177 4147/4306 4148/4307 4020/4178
f 4020/4178 4148/4307 4149/4308 4021/4179
f 4021/4179 4149/4308 4150/4309 4022/4180
f 4022/4180 4150/4309 4151/4310 4023/4181
f 4023/4181 4151/4310 4152/4311 4024/4182
f 4024/4182 4152/4311 4153/4312 4025/4183
f 4025/4183 4153/4312 4154/4313 4026/4184
f 4026/4184 4154/4313 4155/4314 4027/4185
f 4027/4185 4155/4314 4156/4315 4028/4186
f 4028/4186 4156/4315 4157/4316 4029/4187
f 4029/4187 4157/4316 4158/4317 4030/4188
f 4030/4188 4158/4317 4159/4318 4031/4189
f 4031/4189 4159/4318 4160/4319 4032/4190
f 4032/4190 4160/4319 4161/4320 4033/4191
f 4033/4191 4161/4320 4162/4321 4034/4192
f 4034/4192 4162/4321 4163/4322 4035/4193
f 4035/4193 4163/4322 4164/4323 4036/4194
f 4036/4194 4164/4323 4165/4324 4037/4195
f 4037/4195 4165/4324 4166/4325 4038/4196
f 4038/4196 4166/4325 4167/4326 4039/4197
f 4039/4197 4167/4326 4168/4327 4040/4198
f 4040/4198 4168/4327 4169/4328 4041/4199
f 4041/4199 4169/4328 4170/4329 4042/4200
f 4042/4200 4170/4329 4171/4330 4043/4201
f 4043/4201 4171/4330 4172/4331 4044/4202
f 4044/4202 4172/4331 4173/4332 4045/4203
f 4045/4203 4173/4332 4174/4333 4046/4204
f 4046/4204 4174/4333 4175/4334 4047/4205
f 4047/4205 4175/4334 4176/4335 4048/4206
f 4048/4206 4176/4335 4177/4336 4049/4207
f 4049/4207 4177/4336 4178/4337 4050/4208
f 4050/4208 4178/4337 4179/4338 4051/4209
f 4051/4209 4179/4338 4180/4339 4052/4210
f 4052/4210 4180/4339 4181/4340 4053/4211
f 4053/4211 4181/4340 4182/4341 4054/4212
f 4054/4212 4182/4341 4183/4342 4055/4213
f 4055/4213 4183/4342 4184/4343 4056/4214
f 4056/4214 4184/4343 4185/4344 4057/4215
f 4057/4215 4185/4344 4186/4345 4058/4216
f 4058/4216 4186/4345 4187/4346 4059/4217
f 4059/4217 4187/4346 4188/4347 4060/4218
f 4060/4218 4188/4347 4189/4348 4061/4219
f 4061/4219 4189/4348 4190/4349 4062/4220
f 4062/4220 4190/4349 4191/4350 4063/4221
f 4063/4221 4191/4350 4192/4351 4064/4222
f 4064/4222 4192/4351 4193/4352 4065/4223
f 4065/4223 4193/4352 4194/4353 4066/4224
f 4066/4224 4194/4353 4195/4354 4067/4225
f 4067/4225 4195/4354 4196/4355 4068/4226
f 4068/4226 4196/4355 4197/4356 4069/4227
f 4069/4227 4197/4356 4198/4357 4070/4228
f 4070/4228 4198/4357 4199/4358 4071/4229
f 4071/4229 4199/4358 4200/4359 4072/4230
f 4072/4230 4200/4359 4201/4360 4073/4231
f 4073/4231 4201/4360 4202/4361 4074/4232
f 4074/4232 4202/4361 4203/4362 4075/4233
f 4075/4233 4203/4362 4204/4363 4076/4234
f 4076/4234 4204/4363 4205/4364 4077/4235
f 4077/4235 4205/4364 4206/4365 4078/4236
f 4078/4236 4206/4365 4207/4366 4079/4237
f 4079/4237 4207/4366 4208/4367 4080/4238
f 4080/4238 4208/4367 4209/4368 4081/4239
f 4081/4239 4209/4368 4210/4369 4082/4240
f 4082/4240 4210/4369 4211/4370 4083/4241
f 4083/4241 4211/4370 4212/4371 4084/4242
f 4084/4242 4212/4371 4213/4372 4085/4243
f 4085/4243 4213/4372 4214/4373 4086/4244
f 4086/4244 4214/4373 4215/4374 4087/4245
f 4087/4245 4215/4374 4216/4375 4088/4246
f 4088/4246 4216/4375 4217/4376 4089/4247
f 4089/4247 4217/4376 4218/4377 4090/4248
f 4090/4248 4218/4377 4219/4378 4091/4249
f 4091/4249 4219/4378 4220/4379 4092/4250
f 4092/4250 4220/4379 4221/4380 4093/4251
f 4093/4251 4221/4380 4222/4381 4094/4252
f 4094/4252 4222/4381 4223/4382 4095/4253
f 4095/4253 4223/4382 4224/4383 4096/4254
f 4096/4254 4224/4383 4225/4384 4097/4255
f 4097/4255 4225/4384 4098/4385 3970/4256
f 4098/4257 4226/4386 4227/4387 4099/4258
f 4099/4258 4227/4387 4228/4388 4100/4259
f 4100/4259 4228/4388 4229/4389 4101/4260
f 4101/4260 4229/4389 4230/4390 4102/4261
f 4102/4261 4230/4390 4231/4391 4103/4262
f 4103/4262 4231/4391 4232/4392 4104/4263
f 4104/4263 4232/4392 4233/4393 4105/4264
f 4105/4264 4233/4393 4234/4394 4106/4265
f 4106/4265 4234/4394 4235/4395 4107/4266
f 4107/4266 4235/4395 4236/4396 4108/4267
f 4108/4267 4236/4396 4237/4397 4109/4268
f 4109/4268 4237/4397 4238/4398 4110/4269
f 4110/4269 4238/4398 4239/4399 4111/4270
f 4111/4270 4239/4399 4240/4400 4112/4271
f 4112/4271 4240/4400 4241/4401 4113/4272
f 4113/4272 4241/4401 4242/4402 4114/4273
f 4114/4273 4242/4402 4243/4403 4115/4274
f 4115/4274 4243/4403 4244/4404 4116/4275
f 4116/4275 4244/4404 4245/4405 4117/4276
f 4117/4276 4245/4405 4246/4406 4118/4277
f 4118/4277 4246/4406 4247/4407 4119/4278
f 4119/4278 4247/4407 4248/4408 4120/4279
f 4120/4279 4248/4408 4249/4409 4121/4280
f 4121/4280 4249/4409 4250/4410 4122/4281
f 4122/4281 4250/4410 4251/4411 4123/4282
f 4123/4282 4251/4411 4252/4412 4124/4283
f 4124/4283 4252/4412 4253/4413 4125/4284
f 4125/4284 4253/4413 4254/4414 4126/4285
f 4126/4285 4254/4414 4255/4415 4127/4286
f 4127/4286 4255/4415 4256/4416 4128/4287
f 4128/4287 4256/4416 4257/4417 4129/4288
f 4129/4288 4257/4417 4258/4418 4130/4289
f 4130/4289 4258/4418 4259/4419 4131/4290
f 4131/4290 4259/4419 4260/4420 4132/4291
f 4132/4291 4260/4420 4261/4421 4133/4292
f 4133/4292 4261/4421 4262/4422 4134/4293
f 4134/4293 4262/4422 4263/4423 4135/4294
f 4135/4294 4263/4423 4264/4424 4136/4295
f 4136/4295 4264/4424 4265/4425 4137/4296
f 4137/4296 4265/4425 4266/4426 4138/4297
f 4138/4297 4266/4426 4267/4427 4139/4298
f 4139/4298 4267/4427 4268/4428 4140/4299
f 4140/4299 4268/4428 4269/4429 4141/4300
f 4141/4300 4269/4429 4270/4430 4142/4301
f 4142/4301 4270/4430 4271/4431 4143/4302
f 4143/4302 4271/4431 4272/4432 4144/4303
f 4144/4303 4272/4432 4273/4433 4145/4304
f 4145/4304 4273/4433 4274/4434 4146/4305
f 4146/4305 4274/4434 4275/4435 4147/4306
f 4147/4306 4275/4435 4276/4436 4148/4307
f 4148/4307 4276/4436 4277/4437 4149/4308
f 4149/4308 4277/4437 4278/4438 4150/4309
f 4150/4309 4278/4438 4279/4439 4151/4310
f 4151/4310 4279/4439 4280/4440 4152/4311
f 4152/4311 4280/4440 4281/4441 4153/4312
f 4153/4312 4281/4441 4282/4442 4154/4313
f 4154/4313 4282/4442 4283/4443 4155/4314
f 4155/4314 4283/4443 4284/4444 4156/4315
f 4156/4315 4284/4444 4285/4445 4157/4316
f 4157/4316 4285/4445 4286/4446 4158/4317
f 4158/4317 4286/4446 4287/4447 4159/4318
f 4159/4318 4287/4447 4288/4448 4160/4319
f 4160/4319 4288/4448 4289/4449 4161/4320
f 4161/4320 4289/4449 4290/4450 4162/4321
f 4162/4321 4290/4450 4291/4451 4163/4322
f 4163/4322 4291/4451 4292/4452 4164/4323
f 4164/4323 4292/4452 4293/4453 4165/4324
f 4165/4324 4293/4453 4294/4454 4166/4325
f 4166/4325 4294/4454 4295/4455 4167/4326
f 4167/4326 4295/4455 4296/4456 4168/4327
f 4168/4327 4296/4456 4297/4457 4169/4328
f 4169/4328 4297/4457 4298/4458 4170/4329
f 4170/4329 4298/4458 4299/4459 4171/4330
f 4171/4330 4299/4459 4300/4460 4172/4331
f 4172/4331 4300/4460 4301/4461 4173/4332
f 4173/4332 4301/4461 4302/4462 4174/4333
f 4174/4333 4302/4462 4303/4463 4175/4334
f 4175/4334 4303/4463 4304/4464 4176/4335
f 4176/4335 4304/4464 4305/4465 4177/4336
f 4177/4336 4305/4465 4306/4466 4178/4337
f 4178/4337 4306/4466 4307/4467 4179/4338
f 4179/4338 4307/4467 4308/4468 4180/4339
f 4180/4339 4308/4468 4309/4469 4181/4340
f 4181/4340 4309/4469 4310/4470 4182/4341
f 4182/4341 4310/4470 4311/4471 4183/4342
f 4183/4342 4311/4471 4312/4472 4184/4343
f 4184/4343 4312/4472 4313/4473 4185/4344
f 4185/4344 4313/4473 4314/4474 4186/4345
f 4186/4345 4314/4474 4315/4475 4187/4346
f 4187/4346 4315/4475 4316/4476 4188/4347
f 4188/4347 4316/4476 4317/4477 4189/4348
f 4189/4348 4317/4477 4318/4478 4190/4349
f 4190/4349 4318/4478 4319/4479 4191/4350
f 4191/4350 4319/4479 4320/4480 4192/4351
f 4192/4351 4320/4480 4321/4481 4193/4352
f 4193/4352 4321/4481 4322/4482 4194/4353
f 4194/4353 4322/4482 4323/4483 4195/4354
f 4195/4354 4323/4483 4324/4484 4196/4355
f 4196/4355 4324/4484 4325/4485 4197/4356
f 4197/4356 4325/4485 4326/4486 4198/4357
f 4198/4357 4326/4486 4327/4487 4199/4358
f 4199/4358 4327/4487 4328/4488 4200/4359
f 4200/4359 4328/4488 4329/4489 4201/4360
f 4201/4360 4329/4489 4330/4490 4202/4361
f 4202/4361 4330/4490 4331/4491 4203/4362
f 4203/4362 4331/4491 4332/4492 4204/4363
f 4204/4363 4332/4492 4333/4493 4205/4364
f 4205/4364 4333/4493 4334/4494 4206/4365
f 4206/4365 4334/4494 4335/4495 4207/4366
f 4207/4366 4335/4495 4336/4496 4208/4367
f 4208/4367 4336/4496 4337/4497 4209/4368
f 4209/4368 4337/4497 4338/4498 4210/4369
f 4210/4369 4338/4498 4339/4499 4211/4370
f 4211/4370 4339/4499 4340/4500 4212/4371
f 4212/4371 4340/4500 4341/4501 4213/4372
f 4213/4372 4341/4501 4342/4502 4214/4373
f 4214/4373 4342/4502 4343/4503 4215/4374
f 4215/4374 4343/4503 4344/4504 4216/4375
f 4216/4375 4344/4504 4345/4505 4217/4376
f 4217/4376 4345/4505 4346/4506 4218/4377
f 4218/4377 4346/4506 4347/4507 4219/4378
f 4219/4378 4347/4507 4348/4508 4220/4379
f 4220/4379 4348/4508 4349/4509 4221/4380
f 4221/4380 4349/4509 4350/4510 4222/4381
f 4222/4381 4350/4510 4351/4511 4223/4382
f 4223/4382 4351/4511 4352/4512 4224/4383
f 4224/4383 4352/4512 4353/4513 4225/4384
f 4225/4384 4353/4513 4226/4514 4098/4385
f 4226/4386 4354/4515 4355/4516 4227/4387
f 4227/4387 4355/4516 4356/4517 4228/4388
f 4228/4388 4356/4517 4357/4518 4229/4389
f 4229/4389 4357/4518 4358/4519 4230/4390
f 4230/4390 4358/4519 4359/4520 4231/4391
f 4231/4391 4359/4520 4360/4521 4232/4392
f 4232/4392 4360/4521 4361/4522 4233/4393
f 4233/4393 4361/4522 4362/4523 4234/4394
f 4234/4394 4362/4523 4363/4524 4235/4395
f 4235/4395 4363/4524 4364/4525 4236/4396
f 4236/4396 4364/4525 4365/4526 4237/4397
f 4237/4397 4365/4526 4366/4527 4238/4398
f 4238/4398 4366/4527 4367/4528 4239/4399
f 4239/4399 4367/4528 4368/4529 4240/4400
f 4240/4400 4368/4529 4369/4530 4241/4401
f 4241/4401 4369/4530 4370/4531 4242/4402
f 4242/4402 4370/4531 4371/4532 4243/4403
f 4243/4403 4371/4532 4372/4533 4244/4404
f 4244/4404 4372/4533 4373/4534 4245/4405
f 4245/4405 4373/4534 4374/4535 4246/4406
f 4246/4406 4374/4535 4375/4536 4247/4407
f 4247/4407 4375/4536 4376/4537 4248/4408
f 4248/4408 4376/4537 4377/4538 4249/4409
f 4249/4409 4377/4538 4378/4539 4250/4410
f 4250/4410 4378/4539 4379/4540 4251/4411
f 4251/4411 4379/4540 4380/4541 4252/4412
f 4252/4412 4380/4541 4381/4542 4253/4413
f 4253/4413 4381/4542 4382/4543 4254/4414
f 4254/4414 4382/4543 4383/4544 4255/4415
f 4255/4415 4383/4544 4384/4545 4256/4416
f 4256/4416 4384/4545 4385/4546 4257/4417
f 4257/4417 4385/4546 4386/4547 4258/4418
f 4258/4418 4386/4547 4387/4548 4259/4419
f 4259/4419 4387/4548 4388/4549 4260/4420
f 4260/4420 4388/4549 4389/4550 4261/4421
f 4261/4421 4389/4550 4390/4551 4262/4422
f 4262/4422 4390/4551 4391/4552 4263/4423
f 4263/4423 4391/4552 4392/4553 4264/4424
f 4264/4424 4392/4553 4393/4554 4265/4425
f 4265/4425 4393/4554 4394/4555 4266/4426
f 4266/4426 4394/4555 4395/4556 4267/4427
f 4267/4427 4395/4556 4396/4557 4268/4428
f 4268/4428 4396/4557 4397/4558 4269/4429
f 4269/4429 4397/4558 4398/4559 4270/4430
f 4270/4430 4398/4559 4399/4560 4271/4431
f 4271/4431 4399/4560 4400/4561 4272/4432
f 4272/4432 4400/4561 4401/4562 4273/4433
f 4273/4433 4401/4562 4402/4563 4274/4434
f 4274/4434 4402/4563 4403/4564 4275/4435
f 4275/4435 4403/4564 4404/4565 4276/4436
f 4276/4436 4404/4565 4405/4566 4277/4437
f 4277/4437 4405/4566 4406/4567 4278/4438
f 4278/4438 4406/4567 4407/4568 4279/4439
f 4279/4439 4407/4568 4408/4569 4280/4440
f 4280/4440 4408/4569 4409/4570 4281/4441
f 4281/4441 4409/4570 4410/4571 4282/4442
f 4282/4442 4410/4571 4411/4572 4283/4443
f 4283/4443 4411/4572 4412/4573 4284/4444
f 4284/4444 4412/4573 4413/4574 4285/4445
f 4285/4445 4413/4574 4414/4575 4286/4446
f 4286/4446 4414/4575 4415/4576 4287/4447
f 4287/4447 4415/4576 4416/4577 4288/4448
f 4288/4448 4416/4577 4417/4578 4289/4449
f 4289/4449 4417/4578 4418/4579 4290/4450
f 4290/4450 4418/4579 4419/4580 4291/4451
f 4291/4451 4419/4580 4420/4581 4292/4452
f 4292/4452 4420/4581 4421/4582 4293/4453
f 4293/4453 4421/4582 4422/4583 4294/4454
f 4294/4454 4422/4583 4423/4584 4295/4455
f 4295/4455 4423/4584 4424/4585 4296/4456
f 4296/4456 4424/4585 4425/4586 4297/4457
f 4297/4457 4425/4586 4426/4587 4298/4458
f 4298/4458 4426/4587 4427/4588 4299/4459
f 4299/4459 4427/4588 4428/4589 4300/4460
f 4300/4460 4428/4589 4429/4590 4301/4461
f 4301/4461 4429/4590 4430/4591 4302/4462
f 4302/4462 4430/4591 4431/4592 4303/4463
f 4303/4463 4431/4592 4432/4593 4304/4464
f 4304/4464 4432/4593 4433/4594 4305/4465
f 4305/4465 4433/4594 4434/4595 4306/4466
f 4306/4466 4434/4595 4435/4596 4307/4467
f 4307/4467 4435/4596 4436/4597 4308/4468
f 4308/4468 4436/4597 4437/4598 4309/4469
f 4309/4469 4437/4598 4438/4599 4310/4470
f 4310/4470 4438/4599 4439/4600 4311/4471
f 4311/4471 4439/4600 4440/4601 4312/4472
f 4312/4472 4440/4601 4441/4602 4313/4473
f 4313/4473 4441/4602 4442/4603 4314/4474
f 4314/4474 4442/4603 4443/4604 4315/4475
f 4315/4475 4443/4604 4444/4605 4316/4476
f 4316/4476 4444/4605 4445/4606 4317/4477
f 4317/4477 4445/4606 4446/4607 4318/4478
f 4318/4478 4446/4607 4447/4608 4319/4479
f 4319/4479 4447/4608 4448/4609 4320/4480
f 4320/4480 4448/4609 4449/4610 4321/4481
f 4321/4481 4449/4610 4450/4611 4322/4482
f 4322/4482 4450/4611 4451/4612 4323/4483
f 4323/4483 4451/4612 4452/4613 4324/4484
f 4324/4484 4452/4613 4453/4614 4325/4485
f 4325/4485 4453/4614 4454/4615 4326/4486
f 4326/4486 4454/4615 4455/4616 4327/4487
f 4327/4487 4455/4616 4456/4617 4328/4488
f 4328/4488 4456/4617 4457/4618 4329/4489
f 4329/4489 4457/4618 4458/4619 4330/4490
f 4330/4490 4458/4619 4459/4620 4331/4491
f 4331/4491 4459/4620 4460/4621 4332/4492
f 4332/4492 4460/4621 4461/4622 4333/4493
f 4333/4493 4461/4622 4462/4623 4334/4494
f 4334/4494 4462/4623 4463/4624 4335/4495
f 4335/4495 4463/4624 4464/4625 4336/4496
f 4336/4496 4464/4625 4465/4626 4337/4497
f 4337/4497 4465/4626 4466/4627 4338/4498
f 4338/4498 4466/4627 4467/4628 4339/4499
f 4339/4499 4467/4628 4468/4629 4340/4500
f 4340/4500 4468/4629 4469/4630 4341/4501
f 4341/4501 4469/4630 4470/4631 4342/4502
f 4342/4502 4470/4631 4471/4632 4343/4503
f 4343/4503 4471/4632 4472/4633 4344/4504
f 4344/4504 4472/4633 4473/4634 4345/4505
f 4345/4505 4473/4634 4474/4635 4346/4506
f 4346/4506 4474/4635 4475/4636 4347/4507
f 4347/4507 4475/4636 4476/4637 4348/4508
f 4348/4508 4476/4637 4477/4638 4349/4509
f 4349/4509 4477/4638 4478/4639 4350/4510
f 4350/4510 4478/4639 4479/4640 4351/4511
f 4351/4511 4479/4640 4480/4641 4352/4512
f 4352/4512 4480/4641 4481/4642 4353/4513
f 4353/4513 4481/4642 4354/4643 4226/4514
f 4354/4515 4482/4644 4483/4645 4355/4516
f 4355/4516 4483/4645 4484/4646 4356/4517
f 4356/4517 4484/4646 4485/4647 4357/4518
f 4357/4518 4485/4647 4486/4648 4358/4519
f 4358/4519 4486/4648 4487/4649 4359/4520
f 4359/4520 4487/4649 4488/4650 4360/4521
f 4360/4521 4488/4650 4489/4651 4361/4522
f 4361/4522 4489/4651 4490/4652 4362/4523
f 4362/4523 4490/4652 4491/4653 4363/4524
f 4363/4524 4491/4653 4492/4654 4364/4525
f 4364/4525 4492/4654 4493/4655 4365/4526
f 4365/4526 4493/4655 4494/4656 4366/4527
f 4366/4527 4494/4656 4495/4657 4367/4528
f 4367/4528 4495/4657 4496/4658 4368/4529
f 4368/4529 4496/4658 4497/4659 4369/4530
f 4369/4530 4497/4659 4498/4660 4370/4531
f 4370/4531 4498/4660 4499/4661 4371/4532
f 4371/4532 4499/4661 4500/4662 4372/4533
f 4372/4533 4500/4662 4501/4663 4373/4534
f 4373/4534 4501/4663 4502/4664 4374/4535
f 4374/4535 4502/4664 4503/4665 4375/4536
f 4375/4536 4503/4665 4504/4666 4376/4537
f 4376/4537 4504/4666 4505/4667 4377/4538
f 4377/4538 4505/4667 4506/4668 4378/4539
f 4378/4539 4506/4668 4507/4669 4379/4540
f 4379/4540 4507/4669 4508/4670 4380/4541
f 4380/4541 4508/4670 4509/4671 4381/4542
f 4381/4542 4509/4671 4510/4672 4382/4543
f 4382/4543 4510/4672 4511/4673 4383/4544
f 4383/4544 4511/4673 4512/4674 4384/4545
f 4384/4545 4512/4674 4513/4675 4385/4546
f 4385/4546 4513/4675 4514/4676 4386/4547
f 4386/4547 4514/4676 4515/4677 4387/4548
f 4387/4548 4515/4677 4516/4678 4388/4549
f 4388/4549 4516/4678 4517/4679 4389/4550
f 4389/4550 4517/4679 4518/4680 4390/4551
f 4390/4551 4518/4680 4519/4681 4391/4552
f 4391/4552 4519/4681 4520/4682 4392/4553
f 4392/4553 4520/4682 4521/4683 4393/4554
f 4393/4554 4521/4683 4522/4684 4394/4555
f 4394/4555 4522/4684 4523/4685 4395/4556
f 4395/4556 4523/4685 4524/4686 4396/4557
f 4396/4557 4524/4686 4525/4687 4397/4558
f 4397/4558 4525/4687 4526/4688 4398/4559
f 4398/4559 4526/4688 4527/4689 4399/4560
f 4399/4560 4527/4689 4528/4690 4400/4561
f 4400/4561 4528/4690 4529/4691 4401/4562
f 4401/4562 4529/4691 4530/4692 4402/4563
f 4402/4563 4530/4692 4531/4693 4403/4564
f 4403/4564 4531/4693 4532/4694 4404/4565
f 4404/4565 4532/4694 4533/4695 4405/4566
f 4405/4566 4533/4695 4534/4696 4406/4567
f 4406/4567 4534/4696 4535/4697 4407/4568
f 4407/4568 4535/4697 4536/4698 4408/4569
f 4408/4569 4536/4698 4537/4699 4409/4570
f 4409/4570 4537/4699 4538/4700 4410/4571
f 4410/4571 4538/4700 4539/4701 4411/4572
f 4411/4572 4539/4701 4540/4702 4412/4573
f 4412/4573 4540/4702 4541/4703 4413/4574
f 4413/4574 4541/4703 4542/4704 4414/4575
f 4414/4575 4542/4704 4543/4705 4415/4576
f 4415/4576 4543/4705 4544/4706 4416/4577
f 4416/4577 4544/4706 4545/4707 4417/4578
f 4417/4578 4545/4707 4546/4708 4418/4579
f 4418/4579 4546/4708 4547/4709 4419/4580
f 4419/4580 4547/4709 4548/4710 4420/4581
f 4420/4581 4548/4710 4549/4711 4421/4582
f 4421/4582 4549/4711 4550/4712 4422/4583
f 4422/4583 4550/4712 4551/4713 4423/4584
f 4423/4584 4551/4713 4552/4714 4424/4585
f 4424/4585 4552/4714 4553/4715 4425/4586
f 4425/4586 4553/4715 4554/4716 4426/4587
f 4426/4587 4554/4716 4555/4717 4427/4588
f 4427/4588 4555/4717 4556/4718 4428/4589
f 4428/4589 4556/4718 4557/4719 4429/4590
f 4429/4590 4557/4719 4558/4720 4430/4591
f 4430/4591 4558/4720 4559/4721 4431/4592
f 4431/4592 4559/4721 4560/4722 4432/4593
f 4432/4593 4560/4722 4561/4723 4433/4594
f 4433/4594 4561/4723 4562/4724 4434/4595
f 4434/4595 4562/4724 4563/4725 4435/4596
f 4435/4596 4563/4725 4564/4726 4436/4597
f 4436/4597 4564/4726 4565/4727 4437/4598
f 4437/4598 4565/4727 4566/4728 4438/4599
f 4438/4599 4566/4728 4567/4729 4439/4600
f 4439/4600 4567/4729 4568/4730 4440/4601
f 4440/4601 4568/4730 4569/4731 4441/4602
f 4441/4602 4569/4731 4570/4732 4442/4603
f 4442/4603 4570/4732 4571/4733 4443/4604
f 4443/4604 4571/4733 4572/4734 4444/4605
f 4444/4605 4572/4734 4573/4735 4445/4606
f 4445/4606 4573/4735 4574/4736 4446/4607
f 4446/4607 4574/4736 4575/4737 4447/4608
f 4447/4608 4575/4737 4576/4738 4448/4609
f 4448/4609 4576/4738 4577/4739 4449/4610
f 4449/4610 4577/4739 4578/4740 4450/4611
f 4450/4611 4578/4740 4579/4741 4451/4612
f 4451/4612 4579/4741 4580/4742 4452/4613
f 4452/4613 4580/4742 4581/4743 4453/4614
f 4453/4614 4581/4743 4582/4744 4454/4615
f 4454/4615 4582/4744 4583/4745 4455/4616
f 4455/4616 4583/4745 4584/4746 4456/4617
f 4456/4617 4584/4746 4585/4747 4457/4618
f 4457/4618 4585/4747 4586/4748 4458/4619
f 4458/4619 4586/4748 4587/4749 4459/4620
f 4459/4620 4587/4749 4588/4750 4460/4621
f 4460/4621 4588/4750 4589/4751 4461/4622
f 4461/4622 4589/4751 4590/4752 4462/4623
f 4462/4623 4590/4752 4591/4753 4463/4624
f 4463/4624 4591/4753 4592/4754 4464/4625
f 4464/4625 4592/4754 4593/4755 4465/4626
f 4465/4626 4593/4755 4594/4756 4466/4627
f 4466/4627 4594/4756 4595/4757 4467/4628
f 4467/4628 4595/4757 4596/4758 4468/4629
f 4468/4629 4596/4758 4597/4759 4469/4630
f 4469/4630 4597/4759 4598/4760 4470/4631
f 4470/4631 4598/4760 4599/4761 4471/4632
f 4471/4632 4599/4761 4600/4762 4472/4633
f 4472/4633 4600/4762 4601/4763 4473/4634
f 4473/4634 4601/4763 4602/4764 4474/4635
f 4474/4635 4602/4764 4603/4765 4475/4636
f 4475/4636 4603/4765 4604/4766 4476/4637
f 4476/4637 4604/4766 4605/4767 4477/4638
f 4477/4638 4605/4767 4606/4768 4478/4639
f 4478/4639 4606/4768 4607/4769 4479/4640
f 4479/4640 4607/4769 4608/4770 4480/4641
f 4480/4641 4608/4770 4609/4771 4481/4642
f 4481/4642 4609/4771 4482/4772 4354/4643
f 4482/4644 4610/4773 4611/4774 4483/4645
f 4483/4645 4611/4774 4612/4775 4484/4646
f 4484/4646 4612/4775 4613/4776 4485/4647
f 4485/4647 4613/4776 4614/4777 4486/4648
f 4486/4648 4614/4777 4615/4778 4487/4649
f 4487/4649 4615/4778 4616/4779 4488/4650
f 4488/4650 4616/4779 4617/4780 4489/4651
f 4489/4651 4617/4780 4618/4781 4490/4652
f 4490/4652 4618/4781 4619/4782 4491/4653
f 4491/4653 4619/4782 4620/4783 4492/4654
f 4492/4654 4620/4783 4621/4784 4493/4655
f 4493/4655 4621/4784 4622/4785 4494/4656
f 4494/4656 4622/4785 4623/4786 4495/4657
f 4495/4657 4623/4786 4624/4787 4496/4658
f 4496/4658 4624/4787 4625/4788 4497/4659
f 4497/4659 4625/4788 4626/4789 4498/4660
f 4498/4660 4626/4789 4627/4790 4499/4661
f 4499/4661 4627/4790 4628/4791 4500/4662
f 4500/4662 4628/4791 4629/4792 4501/4663
f 4501/4663 4629/4792 4630/4793 4502/4664
f 4502/4664 4630/4793 4631/4794 4503/4665
f 4503/4665 4631/4794 4632/4795 4504/4666
f 4504/4666 4632/4795 4633/4796 4505/4667
f 4505/4667 4633/4796 4634/4797 4506/4668
f 4506/4668 4634/4797 4635/4798 4507/4669
f 4507/4669 4635/4798 4636/4799 4508/4670
f 4508/4670 4636/4799 4637/4800 4509/4671
f 4509/4671 4637/4800 4638/4801 4510/4672
f 4510/4672 4638/4801 4639/4802 4511/4673
f 4511/4673 4639/4802 4640/4803 4512/4674
f 4512/4674 4640/4803 4641/4804 4513/4675
f 4513/4675 4641/4804 4642/4805 4514/4676
f 4514/4676 4642/4805 4643/4806 4515/4677
f 4515/4677 4643/4806 4644/4807 4516/4678
f 4516/4678 4644/4807 4645/4808 4517/4679
f 4517/4679 4645/4808 4646/4809 4518/4680
f 4518/4680 4646/4809 4647/4810 4519/4681
f 4519/4681 4647/4810 4648/4811 4520/4682
f 4520/4682 4648/4811 4649/4812 4521/4683
f 4521/4683 4649/4812 4650/4813 4522/4684
f 4522/4684 4650/4813 4651/4814 4523/4685
f 4523/4685 4651/4814 4652/4815 4524/4686
f 4524/4686 4652/4815 4653/4816 4525/4687
f 4525/4687 4653/4816 4654/4817 4526/4688
f 4526/4688 4654/4817 4655/4818 4527/4689
f 4527/4689 4655/4818 4656/4819 4528/4690
f 4528/4690 4656/4819 4657/4820 4529/4691
f 4529/4691 4657/4820 4658/4821 4530/4692
f 4530/4692 4658/4821 4659/4822 4531/4693
f 4531/4693 4659/4822 4660/4823 4532/4694
f 4532/4694 4660/4823 4661/4824 4533/4695
f 4533/4695 4661/4824 4662/4825 4534/4696
f 4534/4696 4662/4825 4663/4826 4535/4697
f 4535/4697 4663/4826 4664/4827 4536/4698
f 4536/4698 4664/4827 4665/4828 4537/4699
f 4537/4699 4665/4828 4666/4829 4538/4700
f 4538/4700 4666/4829 4667/4830 4539/4701
f 4539/4701 4667/4830 4668/4831 4540/4702
f 4540/4702 4668/4831 4669/4832 4541/4703
f 4541/4703 4669/4832 4670/4833 4542/4704
f 4542/4704 4670/4833 4671/4834 4543/4705
f 4543/4705 4671/4834 4672/4835 4544/4706
f 4544/4706 4672/4835 4673/4836 4545/4707
f 4545/4707 4673/4836 4674/4837 4546/4708
f 4546/4708 4674/4837 4675/4838 4547/4709
f 4547/4709 4675/4838 4676/4839 4548/4710
f 4548/4710 4676/4839 4677/4840 4549/4711
f 4549/4711 4677/4840 4678/4841 4550/4712
f 4550/4712 4678/4841 4679/4842 4551/4713
f 4551/4713 4679/4842 4680/4843 4552/4714
f 4552/4714 4680/4843 4681/4844 4553/4715
f 4553/4715 4681/4844 4682/4845 4554/4716
f 4554/4716 4682/4845 4683/4846 4555/4717
f 4555/4717 4683/4846 4684/4847 4556/4718
f 4556/4718 4684/4847 4685/4848 4557/4719
f 4557/4719 4685/4848 4686/4849 4558/4720
f 4558/4720 4686/4849 4687/4850 4559/4721
f 4559/4721 4687/4850 4688/4851 4560/4722
f 4560/4722 4688/4851 4689/4852 4561/4723
f 4561/4723 4689/4852 4690/4853 4562/4724
f 4562/4724 4690/4853 4691/4854 4563/4725
f 4563/4725 4691/4854 4692/4855 4564/4726
f 4564/4726 4692/4855 4693/4856 4565/4727
f 4565/4727 4693/4856 4694/4857 4566/4728
f 4566/4728 4694/4857 4695/4858 4567/4729
f 4567/4729 4695/4858 4696/4859 4568/4730
f 4568/4730 4696/4859 4697/4860 4569/4731
f 4569/4731 4697/4860 4698/4861 4570/4732
f 4570/4732 4698/4861 4699/4862 4571/4733
f 4571/4733 4699/4862 4700/4863 4572/4734
f 4572/4734 4700/4863 4701/4864 4573/4735
f 4573/4735 4701/4864 4702/4865 4574/4736
f 4574/4736 4702/4865 4703/4866 4575/4737
f 4575/4737 4703/4866 4704/4867 4576/4738
f 4576/4738 4704/4867 4705/4868 4577/4739
f 4577/4739 4705/4868 4706/4869 4578/4740
f 4578/4740 4706/4869 4707/4870 4579/4741
f 4579/4741 4707/4870 4708/4871 4580/4742
f 4580/4742 4708/4871 4709/4872 4581/4743
f 4581/4743 4709/4872 4710/4873 4582/4744
f 4582/4744 4710/4873 4711/4874 4583/4745
f 4583/4745 4711/4874 4712/4875 4584/4746
f 4584/4746 4712/4875 4713/4876 4585/4747
f 4585/4747 4713/4876 4714/4877 4586/4748
f 4586/4748 4714/4877 4715/4878 4587/4749
f 4587/4749 4715/4878 4716/4879 4588/4750
f 4588/4750 4716/4879 4717/4880 4589/4751
f 4589/4751 4717/4880 4718/4881 4590/4752
f 4590/4752 4718/4881 4719/4882 4591/4753
f 4591/4753 4719/4882 4720/4883 4592/4754
f 4592/4754 4720/4883 4721/4884 4593/4755
f 4593/4755 4721/4884 4722/4885 4594/4756
f 4594/4756 4722/4885 4723/4886 4595/4757
f 4595/4757 4723/4886 4724/4887 4596/4758
f 4596/4758 4724/4887 4725/4888 4597/4759
f 4597/4759 4725/4888 4726/4889 4598/4760
f 4598/4760 4726/4889 4727/4890 4599/4761
f 4599/4761 4727/4890 4728/4891 4600/4762
f 4600/4762 4728/4891 4729/4892 4601/4763
f 4601/4763 4729/4892 4730/4893 4602/4764
f 4602/4764 4730/4893 4731/4894 4603/4765
f 4603/4765 4731/4894 4732/4895 4604/4766
f 4604/4766 4732/4895 4733/4896 4605/4767
f 4605/4767 4733/4896 4734/4897 4606/4768
f 4606/4768 4734/4897 4735/4898 4607/4769
f 4607/4769 4735/4898 4736/4899 4608/4770
f 4608/4770 4736/4899 4737/4900 4609/4771
f 4609/4771 4737/4900 4610/4901 4482/4772
f 4610/4773 4738/4902 4739/4903 4611/4774
f 4611/4774 4739/4903 4740/4904 4612/4775
f 4612/4775 4740/4904 4741/4905 4613/4776
f 4613/4776 4741/4905 4742/4906 4614/4777
f 4614/4777 4742/4906 4743/4907 4615/4778
f 4615/4778 4743/4907 4744/4908 4616/4779
f 4616/4779 4744/4908 4745/4909 4617/4780
f 4617/4780 4745/4909 4746/4910 4618/4781
f 4618/4781 4746/4910 4747/4911 4619/4782
f 4619/4782 4747/4911 4748/4912 4620/4783
f 4620/4783 4748/4912 4749/4913 4621/4784
f 4621/4784 4749/4913 4750/4914 4622/4785
f 4622/4785 4750/4914 4751/4915 4623/4786
f 4623/4786 4751/4915 4752/4916 4624/4787
f 4624/4787 4752/4916 4753/4917 4625/4788
f 4625/4788 4753/4917 4754/4918 4626/4789
f 4626/4789 4754/4918 4755/4919 4627/4790
f 4627/4790 4755/4919 4756/4920 4628/4791
f 4628/4791 4756/4920 4757/4921 4629/4792
f 4629/4792 4757/4921 4758/4922 4630/4793
f 4630/4793 4758/4922 4759/4923 4631/4794
f 4631/4794 4759/4923 4760/4924 4632/4795
f 4632/4795 4760/4924 4761/4925 4633/4796
f 4633/4796 4761/4925 4762/4926 4634/4797
f 4634/4797 4762/4926 4763/4927 4635/4798
f 4635/4798 4763/4927 4764/4928 4636/4799
f 4636/4799 4764/4928 4765/4929 4637/4800
f 4637/4800 4765/4929 4766/4930 4638/4801
f 4638/4801 4766/4930 4767/4931 4639/4802
f 4639/4802 4767/4931 4768/4932 4640/4803
f 4640/4803 4768/4932 4769/4933 4641/4804
f 4641/4804 4769/4933 4770/4934 4642/4805
f 4642/4805 4770/4934 4771/4935 4643/4806
f 4643/4806 4771/4935 4772/4936 4644/4807
f 4644/4807 4772/4936 4773/4937 4645/4808
f 4645/4808 4773/4937 4774/4938 4646/4809
f 4646/4809 4774/4938 4775/4939 4647/4810
f 4647/4810 4775/4939 4776/4940 4648/4811
f 4648/4811 4776/4940 4777/4941 4649/4812
f 4649/4812 4777/4941 4778/4942 4650/4813
f 4650/4813 4778/4942 4779/4943 4651/4814
f 4651/4814 4779/4943 4780/4944 4652/4815
f 4652/4815 4780/4944 4781/4945 4653/4816
f 4653/4816 4781/4945 4782/4946 4654/4817
f 4654/4817 4782/4946 4783/4947 4655/4818
f 4655/4818 4783/4947 4784/4948 4656/4819
f 4656/4819 4784/4948 4785/4949 4657/4820
f 4657/4820 4785/4949 4786/4950 4658/4821
f 4658/4821 4786/4950 4787/4951 4659/4822
f 4659/4822 4787/4951 4788/4952 4660/4823
f 4660/4823 4788/4952 4789/4953 4661/4824
f 4661/4824 4789/4953 4790/4954 4662/4825
f 4662/4825 4790/4954 4791/4955 4663/4826
f 4663/4826 4791/4955 4792/4956 4664/4827
f 4664/4827 4792/4956 4793/4957 4665/4828
f 4665/4828 4793/4957 4794/4958 4666/4829
f 4666/4829 4794/4958 4795/4959 4667/4830
f 4667/4830 4795/4959 4796/4960 4668/4831
f 4668/4831 4796/4960 4797/4961 4669/4832
f 4669/4832 4797/4961 4798/4962 4670/4833
f 4670/4833 4798/4962 4799/4963 4671/4834
f 4671/4834 4799/4963 4800/4964 4672/4835
f 4672/4835 4800/4964 4801/4965 4673/4836
f 4673/4836 4801/4965 4802/4966 4674/4837
f 4674/4837 4802/4966 4803/4967 4675/4838
f 4675/4838 4803/4967 4804/4968 4676/4839
f 4676/4839 4804/4968 4805/4969 4677/4840
f 4677/4840 4805/4969 4806/4970 4678/4841
f 4678/4841 4806/4970 4807/4971 4679/4842
f 4679/4842 4807/4971 4808/4972 4680/4843
f 4680/4843 4808/4972 4809/4973 4681/4844
f 4681/4844 4809/4973 4810/4974 4682/4845
f 4682/4845 4810/4974 4811/4975 4683/4846
f 4683/4846 4811/4975 4812/4976 4684/4847
f 4684/4847 4812/4976 4813/4977 4685/4848
f 4685/4848 4813/4977 4814/4978 4686/4849
f 4686/4849 4814/4978 4815/4979 4687/4850
f 4687/4850 4815/4979 4816/4980 4688/4851
f 4688/4851 4816/4980 4817/4981 4689/4852
f 4689/4852 4817/4981 4818/4982 4690/4853
f 4690/4853 4818/4982 4819/4983 4691/4854
f 4691/4854 4819/4983 4820/4984 4692/4855
f 4692/4855 4820/4984 4821/4985 4693/4856
f 4693/4856 4821/4985 4822/4986 4694/4857
f 4694/4857 4822/4986 4823/4987 4695/4858
f 4695/4858 4823/4987 4824/4988 4696/4859
f 4696/4859 4824/4988 4825/4989 4697/4860
f 4697/4860 4825/4989 4826/4990 4698/4861
f 4698/4861 4826/4990 4827/4991 4699/4862
f 4699/4862 4827/4991 4828/4992 4700/4863
f 4700/4863 4828/4992 4829/4993 4701/4864
f 4701/4864 4829/4993 4830/4994 4702/4865
f 4702/4865 4830/4994 4831/4995 4703/4866
f 4703/4866 4831/4995 4832/4996 4704/4867
f 4704/4867 4832/4996 4833/4997 4705/4868
f 4705/4868 4833/4997 4834/4998 4706/4869
f 4706/4869 4834/4998 4835/4999 4707/4870
f 4707/4870 4835/4999 4836/5000 4708/4871
f 4708/4871 4836/5000 4837/5001 4709/4872
f 4709/4872 4837/5001 4838/5002 4710/4873
f 4710/4873 4838/5002 4839/5003 4711/4874
f 4711/4874 4839/5003 4840/5004 4712/4875
f 4712/4875 4840/5004 4841/5005 4713/4876
f 4713/4876 4841/5005 4842/5006 4714/4877
f 4714/4877 4842/5006 4843/5007 4715/4878
f 4715/4878 4843/5007 4844/5008 4716/4879
f 4716/4879 4844/5008 4845/5009 4717/4880
f 4717/4880 4845/5009 4846/5010 4718/4881
f 4718/4881 4846/5010 4847/5011 4719/4882
f 4719/4882 4847/5011 4848/5012 4720/4883
f 4720/4883 4848/5012 4849/5013 4721/4884
f 4721/4884 4849/5013 4850/5014 4722/4885
f 4722/4885 4850/5014 4851/5015 4723/4886
f 4723/4886 4851/5015 4852/5016 4724/4887
f 4724/4887 4852/5016 4853/5017 4725/4888
f 4725/4888 4853/5017 4854/5018 4726/4889
f 4726/4889 4854/5018 4855/5019 4727/4890
f 4727/4890 4855/5019 4856/5020 4728/4891
f 4728/4891 4856/5020 4857/5021 4729/4892
f 4729/4892 4857/5021 4858/5022 4730/4893
f 4730/4893 4858/5022 4859/5023 4731/4894
f 4731/4894 4859/5023 4860/5024 4732/4895
f 4732/4895 4860/5024 4861/5025 4733/4896
f 4733/4896 4861/5025 4862/5026 4734/4897
f 4734/4897 4862/5026 4863/5027 4735/4898
f 4735/4898 4863/5027 4864/5028 4736/4899
f 4736/4899 4864/5028 4865/5029 4737/4900
f 4737/4900 4865/5029 4738/5030 4610/4901
f 4738/4902 4866/5031 4867/5032 4739/4903
f 4739/4903 4867/5032 4868/5033 4740/4904
f 4740/4904 4868/5033 4869/5034 4741/4905
f 4741/4905 4869/5034 4870/5035 4742/4906
f 4742/4906 4870/5035 4871/5036 4743/4907
f 4743/4907 4871/5036 4872/5037 4744/4908
f 4744/4908 4872/5037 4873/5038 4745/4909
f 4745/4909 4873/5038 4874/5039 4746/4910
f 4746/4910 4874/5039 4875/5040 4747/4911
f 4747/4911 4875/5040 4876/5041 4748/4912
f 4748/4912 4876/5041 4877/5042 4749/4913
f 4749/4913 4877/5042 4878/5043 4750/4914
f 4750/4914 4878/5043 4879/5044 4751/4915
f 4751/4915 4879/5044 4880/5045 4752/4916
f 4752/4916 4880/5045 4881/5046 4753/4917
f 4753/4917 4881/5046 4882/5047 4754/4918
f 4754/4918 4882/5047 4883/5048 4755/4919
f 4755/4919 4883/5048 4884/5049 4756/4920
f 4756/4920 4884/5049 4885/5050 4757/4921
f 4757/4921 4885/5050 4886/5051 4758/4922
f 4758/4922 4886/5051 4887/5052 4759/4923
f 4759/4923 4887/5052 4888/5053 4760/4924
f 4760/4924 4888/5053 4889/5054 4761/4925
f 4761/4925 4889/5054 4890/5055 4762/4926
f 4762/4926 4890/5055 4891/5056 4763/4927
f 4763/4927 4891/5056 4892/5057 4764/4928
f 4764/4928 4892/5057 4893/5058 4765/4929
f 4765/4929 4893/5058 4894/5059 4766/4930
f 4766/4930 4894/5059 4895/5060 4767/4931
f 4767/4931 4895/5060 4896/5061 4768/4932
f 4768/4932 4896/5061 4897/5062 4769/4933
f 4769/4933 4897/5062 4898/5063 4770/4934
f 4770/4934 4898/5063 4899/5064 4771/4935
f 4771/4935 4899/5064 4900/5065 4772/4936
f 4772/4936 4900/5065 4901/5066 4773/4937
f 4773/4937 4901/5066 4902/5067 4774/4938
f 4774/4938 4902/5067 4903/5068 4775/4939
f 4775/4939 4903/5068 4904/5069 4776/4940
f 4776/4940 4904/5069 4905/5070 4777/4941
f 4777/4941 4905/5070 4906/5071 4778/4942
f 4778/4942 4906/5071 4907/5072 4779/4943
f 4779/4943 4907/5072 4908/5073 4780/4944
f 4780/4944 4908/5073 4909/5074 4781/4945
f 4781/4945 4909/5074 4910/5075 4782/4946
f 4782/4946 4910/5075 4911/5076 4783/4947
f 4783/4947 4911/5076 4912/5077 4784/4948
f 4784/4948 4912/5077 4913/5078 4785/4949
f 4785/4949 4913/5078 4914/5079 4786/4950
f 4786/4950 4914/5079 4915/5080 4787/4951
f 4787/4951 4915/5080 4916/5081 4788/4952
f 4788/4952 4916/5081 4917/5082 4789/4953
f 4789/4953 4917/5082 4918/5083 4790/4954
f 4790/4954 4918/5083 4919/5084 4791/4955
f 4791/4955 4919/5084 4920/5085 4792/4956
f 4792/4956 4920/5085 4921/5086 4793/4957
f 4793/4957 4921/5086 4922/5087 4794/4958
f 4794/4958 4922/5087 4923/5088 4795/4959
f 4795/4959 4923/5088 4924/5089 4796/4960
f 4796/4960 4924/5089 4925/5090 4797/4961
f 4797/4961 4925/5090 4926/5091 4798/4962
f 4798/4962 4926/5091 4927/5092 4799/4963
f 4799/4963 4927/5092 4928/5093 4800/4964
f 4800/4964 4928/5093 4929/5094 4801/4965
f 4801/4965 4929/5094 4930/5095 4802/4966
f 4802/4966 4930/5095 4931/5096 4803/4967
f 4803/4967 4931/5096 4932/5097 4804/4968
f 4804/4968 4932/5097 4933/5098 4805/4969
f 4805/4969 4933/5098 4934/5099 4806/4970
f 4806/4970 4934/5099 4935/5100 4807/4971
f 4807/4971 4935/5100 4936/5101 4808/4972
f 4808/4972 4936/5101 4937/5102 4809/4973
f 4809/4973 4937/5102 4938/5103 4810/4974
f 4810/4974 4938/5103 4939/5104 4811/4975
f 4811/4975 4939/5104 4940/5105 4812/4976
f 4812/4976 4940/5105 4941/5106 4813/4977
f 4813/4977 4941/5106 4942/5107 4814/4978
f 4814/4978 4942/5107 4943/5108 4815/4979
f 4815/4979 4943/5108 4944/5109 4816/4980
f 4816/4980 4944/5109 4945/5110 4817/4981
f 4817/4981 4945/5110 4946/5111 4818/4982
f 4818/4982 4946/5111 4947/5112 4819/4983
f 4819/4983 4947/5112 4948/5113 4820/4984
f 4820/4984 4948/5113 4949/5114 4821/4985
f 4821/4985 4949/5114 4950/5115 4822/4986
f 4822/4986 4950/5115 4951/5116 4823/4987
f 4823/4987 4951/5116 4952/5117 4824/4988
f 4824/4988 4952/5117 4953/5118 4825/4989
f 4825/4989 4953/5118 4954/5119 4826/4990
f 4826/4990 4954/5119 4955/5120 4827/4991
f 4827/4991 4955/5120 4956/5121 4828/4992
f 4828/4992 4956/5121 4957/5122 4829/4993
f 4829/4993 4957/5122 4958/5123 4830/4994
f 4830/4994 4958/5123 4959/5124 4831/4995
f 4831/4995 4959/5124 4960/5125 4832/4996
f 4832/4996 4960/5125 4961/5126 4833/4997
f 4833/4997 4961/5126 4962/5127 4834/4998
f 4834/4998 4962/5127 4963/5128 4835/4999
f 4835/4999 4963/5128 4964/5129 4836/5000
f 4836/5000 4964/5129 4965/5130 4837/5001
f 4837/5001 4965/5130 4966/5131 4838/5002
f 4838/5002 4966/5131 4967/5132 4839/5003
f 4839/5003 4967/5132 4968/5133 4840/5004
f 4840/5004 4968/5133 4969/5134 4841/5005
f 4841/5005 4969/5134 4970/5135 4842/5006
f 4842/5006 4970/5135 4971/5136 4843/5007
f 4843/5007 4971/5136 4972/5137 4844/5008
f 4844/5008 4972/5137 4973/5138 4845/5009
f 4845/5009 4973/5138 4974/5139 4846/5010
f 4846/5010 4974/5139 4975/5140 4847/5011
f 4847/5011 4975/5140 4976/5141 4848/5012
f 4848/5012 4976/5141 4977/5142 4849/5013
f 4849/5013 4977/5142 4978/5143 4850/5014
f 4850/5014 4978/5143 4979/5144 4851/5015
f 4851/5015 4979/5144 4980/5145 4852/5016
f 4852/5016 4980/5145 4981/5146 4853/5017
f 4853/5017 4981/5146 4982/5147 4854/5018
f 4854/5018 4982/5147 4983/5148 4855/5019
f 4855/5019 4983/5148 4984/5149 4856/5020
f 4856/5020 4984/5149 4985/5150 4857/5021
f 4857/5021 4985/5150 4986/5151 4858/5022
f 4858/5022 4986/5151 4987/5152 4859/5023
f 4859/5023 4987/5152 4988/5153 4860/5024
f 4860/5024 4988/5153 4989/5154 4861/5025
f 4861/5025 4989/5154 4990/5155 4862/5026
f 4862/5026 4990/5155 4991/5156 4863/5027
f 4863/5027 4991/5156 4992/5157 4864/5028
f 4864/5028 4992/5157 4993/5158 4865/5029
f 4865/5029 4993/5158 4866/5159 4738/5030
f 4866/5031 4994/5160 4995/5161 4867/5032
f 4867/5032 4995/5161 4996/5162 4868/5033
f 4868/5033 4996/5162 4997/5163 4869/5034
f 4869/5034 4997/5163 4998/5164 4870/5035
f 4870/5035 4998/5164 4999/5165 4871/5036
f 4871/5036 4999/5165 5000/5166 4872/5037
f 4872/5037 5000/5166 5001/5167 4873/5038
f 4873/5038 5001/5167 5002/5168 4874/5039
f 4874/5039 5002/5168 5003/5169 4875/5040
f 4875/5040 5003/5169 5004/5170 4876/5041
f 4876/5041 5004/5170 5005/5171 4877/5042
f 4877/5042 5005/5171 5006/5172 4878/5043
f 4878/5043 5006/5172 5007/5173 4879/5044
f 4879/5044 5007/5173 5008/5174 4880/5045
f 4880/5045 5008/5174 5009/5175 4881/5046
f 4881/5046 5009/5175 5010/5176 4882/5047
f 4882/5047 5010/5176 5011/5177 4883/5048
f 4883/5048 5011/5177 5012/5178 4884/5049
f 4884/5049 5012/5178 5013/5179 4885/5050
f 4885/5050 5013/5179 5014/5180 4886/5051
f 4886/5051 5014/5180 5015/5181 4887/5052
f 4887/5052 5015/5181 5016/5182 4888/5053
f 4888/5053 5016/5182 5017/5183 4889/5054
f 4889/5054 5017/5183 5018/5184 4890/5055
f 4890/5055 5018/5184 5019/5185 4891/5056
f 4891/5056 5019/5185 5020/5186 4892/5057
f 4892/5057 5020/5186 5021/5187 4893/5058
f 4893/5058 5021/5187 5022/5188 4894/5059
f 4894/5059 5022/5188 5023/5189 4895/5060
f 4895/5060 5023/5189 5024/5190 4896/5061
f 4896/5061 5024/5190 5025/5191 4897/5062
f 4897/5062 5025/5191 5026/5192 4898/5063
f 4898/5063 5026/5192 5027/5193 4899/5064
f 4899/5064 5027/5193 5028/5194 4900/5065
f 4900/5065 5028/5194 5029/5195 4901/5066
f 4901/5066 5029/5195 5030/5196 4902/5067
f 4902/5067 5030/5196 5031/5197 4903/5068
f 4903/5068 5031/5197 5032/5198 4904/5069
f 4904/5069 5032/5198 5033/5199 4905/5070
f 4905/5070 5033/5199 5034/5200 4906/5071
f 4906/5071 5034/5200 5035/5201 4907/5072
f 4907/5072 5035/5201 5036/5202 4908/5073
f 4908/5073 5036/5202 5037/5203 4909/5074
f 4909/5074 5037/5203 5038/5204 4910/5075
f 4910/5075 5038/5204 5039/5205 4911/5076
f 4911/5076 5039/5205 5040/5206 4912/5077
f 4912/5077 5040/5206 5041/5207 4913/5078
f 4913/5078 5041/5207 5042/5208 4914/5079
f 4914/5079 5042/5208 5043/5209 4915/5080
f 4915/5080 5043/5209 5044/5210 4916/5081
f 4916/5081 5044/5210 5045/5211 4917/5082
f 4917/5082 5045/5211 5046/5212 4918/5083
f 4918/5083 5046/5212 5047/5213 4919/5084
f 4919/5084 5047/5213 5048/5214 4920/5085
f 4920/5085 5048/5214 5049/5215 4921/5086
f 4921/5086 5049/5215 5050/5216 4922/5087
f 4922/5087 5050/5216 5051/5217 4923/5088
f 4923/5088 5051/5217 5052/5218 4924/5089
f 4924/5089 5052/5218 5053/5219 4925/5090
f 4925/5090 5053/5219 5054/5220 4926/5091
f 4926/5091 5054/5220 5055/5221 4927/5092
f 4927/5092 5055/5221 5056/5222 4928/5093
f 4928/5093 5056/5222 5057/5223 4929/5094
f 4929/5094 5057/5223 5058/5224 4930/5095
f 4930/5095 5058/5224 5059/5225 4931/5096
f 4931/5096 5059/5225 5060/5226 4932/5097
f 4932/5097 5060/5226 5061/5227 4933/5098
f 4933/5098 5061/5227 5062/5228 4934/5099
f 4934/5099 5062/5228 5063/5229 4935/5100
f 4935/5100 5063/5229 5064/5230 4936/5101
f 4936/5101 5064/5230 5065/5231 4937/5102
f 4937/5102 5065/5231 5066/5232 4938/5103
f 4938/5103 5066/5232 5067/5233 4939/5104
f 4939/5104 5067/5233 5068/5234 4940/5105
f 4940/5105 5068/5234 5069/5235 4941/5106
f 4941/5106 5069/5235 5070/5236 4942/5107
f 4942/5107 5070/5236 5071/5237 4943/5108
f 4943/5108 5071/5237 5072/5238 4944/5109
f 4944/5109 5072/5238 5073/5239 4945/5110
f 4945/5110 5073/5239 5074/5240 4946/5111
f 4946/5111 5074/5240 5075/5241 4947/5112
f 4947/5112 5075/5241 5076/5242 4948/5113
f 4948/5113 5076/5242 5077/5243 4949/5114
f 4949/5114 5077/5243 5078/5244 4950/5115
f 4950/5115 5078/5244 5079/5245 4951/5116
f 4951/5116 5079/5245 5080/5246 4952/5117
f 4952/5117 5080/5246 5081/5247 4953/5118
f 4953/5118 5081/5247 5082/5248 4954/5119
f 4954/5119 5082/5248 5083/5249 4955/5120
f 4955/5120 5083/5249 5084/5250 4956/5121
f 4956/5121 5084/5250 5085/5251 4957/5122
f 4957/5122 5085/5251 5086/5252 4958/5123
f 4958/5123 5086/5252 5087/5253 4959/5124
f 4959/5124 5087/5253 5088/5254 4960/5125
f 4960/5125 5088/5254 5089/5255 4961/5126
f 4961/5126 5089/5255 5090/5256 4962/5127
f 4962/5127 5090/5256 5091/5257 4963/5128
f 4963/5128 5091/5257 5092/5258 4964/5129
f 4964/5129 5092/5258 5093/5259 4965/5130
f 4965/5130 5093/5259 5094/5260 4966/5131
f 4966/5131 5094/5260 5095/5261 4967/5132
f 4967/5132 5095/5261 5096/5262 4968/5133
f 4968/5133 5096/5262 5097/5263 4969/5134
f 4969/5134 5097/5263 5098/5264 4970/5135
f 4970/5135 5098/5264 5099/5265 4971/5136
f 4971/5136 5099/5265 5100/5266 4972/5137
f 4972/5137 5100/5266 5101/5267 4973/5138
f 4973/5138 5101/5267 5102/5268 4974/5139
f 4974/5139 5102/5268 5103/5269 4975/5140
f 4975/5140 5103/5269 5104/5270 4976/5141
f 4976/5141 5104/5270 5105/5271 4977/5142
f 4977/5142 5105/5271 5106/5272 4978/5143
f 4978/5143 5106/5272 5107/5273 4979/5144
f 4979/5144 5107/5273 5108/5274 4980/5145
f 4980/5145 5108/5274 5109/5275 4981/5146
f 4981/5146 5109/5275 5110/5276 4982/5147
f 4982/5147 5110/5276 5111/5277 4983/5148
f 4983/5148 5111/5277 5112/5278 4984/5149
f 4984/5149 5112/5278 5113/5279 4985/5150
f 4985/5150 5113/5279 5114/5280 4986/5151
f 4986/5151 5114/5280 5115/5281 4987/5152
f 4987/5152 5115/5281 5116/5282 4988/5153
f 4988/5153 5116/5282 5117/5283 4989/5154
f 4989/5154 5117/5283 5118/5284 4990/5155
f 4990/5155 5118/5284 5119/5285 4991/5156
f 4991/5156 5119/5285 5120/5286 4992/5157
f 4992/5157 5120/5286 5121/5287 4993/5158
f 4993/5158 5121/5287 4994/5288 4866/5159
f 4994/5160 5122/5289 5123/5290 4995/5161
f 4995/5161 5123/5290 5124/5291 4996/5162
f 4996/5162 5124/5291 5125/5292 4997/5163
f 4997/5163 5125/5292 5126/5293 4998/5164
f 4998/5164 5126/5293 5127/5294 4999/5165
f 4999/5165 5127/5294 5128/5295 5000/5166
f 5000/5166 5128/5295 5129/5296 5001/5167
f 5001/5167 5129/5296 5130/5297 5002/5168
f 5002/5168 5130/5297 5131/5298 5003/5169
f 5003/5169 5131/5298 5132/5299 5004/5170
f 5004/5170 5132/5299 5133/5300 5005/5171
f 5005/5171 5133/5300 5134/5301 5006/5172
f 5006/5172 5134/5301 5135/5302 5007/5173
f 5007/5173 5135/5302 5136/5303 5008/5174
f 5008/5174 5136/5303 5137/5304 5009/5175
f 5009/5175 5137/5304 5138/5305 5010/5176
f 5010/5176 5138/5305 5139/5306 5011/5177
f 5011/5177 5139/5306 5140/5307 5012/5178
f 5012/5178 5140/5307 5141/5308 5013/5179
f 5013/5179 5141/5308 5142/5309 5014/5180
f 5014/5180 5142/5309 5143/5310 5015/5181
f 5015/5181 5143/5310 5144/5311 5016/5182
f 5016/5182 5144/5311 5145/5312 5017/5183
f 5017/5183 5145/5312 5146/5313 5018/5184
f 5018/5184 5146/5313 5147/5314 5019/5185
f 5019/5185 5147/5314 5148/5315 5020/5186
f 5020/5186 5148/5315 5149/5316 5021/5187
f 5021/5187 5149/5316 5150/5317 5022/5188
f 5022/5188 5150/5317 5151/5318 5023/5189
f 5023/5189 5151/5318 5152/5319 5024/5190
f 5024/5190 5152/5319 5153/5320 5025/5191
f 5025/5191 5153/5320 5154/5321 5026/5192
f 5026/5192 5154/5321 5155/5322 5027/5193
f 5027/5193 5155/5322 5156/5323 5028/5194
f 5028/5194 5156/5323 5157/5324 5029/5195
f 5029/5195 5157/5324 5158/5325 5030/5196
f 5030/5196 5158/5325 5159/5326 5031/5197
f 5031/5197 5159/5326 5160/5327 5032/5198
f 5032/5198 5160/5327 5161/5328 5033/5199
f 5033/5199 5161/5328 5162/5329 5034/5200
f 5034/5200 5162/5329 5163/5330 5035/5201
f 5035/5201 5163/5330 5164/5331 5036/5202
f 5036/5202 5164/5331 5165/5332 5037/5203
f 5037/5203 5165/5332 5166/5333 5038/5204
f 5038/5204 5166/5333 5167/5334 5039/5205
f 5039/5205 5167/5334 5168/5335 5040/5206
f 5040/5206 5168/5335 5169/5336 5041/5207
f 5041/5207 5169/5336 5170/5337 5042/5208
f 5042/5208 5170/5337 5171/5338 5043/5209
f 5043/5209 5171/5338 5172/5339 5044/5210
f 5044/5210 5172/5339 5173/5340 5045/5211
f 5045/5211 5173/5340 5174/5341 5046/5212
f 5046/5212 5174/5341 5175/5342 5047/5213
f 5047/5213 5175/5342 5176/5343 5048/5214
f 5048/5214 5176/5343 5177/5344 5049/5215
f 5049/5215 5177/5344 5178/5345 5050/5216
f 5050/5216 5178/5345 5179/5346 5051/5217
f 5051/5217 5179/5346 5180/5347 5052/5218
f 5052/5218 5180/5347 5181/5348 5053/5219
f 5053/5219 5181/5348 5182/5349 5054/5220
f 5054/5220 5182/5349 5183/5350 5055/5221
f 5055/5221 5183/5350 5184/5351 5056/5222
f 5056/5222 5184/5351 5185/5352 5057/5223
f 5057/5223 5185/5352 5186/5353 5058/5224
f 5058/5224 5186/5353 5187/5354 5059/5225
f 5059/5225 5187/5354 5188/5355 5060/5226
f 5060/5226 5188/5355 5189/5356 5061/5227
f 5061/5227 5189/5356 5190/5357 5062/5228
f 5062/5228 5190/5357 5191/5358 5063/5229
f 5063/5229 5191/5358 5192/5359 5064/5230
f 5064/5230 5192/5359 5193/5360 5065/5231
f 5065/5231 5193/5360 5194/5361 5066/5232
f 5066/5232 5194/5361 5195/5362 5067/5233
f 5067/5233 5195/5362 5196/5363 5068/5234
f 5068/5234 5196/5363 5197/5364 5069/5235
f 5069/5235 5197/5364 5198/5365 5070/5236
f 5070/5236 5198/5365 5199/5366 5071/5237
f 5071/5237 5199/5366 5200/5367 5072/5238
f 5072/5238 5200/5367 5201/5368 5073/5239
f 5073/5239 5201/5368 5202/5369 5074/5240
f 5074/5240 5202/5369 5203/5370 5075/5241
f 5075/5241 5203/5370 5204/5371 5076/5242
f 5076/5242 5204/5371 5205/5372 5077/5243
f 5077/5243 5205/5372 5206/5373 5078/5244
f 5078/5244 5206/5373 5207/5374 5079/5245
f 5079/5245 5207/5374 5208/5375 5080/5246
f 5080/5246 5208/5375 5209/5376 5081/5247
f 5081/5247 5209/5376 5210/5377 5082/5248
f 5082/5248 5210/5377 5211/5378 5083/5249
f 5083/5249 5211/5378 5212/5379 5084/5250
f 5084/5250 5212/5379 5213/5380 5085/5251
f 5085/5251 5213/5380 5214/5381 5086/5252
f 5086/5252 5214/5381 5215/5382 5087/5253
f 5087/5253 5215/5382 5216/5383 5088/5254
f 5088/5254 5216/5383 5217/5384 5089/5255
f 5089/5255 5217/5384 5218/5385 5090/5256
f 5090/5256 5218/5385 5219/5386 5091/5257
f 5091/5257 5219/5386 5220/5387 5092/5258
f 5092/5258 5220/5387 5221/5388 5093/5259
f 5093/5259 5221/5388 5222/5389 5094/5260
f 5094/5260 5222/5389 5223/5390 5095/5261
f 5095/5261 5223/5390 5224/5391 5096/5262
f 5096/5262 5224/5391 5225/5392 5097/5263
f 5097/5263 5225/5392 5226/5393 5098/5264
f 5098/5264 5226/5393 5227/5394 5099/5265
f 5099/5265 5227/5394 5228/5395 5100/5266
f 5100/5266 5228/5395 5229/5396 5101/5267
f 5101/5267 5229/5396 5230/5397 5102/5268
f 5102/5268 5230/5397 5231/5398 5103/5269
f 5103/5269 5231/5398 5232/5399 5104/5270
f 5104/5270 5232/5399 5233/5400 5105/5271
f 5105/5271 5233/5400 5234/5401 5106/5272
f 5106/5272 5234/5401 5235/5402 5107/5273
f 5107/5273 5235/5402 5236/5403 5108/5274
f 5108/5274 5236/5403 5237/5404 5109/5275
f 5109/5275 5237/5404 5238/5405 5110/5276
f 5110/5276 5238/5405 5239/5406 5111/5277
f 5111/5277 5239/5406 5240/5407 5112/5278
f 5112/5278 5240/5407 5241/5408 5113/5279
f 5113/5279 5241/5408 5242/5409 5114/5280
f 5114/5280 5242/5409 5243/5410 5115/5281
f 5115/5281 5243/5410 5244/5411 5116/5282
f 5116/5282 5244/5411 5245/5412 5117/5283
f 5117/5283 5245/5412 5246/5413 5118/5284
f 5118/5284 5246/5413 5247/5414 5119/5285
f 5119/5285 5247/5414 5248/5415 5120/5286
f 5120/5286 5248/5415 5249/5416 5121/5287
f 5121/5287 5249/5416 5122/5417 4994/5288
f 5122/5289 5250/5418 5251/5419 5123/5290
f 5123/5290 5251/5419 5252/5420 5124/5291
f 5124/5291 5252/5420 5253/5421 5125/5292
f 5125/5292 5253/5421 5254/5422 5126/5293
f 5126/5293 5254/5422 5255/5423 5127/5294
f 5127/5294 5255/5423 5256/5424 5128/5295
f 5128/5295 5256/5424 5257/5425 5129/5296
f 5129/5296 5257/5425 5258/5426 5130/5297
f 5130/5297 5258/5426 5259/5427 5131/5298
f 5131/5298 5259/5427 5260/5428 5132/5299
f 5132/5299 5260/5428 5261/5429 5133/5300
f 5133/5300 5261/5429 5262/5430 5134/5301
f 5134/5301 5262/5430 5263/5431 5135/5302
f 5135/5302 5263/5431 5264/5432 5136/5303
f 5136/5303 5264/5432 5265/5433 5137/5304
f 5137/5304 5265/5433 5266/5434 5138/5305
f 5138/5305 5266/5434 5267/5435 5139/5306
f 5139/5306 5267/5435 5268/5436 5140/5307
f 5140/5307 5268/5436 5269/5437 5141/5308
f 5141/5308 5269/5437 5270/5438 5142/5309
f 5142/5309 5270/5438 5271/5439 5143/5310
f 5143/5310 5271/5439 5272/5440 5144/5311
f 5144/5311 5272/5440 5273/5441 5145/5312
f 5145/5312 5273/5441 5274/5442 5146/5313
f 5146/5313 5274/5442 5275/5443 5147/5314
f 5147/5314 5275/5443 5276/5444 5148/5315
f 5148/5315 5276/5444 5277/5445 5149/5316
f 5149/5316 5277/5445 5278/5446 5150/5317
f 5150/5317 5278/5446 5279/5447 5151/5318
f 5151/5318 5279/5447 5280/5448 5152/5319
f 5152/5319 5280/5448 5281/5449 5153/5320
f 5153/5320 5281/5449 5282/5450 5154/5321
f 5154/5321 5282/5450 5283/5451 5155/5322
f 5155/5322 5283/5451 5284/5452 5156/5323
f 5156/5323 5284/5452 5285/5453 5157/5324
f 5157/5324 5285/5453 5286/5454 5158/5325
f 5158/5325 5286/5454 5287/5455 5159/5326
f 5159/5326 5287/5455 5288/5456 5160/5327
f 5160/5327 5288/5456 5289/5457 5161/5328
f 5161/5328 5289/5457 5290/5458 5162/5329
f 5162/5329 5290/5458 5291/5459 5163/5330
f 5163/5330 5291/5459 5292/5460 5164/5331
f 5164/5331 5292/5460 5293/5461 5165/5332
f 5165/5332 5293/5461 5294/5462 5166/5333
f 5166/5333 5294/5462 5295/5463 5167/5334
f 5167/5334 5295/5463 5296/5464 5168/5335
f 5168/5335 5296/5464 5297/5465 5169/5336
f 5169/5336 5297/5465 5298/5466 5170/5337
f 5170/5337 5298/5466 5299/5467 5171/5338
f 5171/5338 5299/5467 5300/5468 5172/5339
f 5172/5339 5300/5468 5301/5469 5173/5340
f 5173/5340 5301/5469 5302/5470 5174/5341
f 5174/5341 5302/5470 5303/5471 5175/5342
f 5175/5342 5303/5471 5304/5472 5176/5343
f 5176/5343 5304/5472 5305/5473 5177/5344
f 5177/5344 5305/5473 5306/5474 5178/5345
f 5178/5345 5306/5474 5307/5475 5179/5346
f 5179/5346 5307/5475 5308/5476 5180/5347
f 5180/5347 5308/5476 5309/5477 5181/5348
f 5181/5348 5309/5477 5310/5478 5182/5349
f 5182/5349 5310/5478 5311/5479 5183/5350
f 5183/5350 5311/5479 5312/5480 5184/5351
f 5184/5351 5312/5480 5313/5481 5185/5352
f 5185/5352 5313/5481 5314/5482 5186/5353
f 5186/5353 5314/5482 5315/5483 5187/5354
f 5187/5354 5315/5483 5316/5484 5188/5355
f 5188/5355 5316/5484 5317/5485 5189/5356
f 5189/5356 5317/5485 5318/5486 5190/5357
f 5190/5357 5318/5486 5319/5487 5191/5358
f 5191/5358 5319/5487 5320/5488 5192/5359
f 5192/5359 5320/5488 5321/5489 5193/5360
f 5193/5360 5321/5489 5322/5490 5194/5361
f 5194/5361 5322/5490 5323/5491 5195/5362
f 5195/5362 5323/5491 5324/5492 5196/5363
f 5196/5363 5324/5492 5325/5493 5197/5364
f 5197/5364 5325/5493 5326/5494 5198/5365
f 5198/5365 5326/5494 5327/5495 5199/5366
f 5199/5366 5327/5495 5328/5496 5200/5367
f 5200/5367 5328/5496 5329/5497 5201/5368
f 5201/5368 5329/5497 5330/5498 5202/5369
f 5202/5369 5330/5498 5331/5499 5203/5370
f 5203/5370 5331/5499 5332/5500 5204/5371
f 5204/5371 5332/5500 5333/5501 5205/5372
f 5205/5372 5333/5501 5334/5502 5206/5373
f 5206/5373 5334/5502 5335/5503 5207/5374
f 5207/5374 5335/5503 5336/5504 5208/5375
f 5208/5375 5336/5504 5337/5505 5209/5376
f 5209/5376 5337/5505 5338/5506 5210/5377
f 5210/5377 5338/5506 5339/5507 5211/5378
f 5211/5378 5339/5507 5340/5508 5212/5379
f 5212/5379 5340/5508 5341/5509 5213/5380
f 5213/5380 5341/5509 5342/5510 5214/5381
f 5214/5381 5342/5510 5343/5511 5215/5382
f 5215/5382 5343/5511 5344/5512 5216/5383
f 5216/5383 5344/5512 5345/5513 5217/5384
f 5217/5384 5345/5513 5346/5514 5218/5385
f 5218/5385 5346/5514 5347/5515 5219/5386
f 5219/5386 5347/5515 5348/5516 5220/5387
f 5220/5387 5348/5516 5349/5517 5221/5388
f 5221/5388 5349/5517 5350/5518 5222/5389
f 5222/5389 5350/5518 5351/5519 5223/5390
f 5223/5390 5351/5519 5352/5520 5224/5391
f 5224/5391 5352/5520 5353/5521 5225/5392
f 5225/5392 5353/5521 5354/5522 5226/5393
f 5226/5393 5354/5522 5355/5523 5227/5394
f 5227/5394 5355/5523 5356/5524 5228/5395
f 5228/5395 5356/5524 5357/5525 5229/5396
f 5229/5396 5357/5525 5358/5526 5230/5397
f 5230/5397 5358/5526 5359/5527 5231/5398
f 5231/5398 5359/5527 5360/5528 5232/5399
f 5232/5399 5360/5528 5361/5529 5233/5400
f 5233/5400 5361/5529 5362/5530 5234/5401
f 5234/5401 5362/5530 5363/5531 5235/5402
f 5235/5402 5363/5531 5364/5532 5236/5403
f 5236/5403 5364/5532 5365/5533 5237/5404
f 5237/5404 5365/5533 5366/5534 5238/5405
f 5238/5405 5366/5534 5367/5535 5239/5406
f 5239/5406 5367/5535 5368/5536 5240/5407
f 5240/5407 5368/5536 5369/5537 5241/5408
f 5241/5408 5369/5537 5370/5538 5242/5409
f 5242/5409 5370/5538 5371/5539 5243/5410
f 5243/5410 5371/5539 5372/5540 5244/5411
f 5244/5411 5372/5540 5373/5541 5245/5412
f 5245/5412 5373/5541 5374/5542 5246/5413
f 5246/5413 5374/5542 5375/5543 5247/5414
f 5247/5414 5375/5543 5376/5544 5248/5415
f 5248/5415 5376/5544 5377/5545 5249/5416
f 5249/5416 5377/5545 5250/5546 5122/5417
f 5250/5418 5378/5547 5379/5548 5251/5419
f 5251/5419 5379/5548 5380/5549 5252/5420
f 5252/5420 5380/5549 5381/5550 5253/5421
f 5253/5421 5381/5550 5382/5551 5254/5422
f 5254/5422 5382/5551 5383/5552 5255/5423
f 5255/5423 5383/5552 5384/5553 5256/5424
f 5256/5424 5384/5553 5385/5554 5257/5425
f 5257/5425 5385/5554 5386/5555 5258/5426
f 5258/5426 5386/5555 5387/5556 5259/5427
f 5259/5427 5387/5556 5388/5557 5260/5428
f 5260/5428 5388/5557 5389/5558 5261/5429
f 5261/5429 5389/5558 5390/5559 5262/5430
f 5262/5430 5390/5559 5391/5560 5263/5431
f 5263/5431 5391/5560 5392/5561 5264/5432
f 5264/5432 5392/5561 5393/5562 5265/5433
f 5265/5433 5393/5562 5394/5563 5266/5434
f 5266/5434 5394/5563 5395/5564 5267/5435
f 5267/5435 5395/5564 5396/5565 5268/5436
f 5268/5436 5396/5565 5397/5566 5269/5437
f 5269/5437 5397/5566 5398/5567 5270/5438
f 5270/5438 5398/5567 5399/5568 5271/5439
f 5271/5439 5399/5568 5400/5569 5272/5440
f 5272/5440 5400/5569 5401/5570 5273/5441
f 5273/5441 5401/5570 5402/5571 5274/5442
f 5274/5442 5402/5571 5403/5572 5275/5443
f 5275/5443 5403/5572 5404/5573 5276/5444
f 5276/5444 5404/5573 5405/5574 5277/5445
f 5277/5445 5405/5574 5406/5575 5278/5446
f 5278/5446 5406/5575 5407/5576 5279/5447
f 5279/5447 5407/5576 5408/5577 5280/5448
f 5280/5448 5408/5577 5409/5578 5281/5449
f 5281/5449 5409/5578 5410/5579 5282/5450
f 5282/5450 5410/5579 5411/5580 5283/5451
f 5283/5451 5411/5580 5412/5581 5284/5452
f 5284/5452 5412/5581 5413/5582 5285/5453
f 5285/5453 5413/5582 5414/5583 5286/5454
f 5286/5454 5414/5583 5415/5584 5287/5455
f 5287/5455 5415/5584 5416/5585 5288/5456
f 5288/5456 5416/5585 5417/5586 5289/5457
f 5289/5457 5417/5586 5418/5587 5290/5458
f 5290/5458 5418/5587 5419/5588 5291/5459
f 5291/5459 5419/5588 5420/5589 5292/5460
f 5292/5460 5420/5589 5421/5590 5293/5461
f 5293/5461 5421/5590 5422/5591 5294/5462
f 5294/5462 5422/5591 5423/5592 5295/5463
f 5295/5463 5423/5592 5424/5593 5296/5464
f 5296/5464 5424/5593 5425/5594 5297/5465
f 5297/5465 5425/5594 5426/5595 5298/5466
f 5298/5466 5426/5595 5427/5596 5299/5467
f 5299/5467 5427/5596 5428/5597 5300/5468
f 5300/5468 5428/5597 5429/5598 5301/5469
f 5301/5469 5429/5598 5430/5599 5302/5470
f 5302/5470 5430/5599 5431/5600 5303/5471
f 5303/5471 5431/5600 5432/5601 5304/5472
f 5304/5472 5432/5601 5433/5602 5305/5473
f 5305/5473 5433/5602 5434/5603 5306/5474
f 5306/5474 5434/5603 5435/5604 5307/5475
f 5307/5475 5435/5604 5436/5605 5308/5476
f 5308/5476 5436/5605 5437/5606 5309/5477
f 5309/5477 5437/5606 5438/5607 5310/5478
f 5310/5478 5438/5607 5439/5608 5311/5479
f 5311/5479 5439/5608 5440/5609 5312/5480
f 5312/5480 5440/5609 5441/5610 5313/5481
f 5313/5481 5441/5610 5442/5611 5314/5482
f 5314/5482 5442/5611 5443/5612 5315/5483
f 5315/5483 5443/5612 5444/5613 5316/5484
f 5316/5484 5444/5613 5445/5614 5317/5485
f 5317/5485 5445/5614 5446/5615 5318/5486
f 5318/5486 5446/5615 5447/5616 5319/5487
f 5319/5487 5447/5616 5448/5617 5320/5488
f 5320/5488 5448/5617 5449/5618 5321/5489
f 5321/5489 5449/5618 5450/5619 5322/5490
f 5322/5490 5450/5619 5451/5620 5323/5491
f 5323/5491 5451/5620 5452/5621 5324/5492
f 5324/5492 5452/5621 5453/5622 5325/5493
f 5325/5493 5453/5622 5454/5623 5326/5494
f 5326/5494 5454/5623 5455/5624 5327/5495
f 5327/5495 5455/5624 5456/5625 5328/5496
f 5328/5496 5456/5625 5457/5626 5329/5497
f 5329/5497 5457/5626 5458/5627 5330/5498
f 5330/5498 5458/5627 5459/5628 5331/5499
f 5331/5499 5459/5628 5460/5629 5332/5500
f 5332/5500 5460/5629 5461/5630 5333/5501
f 5333/5501 5461/5630 5462/5631 5334/5502
f 5334/5502 5462/5631 5463/5632 5335/5503
f 5335/5503 5463/5632 5464/5633 5336/5504
f 5336/5504 5464/5633 5465/5634 5337/5505
f 5337/5505 5465/5634 5466/5635 5338/5506
f 5338/5506 5466/5635 5467/5636 5339/5507
f 5339/5507 5467/5636 5468/5637 5340/5508
f 5340/5508 5468/5637 5469/5638 5341/5509
f 5341/5509 5469/5638 5470/5639 5342/5510
f 5342/5510 5470/5639 5471/5640 5343/5511
f 5343/5511 5471/5640 5472/5641 5344/5512
f 5344/5512 5472/5641 5473/5642 5345/5513
f 5345/5513 5473/5642 5474/5643 5346/5514
f 5346/5514 5474/5643 5475/5644 5347/5515
f 5347/5515 5475/5644 5476/5645 5348/5516
f 5348/5516 5476/5645 5477/5646 5349/5517
f 5349/5517 5477/5646 5478/5647 5350/5518
f 5350/5518 5478/5647 5479/5648 5351/5519
f 5351/5519 5479/5648 5480/5649 5352/5520
f 5352/5520 5480/5649 5481/5650 5353/5521
f 5353/5521 5481/5650 5482/5651 5354/5522
f 5354/5522 5482/5651 5483/5652 5355/5523
f 5355/5523 5483/5652 5484/5653 5356/5524
f 5356/5524 5484/5653 5485/5654 5357/5525
f 5357/5525 5485/5654 5486/5655 5358/5526
f 5358/5526 5486/5655 5487/5656 5359/5527
f 5359/5527 5487/5656 5488/5657 5360/5528
f 5360/5528 5488/5657 5489/5658 5361/5529
f 5361/5529 5489/5658 5490/5659 5362/5530
f 5362/5530 5490/5659 5491/5660 5363/5531
f 5363/5531 5491/5660 5492/5661 5364/5532
f 5364/5532 5492/5661 5493/5662 5365/5533
f 5365/5533 5493/5662 5494/5663 5366/5534
f 5366/5534 5494/5663 5495/5664 5367/5535
f 5367/5535 5495/5664 5496/5665 5368/5536
f 5368/5536 5496/5665 5497/5666 5369/5537
f 5369/5537 5497/5666 5498/5667 5370/5538
f 5370/5538 5498/5667 5499/5668 5371/5539
f 5371/5539 5499/5668 5500/5669 5372/5540
f 5372/5540 5500/5669 5501/5670 5373/5541
f 5373/5541 5501/5670 5502/5671 5374/5542
f 5374/5542 5502/5671 5503/5672 5375/5543
f 5375/5543 5503/5672 5504/5673 5376/5544
f 5376/5544 5504/5673 5505/5674 5377/5545
f 5377/5545 5505/5674 5378/5675 5250/5546
f 5378/5547 5506/5676 5507/5677 5379/5548
f 5379/5548 5507/5677 5508/5678 5380/5549
f 5380/5549 5508/5678 5509/5679 5381/5550
f 5381/5550 5509/5679 5510/5680 5382/5551
f 5382/5551 5510/5680 5511/5681 5383/5552
f 5383/5552 5511/5681 5512/5682 5384/5553
f 5384/5553 5512/5682 5513/5683 5385/5554
f 5385/5554 5513/5683 5514/5684 5386/5555
f 5386/5555 5514/5684 5515/5685 5387/5556
f 5387/5556 5515/5685 5516/5686 5388/5557
f 5388/5557 5516/5686 5517/5687 5389/5558
f 5389/5558 5517/5687 5518/5688 5390/5559
f 5390/5559 5518/5688 5519/5689 5391/5560
f 5391/5560 5519/5689 5520/5690 5392/5561
f 5392/5561 5520/5690 5521/5691 5393/5562
f 5393/5562 5521/5691 5522/5692 5394/5563
f 5394/5563 5522/5692 5523/5693 5395/5564
f 5395/5564 5523/5693 5524/5694 5396/5565
f 5396/5565 5524/5694 5525/5695 5397/5566
f 5397/5566 5525/5695 5526/5696 5398/5567
f 5398/5567 5526/5696 5527/5697 5399/5568
f 5399/5568 5527/5697 5528/5698 5400/5569
f 5400/5569 5528/5698 5529/5699 5401/5570
f 5401/5570 5529/5699 5530/5700 5402/5571
f 5402/5571 5530/5700 5531/5701 5403/5572
f 5403/5572 5531/5701 5532/5702 5404/5573
f 5404/5573 5532/5702 5533/5703 5405/5574
f 5405/5574 5533/5703 5534/5704 5406/5575
f 5406/5575 5534/5704 5535/5705 5407/5576
f 5407/5576 5535/5705 5536/5706 5408/5577
f 5408/5577 5536/5706 5537/5707 5409/5578
f 5409/5578 5537/5707 5538/5708 5410/5579
f 5410/5579 5538/5708 5539/5709 5411/5580
f 5411/5580 5539/5709 5540/5710 5412/5581
f 5412/5581 5540/5710 5541/5711 5413/5582
f 5413/5582 5541/5711 5542/5712 5414/5583
f 5414/5583 5542/5712 5543/5713 5415/5584
f 5415/5584 5543/5713 5544/5714 5416/5585
f 5416/5585 5544/5714 5545/5715 5417/5586
f 5417/5586 5545/5715 5546/5716 5418/5587
f 5418/5587 5546/5716 5547/5717 5419/5588
f 5419/5588 5547/5717 5548/5718 5420/5589
f 5420/5589 5548/5718 5549/5719 5421/5590
f 5421/5590 5549/5719 5550/5720 5422/5591
f 5422/5591 5550/5720 5551/5721 5423/5592
f 5423/5592 5551/5721 5552/5722 5424/5593
f 5424/5593 5552/5722 5553/5723 5425/5594
f 5425/5594 5553/5723 5554/5724 5426/5595
f 5426/5595 5554/5724 5555/5725 5427/5596
f 5427/5596 5555/5725 5556/5726 5428/5597
f 5428/5597 5556/5726 5557/5727 5429/5598
f 5429/5598 5557/5727 5558/5728 5430/5599
f 5430/5599 5558/5728 5559/5729 5431/5600
f 5431/5600 5559/5729 5560/5730 5432/5601
f 5432/5601 5560/5730 5561/5731 5433/5602
f 5433/5602 5561/5731 5562/5732 5434/5603
f 5434/5603 5562/5732 5563/5733 5435/5604
f 5435/5604 5563/5733 5564/5734 5436/5605
f 5436/5605 5564/5734 5565/5735 5437/5606
f 5437/5606 5565/5735 5566/5736 5438/5607
f 5438/5607 5566/5736 5567/5737 5439/5608
f 5439/5608 5567/5737 5568/5738 5440/5609
f 5440/5609 5568/5738 5569/5739 5441/5610
f 5441/5610 5569/5739 5570/5740 5442/5611
f 5442/5611 5570/5740 5571/5741 5443/5612
f 5443/5612 5571/5741 5572/5742 5444/5613
f 5444/5613 5572/5742 5573/5743 5445/5614
f 5445/5614 5573/5743 5574/5744 5446/5615
f 5446/5615 5574/5744 5575/5745 5447/5616
f 5447/5616 5575/5745 5576/5746 5448/5617
f 5448/5617 5576/5746 5577/5747 5449/5618
f 5449/5618 5577/5747 5578/5748 5450/5619
f 5450/5619 5578/5748 5579/5749 5451/5620
f 5451/5620 5579/5749 5580/5750 5452/5621
f 5452/5621 5580/5750 5581/5751 5453/5622
f 5453/5622 5581/5751 5582/5752 5454/5623
f 5454/5623 5582/5752 5583/5753 5455/5624
f 5455/5624 5583/5753 5584/5754 5456/5625
f 5456/5625 5584/5754 5585/5755 5457/5626
f 5457/5626 5585/5755 5586/5756 5458/5627
f 5458/5627 5586/5756 5587/5757 5459/5628
f 5459/5628 5587/5757 5588/5758 5460/5629
f 5460/5629 5588/5758 5589/5759 5461/5630
f 5461/5630 5589/5759 5590/5760 5462/5631
f 5462/5631 5590/5760 5591/5761 5463/5632
f 5463/5632 5591/5761 5592/5762 5464/5633
f 5464/5633 5592/5762 5593/5763 5465/5634
f 5465/5634 5593/5763 5594/5764 5466/5635
f 5466/5635 5594/5764 5595/5765 5467/5636
f 5467/5636 5595/5765 5596/5766 5468/5637
f 5468/5637 5596/5766 5597/5767 5469/5638
f 5469/5638 5597/5767 5598/5768 5470/5639
f 5470/5639 5598/5768 5599/5769 5471/5640
f 5471/5640 5599/5769 5600/5770 5472/5641
f 5472/5641 5600/5770 5601/5771 5473/5642
f 5473/5642 5601/5771 5602/5772 5474/5643
f 5474/5643 5602/5772 5603/5773 5475/5644
f 5475/5644 5603/5773 5604/5774 5476/5645
f 5476/5645 5604/5774 5605/5775 5477/5646
f 5477/5646 5605/5775 5606/5776 5478/5647
f 5478/5647 5606/5776 5607/5777 5479/5648
f 5479/5648 5607/5777 5608/5778 5480/5649
f 5480/5649 5608/5778 5609/5779 5481/5650
f 5481/5650 5609/5779 5610/5780 5482/5651
f 5482/5651 5610/5780 5611/5781 5483/5652
f 5483/5652 5611/5781 5612/5782 5484/5653
f 5484/5653 5612/5782 5613/5783 5485/5654
f 5485/5654 5613/5783 5614/5784 5486/5655
f 5486/5655 5614/5784 5615/5785 5487/5656
f 5487/5656 5615/5785 5616/5786 5488/5657
f 5488/5657 5616/5786 5617/5787 5489/5658
f 5489/5658 5617/5787 5618/5788 5490/5659
f 5490/5659 5618/5788 5619/5789 5491/5660
f 5491/5660 5619/5789 5620/5790 5492/5661
f 5492/5661 5620/5790 5621/5791 5493/5662
f 5493/5662 5621/5791 5622/5792 5494/5663
f 5494/5663 5622/5792 5623/5793 5495/5664
f 5495/5664 5623/5793 5624/5794 5496/5665
f 5496/5665 5624/5794 5625/5795 5497/5666
f 5497/5666 5625/5795 5626/5796 5498/5667
f 5498/5667 5626/5796 5627/5797 5499/5668
f 5499/5668 5627/5797 5628/5798 5500/5669
f 5500/5669 5628/5798 5629/5799 5501/5670
f 5501/5670 5629/5799 5630/5800 5502/5671
f 5502/5671 5630/5800 5631/5801 5503/5672
f 5503/5672 5631/5801 5632/5802 5504/5673
f 5504/5673 5632/5802 5633/5803 5505/5674
f 5505/5674 5633/5803 5506/5804 5378/5675
f 5506/5676 5634/5805 5635/5806 5507/5677
f 5507/5677 5635/5806 5636/5807 5508/5678
f 5508/5678 5636/5807 5637/5808 5509/5679
f 5509/5679 5637/5808 5638/5809 5510/5680
f 5510/5680 5638/5809 5639/5810 5511/5681
f 5511/5681 5639/5810 5640/5811 5512/5682
f 5512/5682 5640/5811 5641/5812 5513/5683
f 5513/5683 5641/5812 5642/5813 5514/5684
f 5514/5684 5642/5813 5643/5814 5515/5685
f 5515/5685 5643/5814 5644/5815 5516/5686
f 5516/5686 5644/5815 5645/5816 5517/5687
f 5517/5687 5645/5816 5646/5817 5518/5688
f 5518/5688 5646/5817 5647/5818 5519/5689
f 5519/5689 5647/5818 5648/5819 5520/5690
f 5520/5690 5648/5819 5649/5820 5521/5691
f 5521/5691 5649/5820 5650/5821 5522/5692
f 5522/5692 5650/5821 5651/5822 5523/5693
f 5523/5693 5651/5822 5652/5823 5524/5694
f 5524/5694 5652/5823 5653/5824 5525/5695
f 5525/5695 5653/5824 5654/5825 5526/5696
f 5526/5696 5654/5825 5655/5826 5527/5697
f 5527/5697 5655/5826 5656/5827 5528/5698
f 5528/5698 5656/5827 5657/5828 5529/5699
f 5529/5699 5657/5828 5658/5829 5530/5700
f 5530/5700 5658/5829 5659/5830 5531/5701
f 5531/5701 5659/5830 5660/5831 5532/5702
f 5532/5702 5660/5831 5661/5832 5533/5703
f 5533/5703 5661/5832 5662/5833 5534/5704
f 5534/5704 5662/5833 5663/5834 5535/5705
f 5535/5705 5663/5834 5664/5835 5536/5706
f 5536/5706 5664/5835 5665/5836 5537/5707
f 5537/5707 5665/5836 5666/5837 5538/5708
f 5538/5708 5666/5837 5667/5838 5539/5709
f 5539/5709 5667/5838 5668/5839 5540/5710
f 5540/5710 5668/5839 5669/5840 5541/5711
f 5541/5711 5669/5840 5670/5841 5542/5712
f 5542/5712 5670/5841 5671/5842 5543/5713
f 5543/5713 5671/5842 5672/5843 5544/5714
f 5544/5714 5672/5843 5673/5844 5545/5715
f 5545/5715 5673/5844 5674/5845 5546/5716
f 5546/5716 5674/5845 5675/5846 5547/5717
f 5547/5717 5675/5846 5676/5847 5548/5718
f 5548/5718 5676/5847 5677/5848 5549/5719
f 5549/5719 5677/5848 5678/5849 5550/5720
f 5550/5720 5678/5849 5679/5850 5551/5721
f 5551/5721 5679/5850 5680/5851 5552/5722
f 5552/5722 5680/5851 5681/5852 5553/5723
f 5553/5723 5681/5852 5682/5853 5554/5724
f 5554/5724 5682/5853 5683/5854 5555/5725
f 5555/5725 5683/5854 5684/5855 5556/5726
f 5556/5726 5684/5855 5685/5856 5557/5727
f 5557/5727 5685/5856 5686/5857 5558/5728
f 5558/5728 5686/5857 5687/5858 5559/5729
f 5559/5729 5687/5858 5688/5859 5560/5730
f 5560/5730 5688/5859 5689/5860 5561/5731
f 5561/5731 5689/5860 5690/5861 5562/5732
f 5562/5732 5690/5861 5691/5862 5563/5733
f 5563/5733 5691/5862 5692/5863 5564/5734
f 5564/5734 5692/5863 5693/5864 5565/5735
f 5565/5735 5693/5864 5694/5865 5566/5736
f 5566/5736 5694/5865 5695/5866 5567/5737
f 5567/5737 5695/5866 5696/5867 5568/5738
f 5568/5738 5696/5867 5697/5868 5569/5739
f 5569/5739 5697/5868 5698/5869 5570/5740
f 5570/5740 5698/5869 5699/5870 5571/5741
f 5571/5741 5699/5870 5700/5871 5572/5742
f 5572/5742 5700/5871 5701/5872 5573/5743
f 5573/5743 5701/5872 5702/5873 5574/5744
f 5574/5744 5702/5873 5703/5874 5575/5745
f 5575/5745 5703/5874 5704/5875 5576/5746
f 5576/5746 5704/5875 5705/5876 5577/5747
f 5577/5747 5705/5876 5706/5877 5578/5748
f 5578/5748 5706/5877 5707/5878 5579/5749
f 5579/5749 5707/5878 5708/5879 5580/5750
f 5580/5750 5708/5879 5709/5880 5581/5751
f 5581/5751 5709/5880 5710/5881 5582/5752
f 5582/5752 5710/5881 5711/5882 5583/5753
f 5583/5753 5711/5882 5712/5883 5584/5754
f 5584/5754 5712/5883 5713/5884 5585/5755
f 5585/5755 5713/5884 5714/5885 5586/5756
f 5586/5756 5714/5885 5715/5886 5587/5757
f 5587/5757 5715/5886 5716/5887 5588/5758
f 5588/5758 5716/5887 5717/5888 5589/5759
f 5589/5759 5717/5888 5718/5889 5590/5760
f 5590/5760 5718/5889 5719/5890 5591/5761
f 5591/5761 5719/5890 5720/5891 5592/5762
f 5592/5762 5720/5891 5721/5892 5593/5763
f 5593/5763 5721/5892 5722/5893 5594/5764
f 5594/5764 5722/5893 5723/5894 5595/5765
f 5595/5765 5723/5894 5724/5895 5596/5766
f 5596/5766 5724/5895 5725/5896 5597/5767
f 5597/5767 5725/5896 5726/5897 5598/5768
f 5598/5768 5726/5897 5727/5898 5599/5769
f 5599/5769 5727/5898 5728/5899 5600/5770
f 5600/5770 5728/5899 5729/5900 5601/5771
f 5601/5771 5729/5900 5730/5901 5602/5772
f 5602/5772 5730/5901 5731/5902 5603/5773
f 5603/5773 5731/5902 5732/5903 5604/5774
f 5604/5774 5732/5903 5733/5904 5605/5775
f 5605/5775 5733/5904 5734/5905 5606/5776
f 5606/5776 5734/5905 5735/5906 5607/5777
f 5607/5777 5735/5906 5736/5907 5608/5778
f 5608/5778 5736/5907 5737/5908 5609/5779
f 5609/5779 5737/5908 5738/5909 5610/5780
f 5610/5780 5738/5909 5739/5910 5611/5781
f 5611/5781 5739/5910 5740/5911 5612/5782
f 5612/5782 5740/5911 5741/5912 5613/5783
f 5613/5783 5741/5912 5742/5913 5614/5784
f 5614/5784 5742/5913 5743/5914 5615/5785
f 5615/5785 5743/5914 5744/5915 5616/5786
f 5616/5786 5744/5915 5745/5916 5617/5787
f 5617/5787 5745/5916 5746/5917 5618/5788
f 5618/5788 5746/5917 5747/5918 5619/5789
f 5619/5789 5747/5918 5748/5919 5620/5790
f 5620/5790 5748/5919 5749/5920 5621/5791
f 5621/5791 5749/5920 5750/5921 5622/5792
f 5622/5792 5750/5921 5751/5922 5623/5793
f 5623/5793 5751/5922 5752/5923 5624/5794
f 5624/5794 5752/5923 5753/5924 5625/5795
f 5625/5795 5753/5924 5754/5925 5626/5796
f 5626/5796 5754/5925 5755/5926 5627/5797
f 5627/5797 5755/5926 5756/5927 5628/5798
f 5628/5798 5756/5927 5757/5928 5629/5799
f 5629/5799 5757/5928 5758/5929 5630/5800
f 5630/5800 5758/5929 5759/5930 5631/5801
f 5631/5801 5759/5930 5760/5931 5632/5802
f 5632/5802 5760/5931 5761/5932 5633/5803
f 5633/5803 5761/5932 5634/5933 5506/5804
f 5634/5805 5762/5934 5763/5935 5635/5806
f 5635/5806 5763/5935 5764/5936 5636/5807
f 5636/5807 5764/5936 5765/5937 5637/5808
f 5637/5808 5765/5937 5766/5938 5638/5809
f 5638/5809 5766/5938 5767/5939 5639/5810
f 5639/5810 5767/5939 5768/5940 5640/5811
f 5640/5811 5768/5940 5769/5941 5641/5812
f 5641/5812 5769/5941 5770/5942 5642/5813
f 5642/5813 5770/5942 5771/5943 5643/5814
f 5643/5814 5771/5943 5772/5944 5644/5815
f 5644/5815 5772/5944 5773/5945 5645/5816
f 5645/5816 5773/5945 5774/5946 5646/5817
f 5646/5817 5774/5946 5775/5947 5647/5818
f 5647/5818 5775/5947 5776/5948 5648/5819
f 5648/5819 5776/5948 5777/5949 5649/5820
f 5649/5820 5777/5949 5778/5950 5650/5821
f 5650/5821 5778/5950 5779/5951 5651/5822
f 5651/5822 5779/5951 5780/5952 5652/5823
f 5652/5823 5780/5952 5781/5953 5653/5824
f 5653/5824 5781/5953 5782/5954 5654/5825
f 5654/5825 5782/5954 5783/5955 5655/5826
f 5655/5826 5783/5955 5784/5956 5656/5827
f 5656/5827 5784/5956 5785/5957 5657/5828
f 5657/5828 5785/5957 5786/5958 5658/5829
f 5658/5829 5786/5958 5787/5959 5659/5830
f 5659/5830 5787/5959 5788/5960 5660/5831
f 5660/5831 5788/5960 5789/5961 5661/5832
f 5661/5832 5789/5961 5790/5962 5662/5833
f 5662/5833 5790/5962 5791/5963 5663/5834
f 5663/5834 5791/5963 5792/5964 5664/5835
f 5664/5835 5792/5964 5793/5965 5665/5836
f 5665/5836 5793/5965 5794/5966 5666/5837
f 5666/5837 5794/5966 5795/5967 5667/5838
f 5667/5838 5795/5967 5796/5968 5668/5839
f 5668/5839 5796/5968 5797/5969 5669/5840
f 5669/5840 5797/5969 5798/5970 5670/5841
f 5670/5841 5798/5970 5799/5971 5671/5842
f 5671/5842 5799/5971 5800/5972 5672/5843
f 5672/5843 5800/5972 5801/5973 5673/5844
f 5673/5844 5801/5973 5802/5974 5674/5845
f 5674/5845 5802/5974 5803/5975 5675/5846
f 5675/5846 5803/5975 5804/5976 5676/5847
f 5676/5847 5804/5976 5805/5977 5677/5848
f 5677/5848 5805/5977 5806/5978 5678/5849
f 5678/5849 5806/5978 5807/5979 5679/5850
f 5679/5850 5807/5979 5808/5980 5680/5851
f 5680/5851 5808/5980 5809/5981 5681/5852
f 5681/5852 5809/5981 5810/5982 5682/5853
f 5682/5853 5810/5982 5811/5983 5683/5854
f 5683/5854 5811/5983 5812/5984 5684/5855
f 5684/5855 5812/5984 5813/5985 5685/5856
f 5685/5856 5813/5985 5814/5986 5686/5857
f 5686/5857 5814/5986 5815/5987 5687/5858
f 5687/5858 5815/5987 5816/5988 5688/5859
f 5688/5859 5816/5988 5817/5989 5689/5860
f 5689/5860 5817/5989 5818/5990 5690/5861
f 5690/5861 5818/5990 5819/5991 5691/5862
f 5691/5862 5819/5991 5820/5992 5692/5863
f 5692/5863 5820/5992 5821/5993 5693/5864
f 5693/5864 5821/5993 5822/5994 5694/5865
f 5694/5865 5822/5994 5823/5995 5695/5866
f 5695/5866 5823/5995 5824/5996 5696/5867
f 5696/5867 5824/5996 5825/5997 5697/5868
f 5697/5868 5825/5997 5826/5998 5698/5869
f 5698/5869 5826/5998 5827/5999 5699/5870
f 5699/5870 5827/5999 5828/6000 5700/5871
f 5700/5871 5828/6000 5829/6001 5701/5872
f 5701/5872 5829/6001 5830/6002 5702/5873
f 5702/5873 5830/6002 5831/6003 5703/5874
f 5703/5874 5831/6003 5832/6004 5704/5875
f 5704/5875 5832/6004 5833/6005 5705/5876
f 5705/5876 5833/6005 5834/6006 5706/5877
f 5706/5877 5834/6006 5835/6007 5707/5878
f 5707/5878 5835/6007 5836/6008 5708/5879
f 5708/5879 5836/6008 5837/6009 5709/5880
f 5709/5880 5837/6009 5838/6010 5710/5881
f 5710/5881 5838/6010 5839/6011 5711/5882
f 5711/5882 5839/6011 5840/6012 5712/5883
f 5712/5883 5840/6012 5841/6013 5713/5884
f 5713/5884 5841/6013 5842/6014 5714/5885
f 5714/5885 5842/6014 5843/6015 5715/5886
f 5715/5886 5843/6015 5844/6016 5716/5887
f 5716/5887 5844/6016 5845/6017 5717/5888
f 5717/5888 5845/6017 5846/6018 5718/5889
f 5718/5889 5846/6018 5847/6019 5719/5890
f 5719/5890 5847/6019 5848/6020 5720/5891
f 5720/5891 5848/6020 5849/6021 5721/5892
f 5721/5892 5849/6021 5850/6022 5722/5893
f 5722/5893 5850/6022 5851/6023 5723/5894
f 5723/5894 5851/6023 5852/6024 5724/5895
f 5724/5895 5852/6024 5853/6025 5725/5896
f 5725/5896 5853/6025 5854/6026 5726/5897
f 5726/5897 5854/6026 5855/6027 5727/5898
f 5727/5898 5855/6027 5856/6028 5728/5899
f 5728/5899 5856/6028 5857/6029 5729/5900
f 5729/5900 5857/6029 5858/6030 5730/5901
f 5730/5901 5858/6030 5859/6031 5731/5902
f 5731/5902 5859/6031 5860/6032 5732/5903
f 5732/5903 5860/6032 5861/6033 5733/5904
f 5733/5904 5861/6033 5862/6034 5734/5905
f 5734/5905 5862/6034 5863/6035 5735/5906
f 5735/5906 5863/6035 5864/6036 5736/5907
f 5736/5907 5864/6036 5865/6037 5737/5908
f 5737/5908 5865/6037 5866/6038 5738/5909
f 5738/5909 5866/6038 5867/6039 5739/5910
f 5739/5910 5867/6039 5868/6040 5740/5911
f 5740/5911 5868/6040 5869/6041 5741/5912
f 5741/5912 5869/6041 5870/6042 5742/5913
f 5742/5913 5870/6042 5871/6043 5743/5914
f 5743/5914 5871/6043 5872/6044 5744/5915
f 5744/5915 5872/6044 5873/6045 5745/5916
f 5745/5916 5873/6045 5874/6046 5746/5917
f 5746/5917 5874/6046 5875/6047 5747/5918
f 5747/5918 5875/6047 5876/6048 5748/5919
f 5748/5919 5876/6048 5877/6049 5749/5920
f 5749/5920 5877/6049 5878/6050 5750/5921
f 5750/5921 5878/6050 5879/6051 5751/5922
f 5751/5922 5879/6051 5880/6052 5752/5923
f 5752/5923 5880/6052 5881/6053 5753/5924
f 5753/5924 5881/6053 5882/6054 5754/5925
f 5754/5925 5882/6054 5883/6055 5755/5926
f 5755/5926 5883/6055 5884/6056 5756/5927
f 5756/5927 5884/6056 5885/6057 5757/5928
f 5757/5928 5885/6057 5886/6058 5758/5929
f 5758/5929 5886/6058 5887/6059 5759/5930
f 5759/5930 5887/6059 5888/6060 5760/5931
f 5760/5931 5888/6060 5889/6061 5761/5932
f 5761/5932 5889/6061 5762/6062 5634/5933
f 5762/5934 5890/6063 5891/6064 5763/5935
f 5763/5935 5891/6064 5892/6065 5764/5936
f 5764/5936 5892/6065 5893/6066 5765/5937
f 5765/5937 5893/6066 5894/6067 5766/5938
f 5766/5938 5894/6067 5895/6068 5767/5939
f 5767/5939 5895/6068 5896/6069 5768/5940
f 5768/5940 5896/6069 5897/6070 5769/5941
f 5769/5941 5897/6070 5898/6071 5770/5942
f 5770/5942 5898/6071 5899/6072 5771/5943
f 5771/5943 5899/6072 5900/6073 5772/5944
f 5772/5944 5900/6073 5901/6074 5773/5945
f 5773/5945 5901/6074 5902/6075 5774/5946
f 5774/5946 5902/6075 5903/6076 5775/5947
f 5775/5947 5903/6076 5904/6077 5776/5948
f 5776/5948 5904/6077 5905/6078 5777/5949
f 5777/5949 5905/6078 5906/6079 5778/5950
f 5778/5950 5906/6079 5907/6080 5779/5951
f 5779/5951 5907/6080 5908/6081 5780/5952
f 5780/5952 5908/6081 5909/6082 5781/5953
f 5781/5953 5909/6082 5910/6083 5782/5954
f 5782/5954 5910/6083 5911/6084 5783/5955
f 5783/5955 5911/6084 5912/6085 5784/5956
f 5784/5956 5912/6085 5913/6086 5785/5957
f 5785/5957 5913/6086 5914/6087 5786/5958
f 5786/5958 5914/6087 5915/6088 5787/5959
f 5787/5959 5915/6088 5916/6089 5788/5960
f 5788/5960 5916/6089 5917/6090 5789/5961
f 5789/5961 5917/6090 5918/6091 5790/5962
f 5790/5962 5918/6091 5919/6092 5791/5963
f 5791/5963 5919/6092 5920/6093 5792/5964
f 5792/5964 5920/6093 5921/6094 5793/5965
f 5793/5965 5921/6094 5922/6095 5794/5966
f 5794/5966 5922/6095 5923/6096 5795/5967
f 5795/5967 5923/6096 5924/6097 5796/5968
f 5796/5968 5924/6097 5925/6098 5797/5969
f 5797/5969 5925/6098 5926/6099 5798/5970
f 5798/5970 5926/6099 5927/6100 5799/5971
f 5799/5971 5927/6100 5928/6101 5800/5972
f 5800/5972 5928/6101 5929/6102 5801/5973
f 5801/5973 5929/6102 5930/6103 5802/5974
f 5802/5974 5930/6103 5931/6104 5803/5975
f 5803/5975 5931/6104 5932/6105 5804/5976
f 5804/5976 5932/6105 5933/6106 5805/5977
f 5805/5977 5933/6106 5934/6107 5806/5978
f 5806/5978 5934/6107 5935/6108 5807/5979
f 5807/5979 5935/6108 5936/6109 5808/5980
f 5808/5980 5936/6109 5937/6110 5809/5981
f 5809/5981 5937/6110 5938/6111 5810/5982
f 5810/5982 5938/6111 5939/6112 5811/5983
f 5811/5983 5939/6112 5940/6113 5812/5984
f 5812/5984 5940/6113 5941/6114 5813/5985
f 5813/5985 5941/6114 5942/6115 5814/5986
f 5814/5986 5942/6115 5943/6116 5815/5987
f 5815/5987 5943/6116 5944/6117 5816/5988
f 5816/5988 5944/6117 5945/6118 5817/5989
f 5817/5989 5945/6118 5946/6119 5818/5990
f 5818/5990 5946/6119 5947/6120 5819/5991
f 5819/5991 5947/6120 5948/6121 5820/5992
f 5820/5992 5948/6121 5949/6122 5821/5993
f 5821/5993 5949/6122 5950/6123 5822/5994
f 5822/5994 5950/6123 5951/6124 5823/5995
f 5823/5995 5951/6124 5952/6125 5824/5996
f 5824/5996 5952/6125 5953/6126 5825/5997
f 5825/5997 5953/6126 5954/6127 5826/5998
f 5826/5998 5954/6127 5955/6128 5827/5999
f 5827/5999 5955/6128 5956/6129 5828/6000
f 5828/6000 5956/6129 5957/6130 5829/6001
f 5829/6001 5957/6130 5958/6131 5830/6002
f 5830/6002 5958/6131 5959/6132 5831/6003
f 5831/6003 5959/6132 5960/6133 5832/6004
f 5832/6004 5960/6133 5961/6134 5833/6005
f 5833/6005 5961/6134 5962/6135 5834/6006
f 5834/6006 5962/6135 5963/6136 5835/6007
f 5835/6007 5963/6136 5964/6137 5836/6008
f 5836/6008 5964/6137 5965/6138 5837/6009
f 5837/6009 5965/6138 5966/6139 5838/6010
f 5838/6010 5966/6139 5967/6140 5839/6011
f 5839/6011 5967/6140 5968/6141 5840/6012
f 5840/6012 5968/6141 5969/6142 5841/6013
f 5841/6013 5969/6142 5970/6143 5842/6014
f 5842/6014 5970/6143 5971/6144 5843/6015
f 5843/6015 5971/6144 5972/6145 5844/6016
f 5844/6016 5972/6145 5973/6146 5845/6017
f 5845/6017 5973/6146 5974/6147 5846/6018
f 5846/6018 5974/6147 5975/6148 5847/6019
f 5847/6019 5975/6148 5976/6149 5848/6020
f 5848/6020 5976/6149 5977/6150 5849/6021
f 5849/6021 5977/6150 5978/6151 5850/6022
f 5850/6022 5978/6151 5979/6152 5851/6023
f 5851/6023 5979/6152 5980/6153 5852/6024
f 5852/6024 5980/6153 5981/6154 5853/6025
f 5853/6025 5981/6154 5982/6155 5854/6026
f 5854/6026 5982/6155 5983/6156 5855/6027
f 5855/6027 5983/6156 5984/6157 5856/6028
f 5856/6028 5984/6157 5985/6158 5857/6029
f 5857/6029 5985/6158 5986/6159 5858/6030
f 5858/6030 5986/6159 5987/6160 5859/6031
f 5859/6031 5987/6160 5988/6161 5860/6032
f 5860/6032 5988/6161 5989/6162 5861/6033
f 5861/6033 5989/6162 5990/6163 5862/6034
f 5862/6034 5990/6163 5991/6164 5863/6035
f 5863/6035 5991/6164 5992/6165 5864/6036
f 5864/6036 5992/6165 5993/6166 5865/6037
f 5865/6037 5993/6166 5994/6167 5866/6038
f 5866/6038 5994/6167 5995/6168 5867/6039
f 5867/6039 5995/6168 5996/6169 5868/6040
f 5868/6040 5996/6169 5997/6170 5869/6041
f 5869/6041 5997/6170 5998/6171 5870/6042
f 5870/6042 5998/6171 5999/6172 5871/6043
f 5871/6043 5999/6172 6000/6173 5872/6044
f 5872/6044 6000/6173 6001/6174 5873/6045
f 5873/6045 6001/6174 6002/6175 5874/6046
f 5874/6046 6002/6175 6003/6176 5875/6047
f 5875/6047 6003/6176 6004/6177 5876/6048
f 5876/6048 6004/6177 6005/6178 5877/6049
f 5877/6049 6005/6178 6006/6179 5878/6050
f 5878/6050 6006/6179 6007/6180 5879/6051
f 5879/6051 6007/6180 6008/6181 5880/6052
f 5880/6052 6008/6181 6009/6182 5881/6053
f 5881/6053 6009/6182 6010/6183 5882/6054
f 5882/6054 6010/6183 6011/6184 5883/6055
f 5883/6055 6011/6184 6012/6185 5884/6056
f 5884/6056 6012/6185 6013/6186 5885/6057
f 5885/6057 6013/6186 6014/6187 5886/6058
f 5886/6058 6014/6187 6015/6188 5887/6059
f 5887/6059 6015/6188 6016/6189 5888/6060
f 5888/6060 6016/6189 6017/6190 5889/6061
f 5889/6061 6017/6190 5890/6191 5762/6062
f 5890/6063 6018/6192 6019/6193 5891/6064
f 5891/6064 6019/6193 6020/6194 5892/6065
f 5892/6065 6020/6194 6021/6195 5893/6066
f 5893/6066 6021/6195 6022/6196 5894/6067
f 5894/6067 6022/6196 6023/6197 5895/6068
f 5895/6068 6023/6197 6024/6198 5896/6069
f 5896/6069 6024/6198 6025/6199 5897/6070
f 5897/6070 6025/6199 6026/6200 5898/6071
f 5898/6071 6026/6200 6027/6201 5899/6072
f 5899/6072 6027/6201 6028/6202 5900/6073
f 5900/6073 6028/6202 6029/6203 5901/6074
f 5901/6074 6029/6203 6030/6204 5902/6075
f 5902/6075 6030/6204 6031/6205 5903/6076
f 5903/6076 6031/6205 6032/6206 5904/6077
f 5904/6077 6032/6206 6033/6207 5905/6078
f 5905/6078 6033/6207 6034/6208 5906/6079
f 5906/6079 6034/6208 6035/6209 5907/6080
f 5907/6080 6035/6209 6036/6210 5908/6081
f 5908/6081 6036/6210 6037/6211 5909/6082
f 5909/6082 6037/6211 6038/6212 5910/6083
f 5910/6083 6038/6212 6039/6213 5911/6084
f 5911/6084 6039/6213 6040/6214 5912/6085
f 5912/6085 6040/6214 6041/6215 5913/6086
f 5913/6086 6041/6215 6042/6216 5914/6087
f 5914/6087 6042/6216 6043/6217 5915/6088
f 5915/6088 6043/6217 6044/6218 5916/6089
f 5916/6089 6044/6218 6045/6219 5917/6090
f 5917/6090 6045/6219 6046/6220 5918/6091
f 5918/6091 6046/6220 6047/6221 5919/6092
f 5919/6092 6047/6221 6048/6222 5920/6093
f 5920/6093 6048/6222 6049/6223 5921/6094
f 5921/6094 6049/6223 6050/6224 5922/6095
f 5922/6095 6050/6224 6051/6225 5923/6096
f 5923/6096 6051/6225 6052/6226 5924/6097
f 5924/6097 6052/6226 6053/6227 5925/6098
f 5925/6098 6053/6227 6054/6228 5926/6099
f 5926/6099 6054/6228 6055/6229 5927/6100
f 5927/6100 6055/6229 6056/6230 5928/6101
f 5928/6101 6056/6230 6057/6231 5929/6102
f 5929/6102 6057/6231 6058/6232 5930/6103
f 5930/6103 6058/6232 6059/6233 5931/6104
f 5931/6104 6059/6233 6060/6234 5932/6105
f 5932/6105 6060/6234 6061/6235 5933/6106
f 5933/6106 6061/6235 6062/6236 5934/6107
f 5934/6107 6062/6236 6063/6237 5935/6108
f 5935/6108 6063/6237 6064/6238 5936/6109
f 5936/6109 6064/6238 6065/6239 5937/6110
f 5937/6110 6065/6239 6066/6240 5938/6111
f 5938/6111 6066/6240 6067/6241 5939/6112
f 5939/6112 6067/6241 6068/6242 5940/6113
f 5940/6113 6068/6242 6069/6243 5941/6114
f 5941/6114 6069/6243 6070/6244 5942/6115
f 5942/6115 6070/6244 6071/6245 5943/6116
f 5943/6116 6071/6245 6072/6246 5944/6117
f 5944/6117 6072/6246 6073/6247 5945/6118
f 5945/6118 6073/6247 6074/6248 5946/6119
f 5946/6119 6074/6248 6075/6249 5947/6120
f 5947/6120 6075/6249 6076/6250 5948/6121
f 5948/6121 6076/6250 6077/6251 5949/6122
f 5949/6122 6077/6251 6078/6252 5950/6123
f 5950/6123 6078/6252 6079/6253 5951/6124
f 5951/6124 6079/6253 6080/6254 5952/6125
f 5952/6125 6080/6254 6081/6255 5953/6126
f 5953/6126 6081/6255 6082/6256 5954/6127
f 5954/6127 6082/6256 6083/6257 5955/6128
f 5955/6128 6083/6257 6084/6258 5956/6129
f 5956/6129 6084/6258 6085/6259 5957/6130
f 5957/6130 6085/6259 6086/6260 5958/6131
f 5958/6131 6086/6260 6087/6261 5959/6132
f 5959/6132 6087/6261 6088/6262 5960/6133
f 5960/6133 6088/6262 6089/6263 5961/6134
f 5961/6134 6089/6263 6090/6264 5962/6135
f 5962/6135 6090/6264 6091/6265 5963/6136
f 5963/6136 6091/6265 6092/6266 5964/6137
f 5964/6137 6092/6266 6093/6267 5965/6138
f 5965/6138 6093/6267 6094/6268 5966/6139
f 5966/6139 6094/6268 6095/6269 5967/6140
f 5967/6140 6095/6269 6096/6270 5968/6141
f 5968/6141 6096/6270 6097/6271 5969/6142
f 5969/6142 6097/6271 6098/6272 5970/6143
f 5970/6143 6098/6272 6099/6273 5971/6144
f 5971/6144 6099/6273 6100/6274 5972/6145
f 5972/6145 6100/6274 6101/6275 5973/6146
f 5973/6146 6101/6275 6102/6276 5974/6147
f 5974/6147 6102/6276 6103/6277 5975/6148
f 5975/6148 6103/6277 6104/6278 5976/6149
f 5976/6149 6104/6278 6105/6279 5977/6150
f 5977/6150 6105/6279 6106/6280 5978/6151
f 5978/6151 6106/6280 6107/6281 5979/6152
f 5979/6152 6107/6281 6108/6282 5980/6153
f 5980/6153 6108/6282 6109/6283 5981/6154
f 5981/6154 6109/6283 6110/6284 5982/6155
f 5982/6155 6110/6284 6111/6285 5983/6156
f 5983/6156 6111/6285 6112/6286 5984/6157
f 5984/6157 6112/6286 6113/6287 5985/6158
f 5985/6158 6113/6287 6114/6288 5986/6159
f 5986/6159 6114/6288 6115/6289 5987/6160
f 5987/6160 6115/6289 6116/6290 5988/6161
f 5988/6161 6116/6290 6117/6291 5989/6162
f 5989/6162 6117/6291 6118/6292 5990/6163
f 5990/6163 6118/6292 6119/6293 5991/6164
f 5991/6164 6119/6293 6120/6294 5992/6165
f 5992/6165 6120/6294 6121/6295 5993/6166
f 5993/6166 6121/6295 6122/6296 5994/6167
f 5994/6167 6122/6296 6123/6297 5995/6168
f 5995/6168 6123/6297 6124/6298 5996/6169
f 5996/6169 6124/6298 6125/6299 5997/6170
f 5997/6170 6125/6299 6126/6300 5998/6171
f 5998/6171 6126/6300 6127/6301 5999/6172
f 5999/6172 6127/6301 6128/6302 6000/6173
f 6000/6173 6128/6302 6129/6303 6001/6174
f 6001/6174 6129/6303 6130/6304 6002/6175
f 6002/6175 6130/6304 6131/6305 6003/6176
f 6003/6176 6131/6305 6132/6306 6004/6177
f 6004/6177 6132/6306 6133/6307 6005/6178
f 6005/6178 6133/6307 6134/6308 6006/6179
f 6006/6179 6134/6308 6135/6309 6007/6180
f 6007/6180 6135/6309 6136/6310 6008/6181
f 6008/6181 6136/6310 6137/6311 6009/6182
f 6009/6182 6137/6311 6138/6312 6010/6183
f 6010/6183 6138/6312 6139/6313 6011/6184
f 6011/6184 6139/6313 6140/6314 6012/6185
f 6012/6185 6140/6314 6141/6315 6013/6186
f 6013/6186 6141/6315 6142/6316 6014/6187
f 6014/6187 6142/6316 6143/6317 6015/6188
f 6015/6188 6143/6317 6144/6318 6016/6189
f 6016/6189 6144/6318 6145/6319 6017/6190
f 6017/6190 6145/6319 6018/6320 5890/6191
f 6018/6192 6146/6321 6147/6322 6019/6193
f 6019/6193 6147/6322 6148/6323 6020/6194
f 6020/6194 6148/6323 6149/6324 6021/6195
f 6021/6195 6149/6324 6150/6325 6022/6196
f 6022/6196 6150/6325 6151/6326 6023/6197
f 6023/6197 6151/6326 6152/6327 6024/6198
f 6024/6198 6152/6327 6153/6328 6025/6199
f 6025/6199 6153/6328 6154/6329 6026/6200
f 6026/6200 6154/6329 6155/6330 6027/6201
f 6027/6201 6155/6330 6156/6331 6028/6202
f 6028/6202 6156/6331 6157/6332 6029/6203
f 6029/6203 6157/6332 6158/6333 6030/6204
f 6030/6204 6158/6333 6159/6334 6031/6205
f 6031/6205 6159/6334 6160/6335 6032/6206
f 6032/6206 6160/6335 6161/6336 6033/6207
f 6033/6207 6161/6336 6162/6337 6034/6208
f 6034/6208 6162/6337 6163/6338 6035/6209
f 6035/6209 6163/6338 6164/6339 6036/6210
f 6036/6210 6164/6339 6165/6340 6037/6211
f 6037/6211 6165/6340 6166/6341 6038/6212
f 6038/6212 6166/6341 6167/6342 6039/6213
f 6039/6213 6167/6342 6168/6343 6040/6214
f 6040/6214 6168/6343 6169/6344 6041/6215
f 6041/6215 6169/6344 6170/6345 6042/6216
f 6042/6216 6170/6345 6171/6346 6043/6217
f 6043/6217 6171/6346 6172/6347 6044/6218
f 6044/6218 6172/6347 6173/6348 6045/6219
f 6045/6219 6173/6348 6174/6349 6046/6220
f 6046/6220 6174/6349 6175/6350 6047/6221
f 6047/6221 6175/6350 6176/6351 6048/6222
f 6048/6222 6176/6351 6177/6352 6049/6223
f 6049/6223 6177/6352 6178/6353 6050/6224
f 6050/6224 6178/6353 6179/6354 6051/6225
f 6051/6225 6179/6354 6180/6355 6052/6226
f 6052/6226 6180/6355 6181/6356 6053/6227
f 6053/6227 6181/6356 6182/6357 6054/6228
f 6054/6228 6182/6357 6183/6358 6055/6229
f 6055/6229 6183/6358 6184/6359 6056/6230
f 6056/6230 6184/6359 6185/6360 6057/6231
f 6057/6231 6185/6360 6186/6361 6058/6232
f 6058/6232 6186/6361 6187/6362 6059/6233
f 6059/6233 6187/6362 6188/6363 6060/6234
f 6060/6234 6188/6363 6189/6364 6061/6235
f 6061/6235 6189/6364 6190/6365 6062/6236
f 6062/6236 6190/6365 6191/6366 6063/6237
f 6063/6237 6191/6366 6192/6367 6064/6238
f 6064/6238 6192/6367 6193/6368 6065/6239
f 6065/6239 6193/6368 6194/6369 6066/6240
f 6066/6240 6194/6369 6195/6370 6067/6241
f 6067/6241 6195/6370 6196/6371 6068/6242
f 6068/6242 6196/6371 6197/6372 6069/6243
f 6069/6243 6197/6372 6198/6373 6070/6244
f 6070/6244 6198/6373 6199/6374 6071/6245
f 6071/6245 6199/6374 6200/6375 6072/6246
f 6072/6246 6200/6375 6201/6376 6073/6247
f 6073/6247 6201/6376 6202/6377 6074/6248
f 6074/6248 6202/6377 6203/6378 6075/6249
f 6075/6249 6203/6378 6204/6379 6076/6250
f 6076/6250 6204/6379 6205/6380 6077/6251
f 6077/6251 6205/6380 6206/6381 6078/6252
f 6078/6252 6206/6381 6207/6382 6079/6253
f 6079/6253 6207/6382 6208/6383 6080/6254
f 6080/6254 6208/6383 6209/6384 6081/6255
f 6081/6255 6209/6384 6210/6385 6082/6256
f 6082/6256 6210/6385 6211/6386 6083/6257
f 6083/6257 6211/6386 6212/6387 6084/6258
f 6084/6258 6212/6387 6213/6388 6085/6259
f 6085/6259 6213/6388 6214/6389 6086/6260
f 6086/6260 6214/6389 6215/6390 6087/6261
f 6087/6261 6215/6390 6216/6391 6088/6262
f 6088/6262 6216/6391 6217/6392 6089/6263
f 6089/6263 6217/6392 6218/6393 6090/6264
f 6090/6264 6218/6393 6219/6394 6091/6265
f 6091/6265 6219/6394 6220/6395 6092/6266
f 6092/6266 6220/6395 6221/6396 6093/6267
f 6093/6267 6221/6396 6222/6397 6094/6268
f 6094/6268 6222/6397 6223/6398 6095/6269
f 6095/6269 6223/6398 6224/6399 6096/6270
f 6096/6270 6224/6399 6225/6400 6097/6271
f 6097/6271 6225/6400 6226/6401 6098/6272
f 6098/6272 6226/6401 6227/6402 6099/6273
f 6099/6273 6227/6402 6228/6403 6100/6274
f 6100/6274 6228/6403 6229/6404 6101/6275
f 6101/6275 6229/6404 6230/6405 6102/6276
f 6102/6276 6230/6405 6231/6406 6103/6277
f 6103/6277 6231/6406 6232/6407 6104/6278
f 6104/6278 6232/6407 6233/6408 6105/6279
f 6105/6279 6233/6408 6234/6409 6106/6280
f 6106/6280 6234/6409 6235/6410 6107/6281
f 6107/6281 6235/6410 6236/6411 6108/6282
f 6108/6282 6236/6411 6237/6412 6109/6283
f 6109/6283 6237/6412 6238/6413 6110/6284
f 6110/6284 6238/6413 6239/6414 6111/6285
f 6111/6285 6239/6414 6240/6415 6112/6286
f 6112/6286 6240/6415 6241/6416 6113/6287
f 6113/6287 6241/6416 6242/6417 6114/6288
f 6114/6288 6242/6417 6243/6418 6115/6289
f 6115/6289 6243/6418 6244/6419 6116/6290
f 6116/6290 6244/6419 6245/6420 6117/6291
f 6117/6291 6245/6420 6246/6421 6118/6292
f 6118/6292 6246/6421 6247/6422 6119/6293
f 6119/6293 6247/6422 6248/6423 6120/6294
f 6120/6294 6248/6423 6249/6424 6121/6295
f 6121/6295 6249/6424 6250/6425 6122/6296
f 6122/6296 6250/6425 6251/6426 6123/6297
f 6123/6297 6251/6426 6252/6427 6124/6298
f 6124/6298 6252/6427 6253/6428 6125/6299
f 6125/6299 6253/6428 6254/6429 6126/6300
f 6126/6300 6254/6429 6255/6430 6127/6301
f 6127/6301 6255/6430 6256/6431 6128/6302
f 6128/6302 6256/6431 6257/6432 6129/6303
f 6129/6303 6257/6432 6258/6433 6130/6304
f 6130/6304 6258/6433 6259/6434 6131/6305
f 6131/6305 6259/6434 6260/6435 6132/6306
f 6132/6306 6260/6435 6261/6436 6133/6307
f 6133/6307 6261/6436 6262/6437 6134/6308
f 6134/6308 6262/6437 6263/6438 6135/6309
f 6135/6309 6263/6438 6264/6439 6136/6310
f 6136/6310 6264/6439 6265/6440 6137/6311
f 6137/6311 6265/6440 6266/6441 6138/6312
f 6138/6312 6266/6441 6267/6442 6139/6313
f 6139/6313 6267/6442 6268/6443 6140/6314
f 6140/6314 6268/6443 6269/6444 6141/6315
f 6141/6315 6269/6444 6270/6445 6142/6316
f 6142/6316 6270/6445 6271/6446 6143/6317
f 6143/6317 6271/6446 6272/6447 6144/6318
f 6144/6318 6272/6447 6273/6448 6145/6319
f 6145/6319 6273/6448 6146/6449 6018/6320
f 6146/6321 6274/6450 6275/6451 6147/6322
f 6147/6322 6275/6451 6276/6452 6148/6323
f 6148/6323 6276/6452 6277/6453 6149/6324
f 6149/6324 6277/6453 6278/6454 6150/6325
f 6150/6325 6278/6454 6279/6455 6151/6326
f 6151/6326 6279/6455 6280/6456 6152/6327
f 6152/6327 6280/6456 6281/6457 6153/6328
f 6153/6328 6281/6457 6282/6458 6154/6329
f 6154/6329 6282/6458 6283/6459 6155/6330
f 6155/6330 6283/6459 6284/6460 6156/6331
f 6156/6331 6284/6460 6285/6461 6157/6332
f 6157/6332 6285/6461 6286/6462 6158/6333
f 6158/6333 6286/6462 6287/6463 6159/6334
f 6159/6334 6287/6463 6288/6464 6160/6335
f 6160/6335 6288/6464 6289/6465 6161/6336
f 6161/6336 6289/6465 6290/6466 6162/6337
f 6162/6337 6290/6466 6291/6467 6163/6338
f 6163/6338 6291/6467 6292/6468 6164/6339
f 6164/6339 6292/6468 6293/6469 6165/6340
f 6165/6340 6293/6469 6294/6470 6166/6341
f 6166/6341 6294/6470 6295/6471 6167/6342
f 6167/6342 6295/6471 6296/6472 6168/6343
f 6168/6343 6296/6472 6297/6473 6169/6344
f 6169/6344 6297/6473 6298/6474 6170/6345
f 6170/6345 6298/6474 6299/6475 6171/6346
f 6171/6346 6299/6475 6300/6476 6172/6347
f 6172/6347 6300/6476 6301/6477 6173/6348
f 6173/6348 6301/6477 6302/6478 6174/6349
f 6174/6349 6302/6478 6303/6479 6175/6350
f 6175/6350 6303/6479 6304/6480 6176/6351
f 6176/6351 6304/6480 6305/6481 6177/6352
f 6177/6352 6305/6481 6306/6482 6178/6353
f 6178/6353 6306/6482 6307/6483 6179/6354
f 6179/6354 6307/6483 6308/6484 6180/6355
f 6180/6355 6308/6484 6309/6485 6181/6356
f 6181/6356 6309/6485 6310/6486 6182/6357
f 6182/6357 6310/6486 6311/6487 6183/6358
f 6183/6358 6311/6487 6312/6488 6184/6359
f 6184/6359 6312/6488 6313/6489 6185/6360
f 6185/6360 6313/6489 6314/6490 6186/6361
f 6186/6361 6314/6490 6315/6491 6187/6362
f 6187/6362 6315/6491 6316/6492 6188/6363
f 6188/6363 6316/6492 6317/6493 6189/6364
f 6189/6364 6317/6493 6318/6494 6190/6365
f 6190/6365 6318/6494 6319/6495 6191/6366
f 6191/6366 6319/6495 6320/6496 6192/6367
f 6192/6367 6320/6496 6321/6497 6193/6368
f 6193/6368 6321/6497 6322/6498 6194/6369
f 6194/6369 6322/6498 6323/6499 6195/6370
f 6195/6370 6323/6499 6324/6500 6196/6371
f 6196/6371 6324/6500 6325/6501 6197/6372
f 6197/6372 6325/6501 6326/6502 6198/6373
f 6198/6373 6326/6502 6327/6503 6199/6374
f 6199/6374 6327/6503 6328/6504 6200/6375
f 6200/6375 6328/6504 6329/6505 6201/6376
f 6201/6376 6329/6505 6330/6506 6202/6377
f 6202/6377 6330/6506 6331/6507 6203/6378
f 6203/6378 6331/6507 6332/6508 6204/6379
f 6204/6379 6332/6508 6333/6509 6205/6380
f 6205/6380 6333/6509 6334/6510 6206/6381
f 6206/6381 6334/6510 6335/6511 6207/6382
f 6207/6382 6335/6511 6336/6512 6208/6383
f 6208/6383 6336/6512 6337/6513 6209/6384
f 6209/6384 6337/6513 6338/6514 6210/6385
f 6210/6385 6338/6514 6339/6515 6211/6386
f 6211/6386 6339/6515 6340/6516 6212/6387
f 6212/6387 6340/6516 6341/6517 6213/6388
f 6213/6388 6341/6517 6342/6518 6214/6389
f 6214/6389 6342/6518 6343/6519 6215/6390
f 6215/6390 6343/6519 6344/6520 6216/6391
f 6216/6391 6344/6520 6345/6521 6217/6392
f 6217/6392 6345/6521 6346/6522 6218/6393
f 6218/6393 6346/6522 6347/6523 6219/6394
f 6219/6394 6347/6523 6348/6524 6220/6395
f 6220/6395 6348/6524 6349/6525 6221/6396
f 6221/6396 6349/6525 6350/6526 6222/6397
f 6222/6397 6350/6526 6351/6527 6223/6398
f 6223/6398 6351/6527 6352/6528 6224/6399
f 6224/6399 6352/6528 6353/6529 6225/6400
f 6225/6400 6353/6529 6354/6530 6226/6401
f 6226/6401 6354/6530 6355/6531 6227/6402
f 6227/6402 6355/6531 6356/6532 6228/6403
f 6228/6403 6356/6532 6357/6533 6229/6404
f 6229/6404 6357/6533 6358/6534 6230/6405
f 6230/6405 6358/6534 6359/6535 6231/6406
f 6231/6406 6359/6535 6360/6536 6232/6407
f 6232/6407 6360/6536 6361/6537 6233/6408
f 6233/6408 6361/6537 6362/6538 6234/6409
f 6234/6409 6362/6538 6363/6539 6235/6410
f 6235/6410 6363/6539 6364/6540 6236/6411
f 6236/6411 6364/6540 6365/6541 6237/6412
f 6237/6412 6365/6541 6366/6542 6238/6413
f 6238/6413 6366/6542 6367/6543 6239/6414
f 6239/6414 6367/6543 6368/6544 6240/6415
f 6240/6415 6368/6544 6369/6545 6241/6416
f 6241/6416 6369/6545 6370/6546 6242/6417
f 6242/6417 6370/6546 6371/6547 6243/6418
f 6243/6418 6371/6547 6372/6548 6244/6419
f 6244/6419 6372/6548 6373/6549 6245/6420
f 6245/6420 6373/6549 6374/6550 6246/6421
f 6246/6421 6374/6550 6375/6551 6247/6422
f 6247/6422 6375/6551 6376/6552 6248/6423
f 6248/6423 6376/6552 6377/6553 6249/6424
f 6249/6424 6377/6553 6378/6554 6250/6425
f 6250/6425 6378/6554 6379/6555 6251/6426
f 6251/6426 6379/6555 6380/6556 6252/6427
f 6252/6427 6380/6556 6381/6557 6253/6428
f 6253/6428 6381/6557 6382/6558 6254/6429
f 6254/6429 6382/6558 6383/6559 6255/6430
f 6255/6430 6383/6559 6384/6560 6256/6431
f 6256/6431 6384/6560 6385/6561 6257/6432
f 6257/6432 6385/6561 6386/6562 6258/6433
f 6258/6433 6386/6562 6387/6563 6259/6434
f 6259/6434 6387/6563 6388/6564 6260/6435
f 6260/6435 6388/6564 6389/6565 6261/6436
f 6261/6436 6389/6565 6390/6566 6262/6437
f 6262/6437 6390/6566 6391/6567 6263/6438
f 6263/6438 6391/6567 6392/6568 6264/6439
f 6264/6439 6392/6568 6393/6569 6265/6440
f 6265/6440 6393/6569 6394/6570 6266/6441
f 6266/6441 6394/6570 6395/6571 6267/6442
f 6267/6442 6395/6571 6396/6572 6268/6443
f 6268/6443 6396/6572 6397/6573 6269/6444
f 6269/6444 6397/6573 6398/6574 6270/6445
f 6270/6445 6398/6574 6399/6575 6271/6446
f 6271/6446 6399/6575 6400/6576 6272/6447
f 6272/6447 6400/6576 6401/6577 6273/6448
f 6273/6448 6401/6577 6274/6578 6146/6449
f 6274/6450 6402/6579 6403/6580 6275/6451
f 6275/6451 6403/6580 6404/6581 6276/6452
f 6276/6452 6404/6581 6405/6582 6277/6453
f 6277/6453 6405/6582 6406/6583 6278/6454
f 6278/6454 6406/6583 6407/6584 6279/6455
f 6279/6455 6407/6584 6408/6585 6280/6456
f 6280/6456 6408/6585 6409/6586 6281/6457
f 6281/6457 6409/6586 6410/6587 6282/6458
f 6282/6458 6410/6587 6411/6588 6283/6459
f 6283/6459 6411/6588 6412/6589 6284/6460
f 6284/6460 6412/6589 6413/6590 6285/6461
f 6285/6461 6413/6590 6414/6591 6286/6462
f 6286/6462 6414/6591 6415/6592 6287/6463
f 6287/6463 6415/6592 6416/6593 6288/6464
f 6288/6464 6416/6593 6417/6594 6289/6465
f 6289/6465 6417/6594 6418/6595 6290/6466
f 6290/6466 6418/6595 6419/6596 6291/6467
f 6291/6467 6419/6596 6420/6597 6292/6468
f 6292/6468 6420/6597 6421/6598 6293/6469
f 6293/6469 6421/6598 6422/6599 6294/6470
f 6294/6470 6422/6599 6423/6600 6295/6471
f 6295/6471 6423/6600 6424/6601 6296/6472
f 6296/6472 6424/6601 6425/6602 6297/6473
f 6297/6473 6425/6602 6426/6603 6298/6474
f 6298/6474 6426/6603 6427/6604 6299/6475
f 6299/6475 6427/6604 6428/6605 6300/6476
f 6300/6476 6428/6605 6429/6606 6301/6477
f 6301/6477 6429/6606 6430/6607 6302/6478
f 6302/6478 6430/6607 6431/6608 6303/6479
f 6303/6479 6431/6608 6432/6609 6304/6480
f 6304/6480 6432/6609 6433/6610 6305/6481
f 6305/6481 6433/6610 6434/6611 6306/6482
f 6306/6482 6434/6611 6435/6612 6307/6483
f 6307/6483 6435/6612 6436/6613 6308/6484
f 6308/6484 6436/6613 6437/6614 6309/6485
f 6309/6485 6437/6614 6438/6615 6310/6486
f 6310/6486 6438/6615 6439/6616 6311/6487
f 6311/6487 6439/6616 6440/6617 6312/6488
f 6312/6488 6440/6617 6441/6618 6313/6489
f 6313/6489 6441/6618 6442/6619 6314/6490
f 6314/6490 6442/6619 6443/6620 6315/6491
f 6315/6491 6443/6620 6444/6621 6316/6492
f 6316/6492 6444/6621 6445/6622 6317/6493
f 6317/6493 6445/6622 6446/6623 6318/6494
f 6318/6494 6446/6623 6447/6624 6319/6495
f 6319/6495 6447/6624 6448/6625 6320/6496
f 6320/6496 6448/6625 6449/6626 6321/6497
f 6321/6497 6449/6626 6450/6627 6322/6498
f 6322/6498 6450/6627 6451/6628 6323/6499
f 6323/6499 6451/6628 6452/6629 6324/6500
f 6324/6500 6452/6629 6453/6630 6325/6501
f 6325/6501 6453/6630 6454/6631 6326/6502
f 6326/6502 6454/6631 6455/6632 6327/6503
f 6327/6503 6455/6632 6456/6633 6328/6504
f 6328/6504 6456/6633 6457/6634 6329/6505
f 6329/6505 6457/6634 6458/6635 6330/6506
f 6330/6506 6458/6635 6459/6636 6331/6507
f 6331/6507 6459/6636 6460/6637 6332/6508
f 6332/6508 6460/6637 6461/6638 6333/6509
f 6333/6509 6461/6638 6462/6639 6334/6510
f 6334/6510 6462/6639 6463/6640 6335/6511
f 6335/6511 6463/6640 6464/6641 6336/6512
f 6336/6512 6464/6641 6465/6642 6337/6513
f 6337/6513 6465/6642 6466/6643 6338/6514
f 6338/6514 6466/6643 6467/6644 6339/6515
f 6339/6515 6467/6644 6468/6645 6340/6516
f 6340/6516 6468/6645 6469/6646 6341/6517
f 6341/6517 6469/6646 6470/6647 6342/6518
f 6342/6518 6470/6647 6471/6648 6343/6519
f 6343/6519 6471/6648 6472/6649 6344/6520
f 6344/6520 6472/6649 6473/6650 6345/6521
f 6345/6521 6473/6650 6474/6651 6346/6522
f 6346/6522 6474/6651 6475/6652 6347/6523
f 6347/6523 6475/6652 6476/6653 6348/6524
f 6348/6524 6476/6653 6477/6654 6349/6525
f 6349/6525 6477/6654 6478/6655 6350/6526
f 6350/6526 6478/6655 6479/6656 6351/6527
f 6351/6527 6479/6656 6480/6657 6352/6528
f 6352/6528 6480/6657 6481/6658 6353/6529
f 6353/6529 6481/6658 6482/6659 6354/6530
f 6354/6530 6482/6659 6483/6660 6355/6531
f 6355/6531 6483/6660 6484/6661 6356/6532
f 6356/6532 6484/6661 6485/6662 6357/6533
f 6357/6533 6485/6662 6486/6663 6358/6534
f 6358/6534 6486/6663 6487/6664 6359/6535
f 6359/6535 6487/6664 6488/6665 6360/6536
f 6360/6536 6488/6665 6489/6666 6361/6537
f 6361/6537 6489/6666 6490/6667 6362/6538
f 6362/6538 6490/6667 6491/6668 6363/6539
f 6363/6539 6491/6668 6492/6669 6364/6540
f 6364/6540 6492/6669 6493/6670 6365/6541
f 6365/6541 6493/6670 6494/6671 6366/6542
f 6366/6542 6494/6671 6495/6672 6367/6543
f 6367/6543 6495/6672 6496/6673 6368/6544
f 6368/6544 6496/6673 6497/6674 6369/6545
f 6369/6545 6497/6674 6498/6675 6370/6546
f 6370/6546 6498/6675 6499/6676 6371/6547
f 6371/6547 6499/6676 6500/6677 6372/6548
f 6372/6548 6500/6677 6501/6678 6373/6549
f 6373/6549 6501/6678 6502/6679 6374/6550
f 6374/6550 6502/6679 6503/6680 6375/6551
f 6375/6551 6503/6680 6504/6681 6376/6552
f 6376/6552 6504/6681 6505/6682 6377/6553
f 6377/6553 6505/6682 6506/6683 6378/6554
f 6378/6554 6506/6683 6507/6684 6379/6555
f 6379/6555 6507/6684 6508/6685 6380/6556
f 6380/6556 6508/6685 6509/6686 6381/6557
f 6381/6557 6509/6686 6510/6687 6382/6558
f 6382/6558 6510/6687 6511/6688 6383/6559
f 6383/6559 6511/6688 6512/6689 6384/6560
f 6384/6560 6512/6689 6513/6690 6385/6561
f 6385/6561 6513/6690 6514/6691 6386/6562
f 6386/6562 6514/6691 6515/6692 6387/6563
f 6387/6563 6515/6692 6516/6693 6388/6564
f 6388/6564 6516/6693 6517/6694 6389/6565
f 6389/6565 6517/6694 6518/6695 6390/6566
f 6390/6566 6518/6695 6519/6696 6391/6567
f 6391/6567 6519/6696 6520/6697 6392/6568
f 6392/6568 6520/6697 6521/6698 6393/6569
f 6393/6569 6521/6698 6522/6699 6394/6570
f 6394/6570 6522/6699 6523/6700 6395/6571
f 6395/6571 6523/6700 6524/6701 6396/6572
f 6396/6572 6524/6701 6525/6702 6397/6573
f 6397/6573 6525/6702 6526/6703 6398/6574
f 6398/6574 6526/6703 6527/6704 6399/6575
f 6399/6575 6527/6704 6528/6705 6400/6576
f 6400/6576 6528/6705 6529/6706 6401/6577
f 6401/6577 6529/6706 6402/6707 6274/6578
f 6402/6579 6530/6708 6531/6709 6403/6580
f 6403/6580 6531/6709 6532/6710 6404/6581
f 6404/6581 6532/6710 6533/6711 6405/6582
f 6405/6582 6533/6711 6534/6712 6406/6583
f 6406/6583 6534/6712 6535/6713 6407/6584
f 6407/6584 6535/6713 6536/6714 6408/6585
f 6408/6585 6536/6714 6537/6715 6409/6586
f 6409/6586 6537/6715 6538/6716 6410/6587
f 6410/6587 6538/6716 6539/6717 6411/6588
f 6411/6588 6539/6717 6540/6718 6412/6589
f 6412/6589 6540/6718 6541/6719 6413/6590
f 6413/6590 6541/6719 6542/6720 6414/6591
f 6414/6591 6542/6720 6543/6721 6415/6592
f 6415/6592 6543/6721 6544/6722 6416/6593
f 6416/6593 6544/6722 6545/6723 6417/6594
f 6417/6594 6545/6723 6546/6724 6418/6595
f 6418/6595 6546/6724 6547/6725 6419/6596
f 6419/6596 6547/6725 6548/6726 6420/6597
f 6420/6597 6548/6726 6549/6727 6421/6598
f 6421/6598 6549/6727 6550/6728 6422/6599
f 6422/6599 6550/6728 6551/6729 6423/6600
f 6423/6600 6551/6729 6552/6730 6424/6601
f 6424/6601 6552/6730 6553/6731 6425/6602
f 6425/6602 6553/6731 6554/6732 6426/6603
f 6426/6603 6554/6732 6555/6733 6427/6604
f 6427/6604 6555/6733 6556/6734 6428/6605
f 6428/6605 6556/6734 6557/6735 6429/6606
f 6429/6606 6557/6735 6558/6736 6430/6607
f 6430/6607 6558/6736 6559/6737 6431/6608
f 6431/6608 6559/6737 6560/6738 6432/6609
f 6432/6609 6560/6738 6561/6739 6433/6610
f 6433/6610 6561/6739 6562/6740 6434/6611
f 6434/6611 6562/6740 6563/6741 6435/6612
f 6435/6612 6563/6741 6564/6742 6436/6613
f 6436/6613 6564/6742 6565/6743 6437/6614
f 6437/6614 6565/6743 6566/6744 6438/6615
f 6438/6615 6566/6744 6567/6745 6439/6616
f 6439/6616 6567/6745 6568/6746 6440/6617
f 6440/6617 6568/6746 6569/6747 6441/6618
f 6441/6618 6569/6747 6570/6748 6442/6619
f 6442/6619 6570/6748 6571/6749 6443/6620
f 6443/6620 6571/6749 6572/6750 6444/6621
f 6444/6621 6572/6750 6573/6751 6445/6622
f 6445/6622 6573/6751 6574/6752 6446/6623
f 6446/6623 6574/6752 6575/6753 6447/6624
f 6447/6624 6575/6753 6576/6754 6448/6625
f 6448/6625 6576/6754 6577/6755 6449/6626
f 6449/6626 6577/6755 6578/6756 6450/6627
f 6450/6627 6578/6756 6579/6757 6451/6628
f 6451/6628 6579/6757 6580/6758 6452/6629
f 6452/6629 6580/6758 6581/6759 6453/6630
f 6453/6630 6581/6759 6582/6760 6454/6631
f 6454/6631 6582/6760 6583/6761 6455/6632
f 6455/6632 6583/6761 6584/6762 6456/6633
f 6456/6633 6584/6762 6585/6763 6457/6634
f 6457/6634 6585/6763 6586/6764 6458/6635
f 6458/6635 6586/6764 6587/6765 6459/6636
f 6459/6636 6587/6765 6588/6766 6460/6637
f 6460/6637 6588/6766 6589/6767 6461/6638
f 6461/6638 6589/6767 6590/6768 6462/6639
f 6462/6639 6590/6768 6591/6769 6463/6640
f 6463/6640 6591/6769 6592/6770 6464/6641
f 6464/6641 6592/6770 6593/6771 6465/6642
f 6465/6642 6593/6771 6594/6772 6466/6643
f 6466/6643 6594/6772 6595/6773 6467/6644
f 6467/6644 6595/6773 6596/6774 6468/6645
f 6468/6645 6596/6774 6597/6775 6469/6646
f 6469/6646 6597/6775 6598/6776 6470/6647
f 6470/6647 6598/6776 6599/6777 6471/6648
f 6471/6648 6599/6777 6600/6778 6472/6649
f 6472/6649 6600/6778 6601/6779 6473/6650
f 6473/6650 6601/6779 6602/6780 6474/6651
f 6474/6651 6602/6780 6603/6781 6475/6652
f 6475/6652 6603/6781 6604/6782 6476/6653
f 6476/6653 6604/6782 6605/6783 6477/6654
f 6477/6654 6605/6783 6606/6784 6478/6655
f 6478/6655 6606/6784 6607/6785 6479/6656
f 6479/6656 6607/6785 6608/6786 6480/6657
f 6480/6657 6608/6786 6609/6787 6481/6658
f 6481/6658 6609/6787 6610/6788 6482/6659
f 6482/6659 6610/6788 6611/6789 6483/6660
f 6483/6660 6611/6789 6612/6790 6484/6661
f 6484/6661 6612/6790 6613/6791 6485/6662
f 6485/6662 6613/6791 6614/6792 6486/6663
f 6486/6663 6614/6792 6615/6793 6487/6664
f 6487/6664 6615/6793 6616/6794 6488/6665
f 6488/6665 6616/6794 6617/6795 6489/6666
f 6489/6666 6617/6795 6618/6796 6490/6667
f 6490/6667 6618/6796 6619/6797 6491/6668
f 6491/6668 6619/6797 6620/6798 6492/6669
f 6492/6669 6620/6798 6621/6799 6493/6670
f 6493/6670 6621/6799 6622/6800 6494/6671
f 6494/6671 6622/6800 6623/6801 6495/6672
f 6495/6672 6623/6801 6624/6802 6496/6673
f 6496/6673 6624/6802 6625/6803 6497/6674
f 6497/6674 6625/6803 6626/6804 6498/6675
f 6498/6675 6626/6804 6627/6805 6499/6676
f 6499/6676 6627/6805 6628/6806 6500/6677
f 6500/6677 6628/6806 6629/6807 6501/6678
f 6501/6678 6629/6807 6630/6808 6502/6679
f 6502/6679 6630/6808 6631/6809 6503/6680
f 6503/6680 6631/6809 6632/6810 6504/6681
f 6504/6681 6632/6810 6633/6811 6505/6682
f 6505/6682 6633/6811 6634/6812 6506/6683
f 6506/6683 6634/6812 6635/6813 6507/6684
f 6507/6684 6635/6813 6636/6814 6508/6685
f 6508/6685 6636/6814 6637/6815 6509/6686
f 6509/6686 6637/6815 6638/6816 6510/6687
f 6510/6687 6638/6816 6639/6817 6511/6688
f 6511/6688 6639/6817 6640/6818 6512/6689
f 6512/6689 6640/6818 6641/6819 6513/6690
f 6513/6690 6641/6819 6642/6820 6514/6691
f 6514/6691 6642/6820 6643/6821 6515/6692
f 6515/6692 6643/6821 6644/6822 6516/6693
f 6516/6693 6644/6822 6645/6823 6517/6694
f 6517/6694 6645/6823 6646/6824 6518/6695
f 6518/6695 6646/6824 6647/6825 6519/6696
f 6519/6696 6647/6825 6648/6826 6520/6697
f 6520/6697 6648/6826 6649/6827 6521/6698
f 6521/6698 6649/6827 6650/6828 6522/6699
f 6522/6699 6650/6828 6651/6829 6523/6700
f 6523/6700 6651/6829 6652/6830 6524/6701
f 6524/6701 6652/6830 6653/6831 6525/6702
f 6525/6702 6653/6831 6654/6832 6526/6703
f 6526/6703 6654/6832 6655/6833 6527/6704
f 6527/6704 6655/6833 6656/6834 6528/6705
f 6528/6705 6656/6834 6657/6835 6529/6706
f 6529/6706 6657/6835 6530/6836 6402/6707
f 6530/6708 6658/6837 6659/6838 6531/6709
f 6531/6709 6659/6838 6660/6839 6532/6710
f 6532/6710 6660/6839 6661/6840 6533/6711
f 6533/6711 6661/6840 6662/6841 6534/6712
f 6534/6712 6662/6841 6663/6842 6535/6713
f 6535/6713 6663/6842 6664/6843 6536/6714
f 6536/6714 6664/6843 6665/6844 6537/6715
f 6537/6715 6665/6844 6666/6845 6538/6716
f 6538/6716 6666/6845 6667/6846 6539/6717
f 6539/6717 6667/6846 6668/6847 6540/6718
f 6540/6718 6668/6847 6669/6848 6541/6719
f 6541/6719 6669/6848 6670/6849 6542/6720
f 6542/6720 6670/6849 6671/6850 6543/6721
f 6543/6721 6671/6850 6672/6851 6544/6722
f 6544/6722 6672/6851 6673/6852 6545/6723
f 6545/6723 6673/6852 6674/6853 6546/6724
f 6546/6724 6674/6853 6675/6854 6547/6725
f 6547/6725 6675/6854 6676/6855 6548/6726
f 6548/6726 6676/6855 6677/6856 6549/6727
f 6549/6727 6677/6856 6678/6857 6550/6728
f 6550/6728 6678/6857 6679/6858 6551/6729
f 6551/6729 6679/6858 6680/6859 6552/6730
f 6552/6730 6680/6859 6681/6860 6553/6731
f 6553/6731 6681/6860 6682/6861 6554/6732
f 6554/6732 6682/6861 6683/6862 6555/6733
f 6555/6733 6683/6862 6684/6863 6556/6734
f 6556/6734 6684/6863 6685/6864 6557/6735
f 6557/6735 6685/6864 6686/6865 6558/6736
f 6558/6736 6686/6865 6687/6866 6559/6737
f 6559/6737 6687/6866 6688/6867 6560/6738
f 6560/6738 6688/6867 6689/6868 6561/6739
f 6561/6739 6689/6868 6690/6869 6562/6740
f 6562/6740 6690/6869 6691/6870 6563/6741
f 6563/6741 6691/6870 6692/6871 6564/6742
f 6564/6742 6692/6871 6693/6872 6565/6743
f 6565/6743 6693/6872 6694/6873 6566/6744
f 6566/6744 6694/6873 6695/6874 6567/6745
f 6567/6745 6695/6874 6696/6875 6568/6746
f 6568/6746 6696/6875 6697/6876 6569/6747
f 6569/6747 6697/6876 6698/6877 6570/6748
f 6570/6748 6698/6877 6699/6878 6571/6749
f 6571/6749 6699/6878 6700/6879 6572/6750
f 6572/6750 6700/6879 6701/6880 6573/6751
f 6573/6751 6701/6880 6702/6881 6574/6752
f 6574/6752 6702/6881 6703/6882 6575/6753
f 6575/6753 6703/6882 6704/6883 6576/6754
f 6576/6754 6704/6883 6705/6884 6577/6755
f 6577/6755 6705/6884 6706/6885 6578/6756
f 6578/6756 6706/6885 6707/6886 6579/6757
f 6579/6757 6707/6886 6708/6887 6580/6758
f 6580/6758 6708/6887 6709/6888 6581/6759
f 6581/6759 6709/6888 6710/6889 6582/6760
f 6582/6760 6710/6889 6711/6890 6583/6761
f 6583/6761 6711/6890 6712/6891 6584/6762
f 6584/6762 6712/6891 6713/6892 6585/6763
f 6585/6763 6713/6892 6714/6893 6586/6764
f 6586/6764 6714/6893 6715/6894 6587/6765
f 6587/6765 6715/6894 6716/6895 6588/6766
f 6588/6766 6716/6895 6717/6896 6589/6767
f 6589/6767 6717/6896 6718/6897 6590/6768
f 6590/6768 6718/6897 6719/6898 6591/6769
f 6591/6769 6719/6898 6720/6899 6592/6770
f 6592/6770 6720/6899 6721/6900 6593/6771
f 6593/6771 6721/6900 6722/6901 6594/6772
f 6594/6772 6722/6901 6723/6902 6595/6773
f 6595/6773 6723/6902 6724/6903 6596/6774
f 6596/6774 6724/6903 6725/6904 6597/6775
f 6597/6775 6725/6904 6726/6905 6598/6776
f 6598/6776 6726/6905 6727/6906 6599/6777
f 6599/6777 6727/6906 6728/6907 6600/6778
f 6600/6778 6728/6907 6729/6908 6601/6779
f 6601/6779 6729/6908 6730/6909 6602/6780
f 6602/6780 6730/6909 6731/6910 6603/6781
f 6603/6781 6731/6910 6732/6911 6604/6782
f 6604/6782 6732/6911 6733/6912 6605/6783
f 6605/6783 6733/6912 6734/6913 6606/6784
f 6606/6784 6734/6913 6735/6914 6607/6785
f 6607/6785 6735/6914 6736/6915 6608/6786
f 6608/6786 6736/6915 6737/6916 6609/6787
f 6609/6787 6737/6916 6738/6917 6610/6788
f 6610/6788 6738/6917 6739/6918 6611/6789
f 6611/6789 6739/6918 6740/6919 6612/6790
f 6612/6790 6740/6919 6741/6920 6613/6791
f 6613/6791 6741/6920 6742/6921 6614/6792
f 6614/6792 6742/6921 6743/6922 6615/6793
f 6615/6793 6743/6922 6744/6923 6616/6794
f 6616/6794 6744/6923 6745/6924 6617/6795
f 6617/6795 6745/6924 6746/6925 6618/6796
f 6618/6796 6746/6925 6747/6926 6619/6797
f 6619/6797 6747/6926 6748/6927 6620/6798
f 6620/6798 6748/6927 6749/6928 6621/6799
f 6621/6799 6749/6928 6750/6929 6622/6800
f 6622/6800 6750/6929 6751/6930 6623/6801
f 6623/6801 6751/6930 6752/6931 6624/6802
f 6624/6802 6752/6931 6753/6932 6625/6803
f 6625/6803 6753/6932 6754/6933 6626/6804
f 6626/6804 6754/6933 6755/6934 6627/6805
f 6627/6805 6755/6934 6756/6935 6628/6806
f 6628/6806 6756/6935 6757/6936 6629/6807
f 6629/6807 6757/6936 6758/6937 6630/6808
f 6630/6808 6758/6937 6759/6938 6631/6809
f 6631/6809 6759/6938 6760/6939 6632/6810
f 6632/6810 6760/6939 6761/6940 6633/6811
f 6633/6811 6761/6940 6762/6941 6634/6812
f 6634/6812 6762/6941 6763/6942 6635/6813
f 6635/6813 6763/6942 6764/6943 6636/6814
f 6636/6814 6764/6943 6765/6944 6637/6815
f 6637/6815 6765/6944 6766/6945 6638/6816
f 6638/6816 6766/6945 6767/6946 6639/6817
f 6639/6817 6767/6946 6768/6947 6640/6818
f 6640/6818 6768/6947 6769/6948 6641/6819
f 6641/6819 6769/6948 6770/6949 6642/6820
f 6642/6820 6770/6949 6771/6950 6643/6821
f 6643/6821 6771/6950 6772/6951 6644/6822
f 6644/6822 6772/6951 6773/6952 6645/6823
f 6645/6823 6773/6952 6774/6953 6646/6824
f 6646/6824 6774/6953 6775/6954 6647/6825
f 6647/6825 6775/6954 6776/6955 6648/6826
f 6648/6826 6776/6955 6777/6956 6649/6827
f 6649/6827 6777/6956 6778/6957 6650/6828
f 6650/6828 6778/6957 6779/6958 6651/6829
f 6651/6829 6779/6958 6780/6959 6652/6830
f 6652/6830 6780/6959 6781/6960 6653/6831
f 6653/6831 6781/6960 6782/6961 6654/6832
f 6654/6832 6782/6961 6783/6962 6655/6833
f 6655/6833 6783/6962 6784/6963 6656/6834
f 6656/6834 6784/6963 6785/6964 6657/6835
f 6657/6835 6785/6964 6658/6965 6530/6836
f 6658/6837 6786/6966 6787/6967 6659/6838
f 6659/6838 6787/6967 6788/6968 6660/6839
f 6660/6839 6788/6968 6789/6969 6661/6840
f 6661/6840 6789/6969 6790/6970 6662/6841
f 6662/6841 6790/6970 6791/6971 6663/6842
f 6663/6842 6791/6971 6792/6972 6664/6843
f 6664/6843 6792/6972 6793/6973 6665/6844
f 6665/6844 6793/6973 6794/6974 6666/6845
f 6666/6845 6794/6974 6795/6975 6667/6846
f 6667/6846 6795/6975 6796/6976 6668/6847
f 6668/6847 6796/6976 6797/6977 6669/6848
f 6669/6848 6797/6977 6798/6978 6670/6849
f 6670/6849 6798/6978 6799/6979 6671/6850
f 6671/6850 6799/6979 6800/6980 6672/6851
f 6672/6851 6800/6980 6801/6981 6673/6852
f 6673/6852 6801/6981 6802/6982 6674/6853
f 6674/6853 6802/6982 6803/6983 6675/6854
f 6675/6854 6803/6983 6804/6984 6676/6855
f 6676/6855 6804/6984 6805/6985 6677/6856
f 6677/6856 6805/6985 6806/6986 6678/6857
f 6678/6857 6806/6986 6807/6987 6679/6858
f 6679/6858 6807/6987 6808/6988 6680/6859
f 6680/6859 6808/6988 6809/6989 6681/6860
f 6681/6860 6809/6989 6810/6990 6682/6861
f 6682/6861 6810/6990 6811/6991 6683/6862
f 6683/6862 6811/6991 6812/6992 6684/6863
f 6684/6863 6812/6992 6813/6993 6685/6864
f 6685/6864 6813/6993 6814/6994 6686/6865
f 6686/6865 6814/6994 6815/6995 6687/6866
f 6687/6866 6815/6995 6816/6996 6688/6867
f 6688/6867 6816/6996 6817/6997 6689/6868
f 6689/6868 6817/6997 6818/6998 6690/6869
f 6690/6869 6818/6998 6819/6999 6691/6870
f 6691/6870 6819/6999 6820/7000 6692/6871
f 6692/6871 6820/7000 6821/7001 6693/6872
f 6693/6872 6821/7001 6822/7002 6694/6873
f 6694/6873 6822/7002 6823/7003 6695/6874
f 6695/6874 6823/7003 6824/7004 6696/6875
f 6696/6875 6824/7004 6825/7005 6697/6876
f 6697/6876 6825/7005 6826/7006 6698/6877
f 6698/6877 6826/7006 6827/7007 6699/6878
f 6699/6878 6827/7007 6828/7008 6700/6879
f 6700/6879 6828/7008 6829/7009 6701/6880
f 6701/6880 6829/7009 6830/7010 6702/6881
f 6702/6881 6830/7010 6831/7011 6703/6882
f 6703/6882 6831/7011 6832/7012 6704/6883
f 6704/6883 6832/7012 6833/7013 6705/6884
f 6705/6884 6833/7013 6834/7014 6706/6885
f 6706/6885 6834/7014 6835/7015 6707/6886
f 6707/6886 6835/7015 6836/7016 6708/6887
f 6708/6887 6836/7016 6837/7017 6709/6888
f 6709/6888 6837/7017 6838/7018 6710/6889
f 6710/6889 6838/7018 6839/7019 6711/6890
f 6711/6890 6839/7019 6840/7020 6712/6891
f 6712/6891 6840/7020 6841/7021 6713/6892
f 6713/6892 6841/7021 6842/7022 6714/6893
f 6714/6893 6842/7022 6843/7023 6715/6894
f 6715/6894 6843/7023 6844/7024 6716/6895
f 6716/6895 6844/7024 6845/7025 6717/6896
f 6717/6896 6845/7025 6846/7026 6718/6897
f 6718/6897 6846/7026 6847/7027 6719/6898
f 6719/6898 6847/7027 6848/7028 6720/6899
f 6720/6899 6848/7028 6849/7029 6721/6900
f 6721/6900 6849/7029 6850/7030 6722/6901
f 6722/6901 6850/7030 6851/7031 6723/6902
f 6723/6902 6851/7031 6852/7032 6724/6903
f 6724/6903 6852/7032 6853/7033 6725/6904
f 6725/6904 6853/7033 6854/7034 6726/6905
f 6726/6905 6854/7034 6855/7035 6727/6906
f 6727/6906 6855/7035 6856/7036 6728/6907
f 6728/6907 6856/7036 6857/7037 6729/6908
f 6729/6908 6857/7037 6858/7038 6730/6909
f 6730/6909 6858/7038 6859/7039 6731/6910
f 6731/6910 6859/7039 6860/7040 6732/6911
f 6732/6911 6860/7040 6861/7041 6733/6912
f 6733/6912 6861/7041 6862/7042 6734/6913
f 6734/6913 6862/7042 6863/7043 6735/6914
f 6735/6914 6863/7043 6864/7044 6736/6915
f 6736/6915 6864/7044 6865/7045 6737/6916
f 6737/6916 6865/7045 6866/7046 6738/6917
f 6738/6917 6866/7046 6867/7047 6739/6918
f 6739/6918 6867/7047 6868/7048 6740/6919
f 6740/6919 6868/7048 6869/7049 6741/6920
f 6741/6920 6869/7049 6870/7050 6742/6921
f 6742/6921 6870/7050 6871/7051 6743/6922
f 6743/6922 6871/7051 6872/7052 6744/6923
f 6744/6923 6872/7052 6873/7053 6745/6924
f 6745/6924 6873/7053 6874/7054 6746/6925
f 6746/6925 6874/7054 6875/7055 6747/6926
f 6747/6926 6875/7055 6876/7056 6748/6927
f 6748/6927 6876/7056 6877/7057 6749/6928
f 6749/6928 6877/7057 6878/7058 6750/6929
f 6750/6929 6878/7058 6879/7059 6751/6930
f 6751/6930 6879/7059 6880/7060 6752/6931
f 6752/6931 6880/7060 6881/7061 6753/6932
f 6753/6932 6881/7061 6882/7062 6754/6933
f 6754/6933 6882/7062 6883/7063 6755/6934
f 6755/6934 6883/7063 6884/7064 6756/6935
f 6756/6935 6884/7064 6885/7065 6757/6936
f 6757/6936 6885/7065 6886/7066 6758/6937
f 6758/6937 6886/7066 6887/7067 6759/6938
f 6759/6938 6887/7067 6888/7068 6760/6939
f 6760/6939 6888/7068 6889/7069 6761/6940
f 6761/6940 6889/7069 6890/7070 6762/6941
f 6762/6941 6890/7070 6891/7071 6763/6942
f 6763/6942 6891/7071 6892/7072 6764/6943
f 6764/6943 6892/7072 6893/7073 6765/6944
f 6765/6944 6893/7073 6894/7074 6766/6945
f 6766/6945 6894/7074 6895/7075 6767/6946
f 6767/6946 6895/7075 6896/7076 6768/6947
f 6768/6947 6896/7076 6897/7077 6769/6948
f 6769/6948 6897/7077 6898/7078 6770/6949
f 6770/6949 6898/7078 6899/7079 6771/6950
f 6771/6950 6899/7079 6900/7080 6772/6951
f 6772/6951 6900/7080 6901/7081 6773/6952
f 6773/6952 6901/7081 6902/7082 6774/6953
f 6774/6953 6902/7082 6903/7083 6775/6954
f 6775/6954 6903/7083 6904/7084 6776/6955
f 6776/6955 6904/7084 6905/7085 6777/6956
f 6777/6956 6905/7085 6906/7086 6778/6957
f 6778/6957 6906/7086 6907/7087 6779/6958
f 6779/6958 6907/7087 6908/7088 6780/6959
f 6780/6959 6908/7088 6909/7089 6781/6960
f 6781/6960 6909/7089 6910/7090 6782/6961
f 6782/6961 6910/7090 6911/7091 6783/6962
f 6783/6962 6911/7091 6912/7092 6784/6963
f 6784/6963 6912/7092 6913/7093 6785/6964
f 6785/6964 6913/7093 6786/7094 6658/6965
f 6786/6966 6914/7095 6915/7096 6787/6967
f 6787/6967 6915/7096 6916/7097 6788/6968
f 6788/6968 6916/7097 6917/7098 6789/6969
f 6789/6969 6917/7098 6918/7099 6790/6970
f 6790/6970 6918/7099 6919/7100 6791/6971
f 6791/6971 6919/7100 6920/7101 6792/6972
f 6792/6972 6920/7101 6921/7102 6793/6973
f 6793/6973 6921/7102 6922/7103 6794/6974
f 6794/6974 6922/7103 6923/7104 6795/6975
f 6795/6975 6923/7104 6924/7105 6796/6976
f 6796/6976 6924/7105 6925/7106 6797/6977
f 6797/6977 6925/7106 6926/7107 6798/6978
f 6798/6978 6926/7107 6927/7108 6799/6979
f 6799/6979 6927/7108 6928/7109 6800/6980
f 6800/6980 6928/7109 6929/7110 6801/6981
f 6801/6981 6929/7110 6930/7111 6802/6982
f 6802/6982 6930/7111 6931/7112 6803/6983
f 6803/6983 6931/7112 6932/7113 6804/6984
f 6804/6984 6932/7113 6933/7114 6805/6985
f 6805/6985 6933/7114 6934/7115 6806/6986
f 6806/6986 6934/7115 6935/7116 6807/6987
f 6807/6987 6935/7116 6936/7117 6808/6988
f 6808/6988 6936/7117 6937/7118 6809/6989
f 6809/6989 6937/7118 6938/7119 6810/6990
f 6810/6990 6938/7119 6939/7120 6811/6991
f 6811/6991 6939/7120 6940/7121 6812/6992
f 6812/6992 6940/7121 6941/7122 6813/6993
f 6813/6993 6941/7122 6942/7123 6814/6994
f 6814/6994 6942/7123 6943/7124 6815/6995
f 6815/6995 6943/7124 6944/7125 6816/6996
f 6816/6996 6944/7125 6945/7126 6817/6997
f 6817/6997 6945/7126 6946/7127 6818/6998
f 6818/6998 6946/7127 6947/7128 6819/6999
f 6819/6999 6947/7128 6948/7129 6820/7000
f 6820/7000 6948/7129 6949/7130 6821/7001
f 6821/7001 6949/7130 6950/7131 6822/7002
f 6822/7002 6950/7131 6951/7132 6823/7003
f 6823/7003 6951/7132 6952/7133 6824/7004
f 6824/7004 6952/7133 6953/7134 6825/7005
f 6825/7005 6953/7134 6954/7135 6826/7006
f 6826/7006 6954/7135 6955/7136 6827/7007
f 6827/7007 6955/7136 6956/7137 6828/7008
f 6828/7008 6956/7137 6957/7138 6829/7009
f 6829/7009 6957/7138 6958/7139 6830/7010
f 6830/7010 6958/7139 6959/7140 6831/7011
f 6831/7011 6959/7140 6960/7141 6832/7012
f 6832/7012 6960/7141 6961/7142 6833/7013
f 6833/7013 6961/7142 6962/7143 6834/7014
f 6834/7014 6962/7143 6963/7144 6835/7015
f 6835/7015 6963/7144 6964/7145 6836/7016
f 6836/7016 6964/7145 6965/7146 6837/7017
f 6837/7017 6965/7146 6966/7147 6838/7018
f 6838/7018 6966/7147 6967/7148 6839/7019
f 6839/7019 6967/7148 6968/7149 6840/7020
f 6840/7020 6968/7149 6969/7150 6841/7021
f 6841/7021 6969/7150 6970/7151 6842/7022
f 6842/7022 6970/7151 6971/7152 6843/7023
f 6843/7023 6971/7152 6972/7153 6844/7024
f 6844/7024 6972/7153 6973/7154 6845/7025
f 6845/7025 6973/7154 6974/7155 6846/7026
f 6846/7026 6974/7155 6975/7156 6847/7027
f 6847/7027 6975/7156 6976/7157 6848/7028
f 6848/7028 6976/7157 6977/7158 6849/7029
f 6849/7029 6977/7158 6978/7159 6850/7030
f 6850/7030 6978/7159 6979/7160 6851/7031
f 6851/7031 6979/7160 6980/7161 6852/7032
f 6852/7032 6980/7161 6981/7162 6853/7033
f 6853/7033 6981/7162 6982/7163 6854/7034
f 6854/7034 6982/7163 6983/7164 6855/7035
f 6855/7035 6983/7164 6984/7165 6856/7036
f 6856/7036 6984/7165 6985/7166 6857/7037
f 6857/7037 6985/7166 6986/7167 6858/7038
f 6858/7038 6986/7167 6987/7168 6859/7039
f 6859/7039 6987/7168 6988/7169 6860/7040
f 6860/7040 6988/7169 6989/7170 6861/7041
f 6861/7041 6989/7170 6990/7171 6862/7042
f 6862/7042 6990/7171 6991/7172 6863/7043
f 6863/7043 6991/7172 6992/7173 6864/7044
f 6864/7044 6992/7173 6993/7174 6865/7045
f 6865/7045 6993/7174 6994/7175 6866/7046
f 6866/7046 6994/7175 6995/7176 6867/7047
f 6867/7047 6995/7176 6996/7177 6868/7048
f 6868/7048 6996/7177 6997/7178 6869/7049
f 6869/7049 6997/7178 6998/7179 6870/7050
f 6870/7050 6998/7179 6999/7180 6871/7051
f 6871/7051 6999/7180 7000/7181 6872/7052
f 6872/7052 7000/7181 7001/7182 6873/7053
f 6873/7053 7001/7182 7002/7183 6874/7054
f 6874/7054 7002/7183 7003/7184 6875/7055
f 6875/7055 7003/7184 7004/7185 6876/7056
f 6876/7056 7004/7185 7005/7186 6877/7057
f 6877/7057 7005/7186 7006/7187 6878/7058
f 6878/7058 7006/7187 7007/7188 6879/7059
f 6879/7059 7007/7188 7008/7189 6880/7060
f 6880/7060 7008/7189 7009/7190 6881/7061
f 6881/7061 7009/7190 7010/7191 6882/7062
f 6882/7062 7010/7191 7011/7192 6883/7063
f 6883/7063 7011/7192 7012/7193 6884/7064
f 6884/7064 7012/7193 7013/7194 6885/7065
f 6885/7065 7013/7194 7014/7195 6886/7066
f 6886/7066 7014/7195 7015/7196 6887/7067
f 6887/7067 7015/7196 7016/7197 6888/7068
f 6888/7068 7016/7197 7017/7198 6889/7069
f 6889/7069 7017/7198 7018/7199 6890/7070
f 6890/7070 7018/7199 7019/7200 6891/7071
f 6891/7071 7019/7200 7020/7201 6892/7072
f 6892/7072 7020/7201 7021/7202 6893/7073
f 6893/7073 7021/7202 7022/7203 6894/7074
f 6894/7074 7022/7203 7023/7204 6895/7075
f 6895/7075 7023/7204 7024/7205 6896/7076
f 6896/7076 7024/7205 7025/7206 6897/7077
f 6897/7077 7025/7206 7026/7207 6898/7078
f 6898/7078 7026/7207 7027/7208 6899/7079
f 6899/7079 7027/7208 7028/7209 6900/7080
f 6900/7080 7028/7209 7029/7210 6901/7081
f 6901/7081 7029/7210 7030/7211 6902/7082
f 6902/7082 7030/7211 7031/7212 6903/7083
f 6903/7083 7031/7212 7032/7213 6904/7084
f 6904/7084 7032/7213 7033/7214 6905/7085
f 6905/7085 7033/7214 7034/7215 6906/7086
f 6906/7086 7034/7215 7035/7216 6907/7087
f 6907/7087 7035/7216 7036/7217 6908/7088
f 6908/7088 7036/7217 7037/7218 6909/7089
f 6909/7089 7037/7218 7038/7219 6910/7090
f 6910/7090 7038/7219 7039/7220 6911/7091
f 6911/7091 7039/7220 7040/7221 6912/7092
f 6912/7092 7040/7221 7041/7222 6913/7093
f 6913/7093 7041/7222 6914/7223 6786/7094
f 6914/7095 7042/7224 7043/7225 6915/7096
f 6915/7096 7043/7225 7044/7226 6916/7097
f 6916/7097 7044/7226 7045/7227 6917/7098
f 6917/7098 7045/7227 7046/7228 6918/7099
f 6918/7099 7046/7228 7047/7229 6919/7100
f 6919/7100 7047/7229 7048/7230 6920/7101
f 6920/7101 7048/7230 7049/7231 6921/7102
f 6921/7102 7049/7231 7050/7232 6922/7103
f 6922/7103 7050/7232 7051/7233 6923/7104
f 6923/7104 7051/7233 7052/7234 6924/7105
f 6924/7105 7052/7234 7053/7235 6925/7106
f 6925/7106 7053/7235 7054/7236 6926/7107
f 6926/7107 7054/7236 7055/7237 6927/7108
f 6927/7108 7055/7237 7056/7238 6928/7109
f 6928/7109 7056/7238 7057/7239 6929/7110
f 6929/7110 7057/7239 7058/7240 6930/7111
f 6930/7111 7058/7240 7059/7241 6931/7112
f 6931/7112 7059/7241 7060/7242 6932/7113
f 6932/7113 7060/7242 7061/7243 6933/7114
f 6933/7114 7061/7243 7062/7244 6934/7115
f 6934/7115 7062/7244 7063/7245 6935/7116
f 6935/7116 7063/7245 7064/7246 6936/7117
f 6936/7117 7064/7246 7065/7247 6937/7118
f 6937/7118 7065/7247 7066/7248 6938/7119
f 6938/7119 7066/7248 7067/7249 6939/7120
f 6939/7120 7067/7249 7068/7250 6940/7121
f 6940/7121 7068/7250 7069/7251 6941/7122
f 6941/7122 7069/7251 7070/7252 6942/7123
f 6942/7123 7070/7252 7071/7253 6943/7124
f 6943/7124 7071/7253 7072/7254 6944/7125
f 6944/7125 7072/7254 7073/7255 6945/7126
f 6945/7126 7073/7255 7074/7256 6946/7127
f 6946/7127 7074/7256 7075/7257 6947/7128
f 6947/7128 7075/7257 7076/7258 6948/7129
f 6948/7129 7076/7258 7077/7259 6949/7130
f 6949/7130 7077/7259 7078/7260 6950/7131
f 6950/7131 7078/7260 7079/7261 6951/7132
f 6951/7132 7079/7261 7080/7262 6952/7133
f 6952/7133 7080/7262 7081/7263 6953/7134
f 6953/7134 7081/7263 7082/7264 6954/7135
f 6954/7135 7082/7264 7083/7265 6955/7136
f 6955/7136 7083/7265 7084/7266 6956/7137
f 6956/7137 7084/7266 7085/7267 6957/7138
f 6957/7138 7085/7267 7086/7268 6958/7139
f 6958/7139 7086/7268 7087/7269 6959/7140
f 6959/7140 7087/7269 7088/7270 6960/7141
f 6960/7141 7088/7270 7089/7271 6961/7142
f 6961/7142 7089/7271 7090/7272 6962/7143
f 6962/7143 7090/7272 7091/7273 6963/7144
f 6963/7144 7091/7273 7092/7274 6964/7145
f 6964/7145 7092/7274 7093/7275 6965/7146
f 6965/7146 7093/7275 7094/7276 6966/7147
f 6966/7147 7094/7276 7095/7277 6967/7148
f 6967/7148 7095/7277 7096/7278 6968/7149
f 6968/7149 7096/7278 7097/7279 6969/7150
f 6969/7150 7097/7279 7098/7280 6970/7151
f 6970/7151 7098/7280 7099/7281 6971/7152
f 6971/7152 7099/7281 7100/7282 6972/7153
f 6972/7153 7100/7282 7101/7283 6973/7154
f 6973/7154 7101/7283 7102/7284 6974/7155
f 6974/7155 7102/7284 7103/7285 6975/7156
f 6975/7156 7103/7285 7104/7286 6976/7157
f 6976/7157 7104/7286 7105/7287 6977/7158
f 6977/7158 7105/7287 7106/7288 6978/7159
f 6978/7159 7106/7288 7107/7289 6979/7160
f 6979/7160 7107/7289 7108/7290 6980/7161
f 6980/7161 7108/7290 7109/7291 6981/7162
f 6981/7162 7109/7291 7110/7292 6982/7163
f 6982/7163 7110/7292 7111/7293 6983/7164
f 6983/7164 7111/7293 7112/7294 6984/7165
f 6984/7165 7112/7294 7113/7295 6985/7166
f 6985/7166 7113/7295 7114/7296 6986/7167
f 6986/7167 7114/7296 7115/7297 6987/7168
f 6987/7168 7115/7297 7116/7298 6988/7169
f 6988/7169 7116/7298 7117/7299 6989/7170
f 6989/7170 7117/7299 7118/7300 6990/7171
f 6990/7171 7118/7300 7119/7301 6991/7172
f 6991/7172 7119/7301 7120/7302 6992/7173
f 6992/7173 7120/7302 7121/7303 6993/7174
f 6993/7174 7121/7303 7122/7304 6994/7175
f 6994/7175 7122/7304 7123/7305 6995/7176
f 6995/7176 7123/7305 7124/7306 6996/7177
f 6996/7177 7124/7306 7125/7307 6997/7178
f 6997/7178 7125/7307 7126/7308 6998/7179
f 6998/7179 7126/7308 7127/7309 6999/7180
f 6999/7180 7127/7309 7128/7310 7000/7181
f 7000/7181 7128/7310 7129/7311 7001/7182
f 7001/7182 7129/7311 7130/7312 7002/7183
f 7002/7183 7130/7312 7131/7313 7003/7184
f 7003/7184 7131/7313 7132/7314 7004/7185
f 7004/7185 7132/7314 7133/7315 7005/7186
f 7005/7186 7133/7315 7134/7316 7006/7187
f 7006/7187 7134/7316 7135/7317 7007/7188
f 7007/7188 7135/7317 7136/7318 7008/7189
f 7008/7189 7136/7318 7137/7319 7009/7190
f 7009/7190 7137/7319 7138/7320 7010/7191
f 7010/7191 7138/7320 7139/7321 7011/7192
f 7011/7192 7139/7321 7140/7322 7012/7193
f 7012/7193 7140/7322 7141/7323 7013/7194
f 7013/7194 7141/7323 7142/7324 7014/7195
f 7014/7195 7142/7324 7143/7325 7015/7196
f 7015/7196 7143/7325 7144/7326 7016/7197
f 7016/7197 7144/7326 7145/7327 7017/7198
f 7017/7198 7145/7327 7146/7328 7018/7199
f 7018/7199 7146/7328 7147/7329 7019/7200
f 7019/7200 7147/7329 7148/7330 7020/7201
f 7020/7201 7148/7330 7149/7331 7021/7202
f 7021/7202 7149/7331 7150/7332 7022/7203
f 7022/7203 7150/7332 7151/7333 7023/7204
f 7023/7204 7151/7333 7152/7334 7024/7205
f 7024/7205 7152/7334 7153/7335 7025/7206
f 7025/7206 7153/7335 7154/7336 7026/7207
f 7026/7207 7154/7336 7155/7337 7027/7208
f 7027/7208 7155/7337 7156/7338 7028/7209
f 7028/7209 7156/7338 7157/7339 7029/7210
f 7029/7210 7157/7339 7158/7340 7030/7211
f 7030/7211 7158/7340 7159/7341 7031/7212
f 7031/7212 7159/7341 7160/7342 7032/7213
f 7032/7213 7160/7342 7161/7343 7033/7214
f 7033/7214 7161/7343 7162/7344 7034/7215
f 7034/7215 7162/7344 7163/7345 7035/7216
f 7035/7216 7163/7345 7164/7346 7036/7217
f 7036/7217 7164/7346 7165/7347 7037/7218
f 7037/7218 7165/7347 7166/7348 7038/7219
f 7038/7219 7166/7348 7167/7349 7039/7220
f 7039/7220 7167/7349 7168/7350 7040/7221
f 7040/7221 7168/7350 7169/7351 7041/7222
f 7041/7222 7169/7351 7042/7352 6914/7223
f 7042/7224 7170/7353 7171/7354 7043/7225
f 7043/7225 7171/7354 7172/7355 7044/7226
f 7044/7226 7172/7355 7173/7356 7045/7227
f 7045/7227 7173/7356 7174/7357 7046/7228
f 7046/7228 7174/7357 7175/7358 7047/7229
f 7047/7229 7175/7358 7176/7359 7048/7230
f 7048/7230 7176/7359 7177/7360 7049/7231
f 7049/7231 7177/7360 7178/7361 7050/7232
f 7050/7232 7178/7361 7179/7362 7051/7233
f 7051/7233 7179/7362 7180/7363 7052/7234
f 7052/7234 7180/7363 7181/7364 7053/7235
f 7053/7235 7181/7364 7182/7365 7054/7236
f 7054/7236 7182/7365 7183/7366 7055/7237
f 7055/7237 7183/7366 7184/7367 7056/7238
f 7056/7238 7184/7367 7185/7368 7057/7239
f 7057/7239 7185/7368 7186/7369 7058/7240
f 7058/7240 7186/7369 7187/7370 7059/7241
f 7059/7241 7187/7370 7188/7371 7060/7242
f 7060/7242 7188/7371 7189/7372 7061/7243
f 7061/7243 7189/7372 7190/7373 7062/7244
f 7062/7244 7190/7373 7191/7374 7063/7245
f 7063/7245 7191/7374 7192/7375 7064/7246
f 7064/7246 7192/7375 7193/7376 7065/7247
f 7065/7247 7193/7376 7194/7377 7066/7248
f 7066/7248 7194/7377 7195/7378 7067/7249
f 7067/7249 7195/7378 7196/7379 7068/7250
f 7068/7250 7196/7379 7197/7380 7069/7251
f 7069/7251 7197/7380 7198/7381 7070/7252
f 7070/7252 7198/7381 7199/7382 7071/7253
f 7071/7253 7199/7382 7200/7383 7072/7254
f 7072/7254 7200/7383 7201/7384 7073/7255
f 7073/7255 7201/7384 7202/7385 7074/7256
f 7074/7256 7202/7385 7203/7386 7075/7257
f 7075/7257 7203/7386 7204/7387 7076/7258
f 7076/7258 7204/7387 7205/7388 7077/7259
f 7077/7259 7205/7388 7206/7389 7078/7260
f 7078/7260 7206/7389 7207/7390 7079/7261
f 7079/7261 7207/7390 7208/7391 7080/7262
f 7080/7262 7208/7391 7209/7392 7081/7263
f 7081/7263 7209/7392 7210/7393 7082/7264
f 7082/7264 7210/7393 7211/7394 7083/7265
f 7083/7265 7211/7394 7212/7395 7084/7266
f 7084/7266 7212/7395 7213/7396 7085/7267
f 7085/7267 7213/7396 7214/7397 7086/7268
f 7086/7268 7214/7397 7215/7398 7087/7269
f 7087/7269 7215/7398 7216/7399 7088/7270
f 7088/7270 7216/7399 7217/7400 7089/7271
f 7089/7271 7217/7400 7218/7401 7090/7272
f 7090/7272 7218/7401 7219/7402 7091/7273
f 7091/7273 7219/7402 7220/7403 7092/7274
f 7092/7274 7220/7403 7221/7404 7093/7275
f 7093/7275 7221/7404 7222/7405 7094/7276
f 7094/7276 7222/7405 7223/7406 7095/7277
f 7095/7277 7223/7406 7224/7407 7096/7278
f 7096/7278 7224/7407 7225/7408 7097/7279
f 7097/7279 7225/7408 7226/7409 7098/7280
f 7098/7280 7226/7409 7227/7410 7099/7281
f 7099/7281 7227/7410 7228/7411 7100/7282
f 7100/7282 7228/7411 7229/7412 7101/7283
f 7101/7283 7229/7412 7230/7413 7102/7284
f 7102/7284 7230/7413 7231/7414 7103/7285
f 7103/7285 7231/7414 7232/7415 7104/7286
f 7104/7286 7232/7415 7233/7416 7105/7287
f 7105/7287 7233/7416 7234/7417 7106/7288
f 7106/7288 7234/7417 7235/7418 7107/7289
f 7107/7289 7235/7418 7236/7419 7108/7290
f 7108/7290 7236/7419 7237/7420 7109/7291
f 7109/7291 7237/7420 7238/7421 7110/7292
f 7110/7292 7238/7421 7239/7422 7111/7293
f 7111/7293 7239/7422 7240/7423 7112/7294
f 7112/7294 7240/7423 7241/7424 7113/7295
f 7113/7295 7241/7424 7242/7425 7114/7296
f 7114/7296 7242/7425 7243/7426 7115/7297
f 7115/7297 7243/7426 7244/7427 7116/7298
f 7116/7298 7244/7427 7245/7428 7117/7299
f 7117/7299 7245/7428 7246/7429 7118/7300
f 7118/7300 7246/7429 7247/7430 7119/7301
f 7119/7301 7247/7430 7248/7431 7120/7302
f 7120/7302 7248/7431 7249/7432 7121/7303
f 7121/7303 7249/7432 7250/7433 7122/7304
f 7122/7304 7250/7433 7251/7434 7123/7305
f 7123/7305 7251/7434 7252/7435 7124/7306
f 7124/7306 7252/7435 7253/7436 7125/7307
f 7125/7307 7253/7436 7254/7437 7126/7308
f 7126/7308 7254/7437 7255/7438 7127/7309
f 7127/7309 7255/7438 7256/7439 7128/7310
f 7128/7310 7256/7439 7257/7440 7129/7311
f 7129/7311 7257/7440 7258/7441 7130/7312
f 7130/7312 7258/7441 7259/7442 7131/7313
f 7131/7313 7259/7442 7260/7443 7132/7314
f 7132/7314 7260/7443 7261/7444 7133/7315
f 7133/7315 7261/7444 7262/7445 7134/7316
f 7134/7316 7262/7445 7263/7446 7135/7317
f 7135/7317 7263/7446 7264/7447 7136/7318
f 7136/7318 7264/7447 7265/7448 7137/7319
f 7137/7319 7265/7448 7266/7449 7138/7320
f 7138/7320 7266/7449 7267/7450 7139/7321
f 7139/7321 7267/7450 7268/7451 7140/7322
f 7140/7322 7268/7451 7269/7452 7141/7323
f 7141/7323 7269/7452 7270/7453 7142/7324
f 7142/7324 7270/7453 7271/7454 7143/7325
f 7143/7325 7271/7454 7272/7455 7144/7326
f 7144/7326 7272/7455 7273/7456 7145/7327
f 7145/7327 7273/7456 7274/7457 7146/7328
f 7146/7328 7274/7457 7275/7458 7147/7329
f 7147/7329 7275/7458 7276/7459 7148/7330
f 7148/7330 7276/7459 7277/7460 7149/7331
f 7149/7331 7277/7460 7278/7461 7150/7332
f 7150/7332 7278/7461 7279/7462 7151/7333
f 7151/7333 7279/7462 7280/7463 7152/7334
f 7152/7334 7280/7463 7281/7464 7153/7335
f 7153/7335 7281/7464 7282/7465 7154/7336
f 7154/7336 7282/7465 7283/7466 7155/7337
f 7155/7337 7283/7466 7284/7467 7156/7338
f 7156/7338 7284/7467 7285/7468 7157/7339
f 7157/7339 7285/7468 7286/7469 7158/7340
f 7158/7340 7286/7469 7287/7470 7159/7341
f 7159/7341 7287/7470 7288/7471 7160/7342
f 7160/7342 7288/7471 7289/7472 7161/7343
f 7161/7343 7289/7472 7290/7473 7162/7344
f 7162/7344 7290/7473 7291/7474 7163/7345
f 7163/7345 7291/7474 7292/7475 7164/7346
f 7164/7346 7292/7475 7293/7476 7165/7347
f 7165/7347 7293/7476 7294/7477 7166/7348
f 7166/7348 7294/7477 7295/7478 7167/7349
f 7167/7349 7295/7478 7296/7479 7168/7350
f 7168/7350 7296/7479 7297/7480 7169/7351
f 7169/7351 7297/7480 7170/7481 7042/7352
f 7170/7353 7298/7482 7299/7483 7171/7354
f 7171/7354 7299/7483 7300/7484 7172/7355
f 7172/7355 7300/7484 7301/7485 7173/7356
f 7173/7356 7301/7485 7302/7486 7174/7357
f 7174/7357 7302/7486 7303/7487 7175/7358
f 7175/7358 7303/7487 7304/7488 7176/7359
f 7176/7359 7304/7488 7305/7489 7177/7360
f 7177/7360 7305/7489 7306/7490 7178/7361
f 7178/7361 7306/7490 7307/7491 7179/7362
f 7179/7362 7307/7491 7308/7492 7180/7363
f 7180/7363 7308/7492 7309/7493 7181/7364
f 7181/7364 7309/7493 7310/7494 7182/7365
f 7182/7365 7310/7494 7311/7495 7183/7366
f 7183/7366 7311/7495 7312/7496 7184/7367
f 7184/7367 7312/7496 7313/7497 7185/7368
f 7185/7368 7313/7497 7314/7498 7186/7369
f 7186/7369 7314/7498 7315/7499 7187/7370
f 7187/7370 7315/7499 7316/7500 7188/7371
f 7188/7371 7316/7500 7317/7501 7189/7372
f 7189/7372 7317/7501 7318/7502 7190/7373
f 7190/7373 7318/7502 7319/7503 7191/7374
f 7191/7374 7319/7503 7320/7504 7192/7375
f 7192/7375 7320/7504 7321/7505 7193/7376
f 7193/7376 7321/7505 7322/7506 7194/7377
f 7194/7377 7322/7506 7323/7507 7195/7378
f 7195/7378 7323/7507 7324/7508 7196/7379
f 7196/7379 7324/7508 7325/7509 7197/7380
f 7197/7380 7325/7509 7326/7510 7198/7381
f 7198/7381 7326/7510 7327/7511 7199/7382
f 7199/7382 7327/7511 7328/7512 7200/7383
f 7200/7383 7328/7512 7329/7513 7201/7384
f 7201/7384 7329/7513 7330/7514 7202/7385
f 7202/7385 7330/7514 7331/7515 7203/7386
f 7203/7386 7331/7515 7332/7516 7204/7387
f 7204/7387 7332/7516 7333/7517 7205/7388
f 7205/7388 7333/7517 7334/7518 7206/7389
f 7206/7389 7334/7518 7335/7519 7207/7390
f 7207/7390 7335/7519 7336/7520 7208/7391
f 7208/7391 7336/7520 7337/7521 7209/7392
f 7209/7392 7337/7521 7338/7522 7210/7393
f 7210/7393 7338/7522 7339/7523 7211/7394
f 7211/7394 7339/7523 7340/7524 7212/7395
f 7212/7395 7340/7524 7341/7525 7213/7396
f 7213/7396 7341/7525 7342/7526 7214/7397
f 7214/7397 7342/7526 7343/7527 7215/7398
f 7215/7398 7343/7527 7344/7528 7216/7399
f 7216/7399 7344/7528 7345/7529 7217/7400
f 7217/7400 7345/7529 7346/7530 7218/7401
f 7218/7401 7346/7530 7347/7531 7219/7402
f 7219/7402 7347/7531 7348/7532 7220/7403
f 7220/7403 7348/7532 7349/7533 7221/7404
f 7221/7404 7349/7533 7350/7534 7222/7405
f 7222/7405 7350/7534 7351/7535 7223/7406
f 7223/7406 7351/7535 7352/7536 7224/7407
f 7224/7407 7352/7536 7353/7537 7225/7408
f 7225/7408 7353/7537 7354/7538 7226/7409
f 7226/7409 7354/7538 7355/7539 7227/7410
f 7227/7410 7355/7539 7356/7540 7228/7411
f 7228/7411 7356/7540 7357/7541 7229/7412
f 7229/7412 7357/7541 7358/7542 7230/7413
f 7230/7413 7358/7542 7359/7543 7231/7414
f 7231/7414 7359/7543 7360/7544 7232/7415
f 7232/7415 7360/7544 7361/7545 7233/7416
f 7233/7416 7361/7545 7362/7546 7234/7417
f 7234/7417 7362/7546 7363/7547 7235/7418
f 7235/7418 7363/7547 7364/7548 7236/7419
f 7236/7419 7364/7548 7365/7549 7237/7420
f 7237/7420 7365/7549 7366/7550 7238/7421
f 7238/7421 7366/7550 7367/7551 7239/7422
f 7239/7422 7367/7551 7368/7552 7240/7423
f 7240/7423 7368/7552 7369/7553 7241/7424
f 7241/7424 7369/7553 7370/7554 7242/7425
f 7242/7425 7370/7554 7371/7555 7243/7426
f 7243/7426 7371/7555 7372/7556 7244/7427
f 7244/7427 7372/7556 7373/7557 7245/7428
f 7245/7428 7373/7557 7374/7558 7246/7429
f 7246/7429 7374/7558 7375/7559 7247/7430
f 7247/7430 7375/7559 7376/7560 7248/7431
f 7248/7431 7376/7560 7377/7561 7249/7432
f 7249/7432 7377/7561 7378/7562 7250/7433
f 7250/7433 7378/7562 7379/7563 7251/7434
f 7251/7434 7379/7563 7380/7564 7252/7435
f 7252/7435 7380/7564 7381/7565 7253/7436
f 7253/7436 7381/7565 7382/7566 7254/7437
f 7254/7437 7382/7566 7383/7567 7255/7438
f 7255/7438 7383/7567 7384/7568 7256/7439
f 7256/7439 7384/7568 7385/7569 7257/7440
f 7257/7440 7385/7569 7386/7570 7258/7441
f 7258/7441 7386/7570 7387/7571 7259/7442
f 7259/7442 7387/7571 7388/7572 7260/7443
f 7260/7443 7388/7572 7389/7573 7261/7444
f 7261/7444 7389/7573 7390/7574 7262/7445
f 7262/7445 7390/7574 7391/7575 7263/7446
f 7263/7446 7391/7575 7392/7576 7264/7447
f 7264/7447 7392/7576 7393/7577 7265/7448
f 7265/7448 7393/7577 7394/7578 7266/7449
f 7266/7449 7394/7578 7395/7579 7267/7450
f 7267/7450 7395/7579 7396/7580 7268/7451
f 7268/7451 7396/7580 7397/7581 7269/7452
f 7269/7452 7397/7581 7398/7582 7270/7453
f 7270/7453 7398/7582 7399/7583 7271/7454
f 7271/7454 7399/7583 7400/7584 7272/7455
f 7272/7455 7400/7584 7401/7585 7273/7456
f 7273/7456 7401/7585 7402/7586 7274/7457
f 7274/7457 7402/7586 7403/7587 7275/7458
f 7275/7458 7403/7587 7404/7588 7276/7459
f 7276/7459 7404/7588 7405/7589 7277/7460
f 7277/7460 7405/7589 7406/7590 7278/7461
f 7278/7461 7406/7590 7407/7591 7279/7462
f 7279/7462 7407/7591 7408/7592 7280/7463
f 7280/7463 7408/7592 7409/7593 7281/7464
f 7281/7464 7409/7593 7410/7594 7282/7465
f 7282/7465 7410/7594 7411/7595 7283/7466
f 7283/7466 7411/7595 7412/7596 7284/7467
f 7284/7467 7412/7596 7413/7597 7285/7468
f 7285/7468 7413/7597 7414/7598 7286/7469
f 7286/7469 7414/7598 7415/7599 7287/7470
f 7287/7470 7415/7599 7416/7600 7288/7471
f 7288/7471 7416/7600 7417/7601 7289/7472
f 7289/7472 7417/7601 7418/7602 7290/7473
f 7290/7473 7418/7602 7419/7603 7291/7474
f 7291/7474 7419/7603 7420/7604 7292/7475
f 7292/7475 7420/7604 7421/7605 7293/7476
f 7293/7476 7421/7605 7422/7606 7294/7477
f 7294/7477 7422/7606 7423/7607 7295/7478
f 7295/7478 7423/7607 7424/7608 7296/7479
f 7296/7479 7424/7608 7425/7609 7297/7480
f 7297/7480 7425/7609 7298/7610 7170/7481
f 7298/7482 7426/7611 7427/7612 7299/7483
f 7299/7483 7427/7612 7428/7613 7300/7484
f 7300/7484 7428/7613 7429/7614 7301/7485
f 7301/7485 7429/7614 7430/7615 7302/7486
f 7302/7486 7430/7615 7431/7616 7303/7487
f 7303/7487 7431/7616 7432/7617 7304/7488
f 7304/7488 7432/7617 7433/7618 7305/7489
f 7305/7489 7433/7618 7434/7619 7306/7490
f 7306/7490 7434/7619 7435/7620 7307/7491
f 7307/7491 7435/7620 7436/7621 7308/7492
f 7308/7492 7436/7621 7437/7622 7309/7493
f 7309/7493 7437/7622 7438/7623 7310/7494
f 7310/7494 7438/7623 7439/7624 7311/7495
f 7311/7495 7439/7624 7440/7625 7312/7496
f 7312/7496 7440/7625 7441/7626 7313/7497
f 7313/7497 7441/7626 7442/7627 7314/7498
f 7314/7498 7442/7627 7443/7628 7315/7499
f 7315/7499 7443/7628 7444/7629 7316/7500
f 7316/7500 7444/7629 7445/7630 7317/7501
f 7317/7501 7445/7630 7446/7631 7318/7502
f 7318/7502 7446/7631 7447/7632 7319/7503
f 7319/7503 7447/7632 7448/7633 7320/7504
f 7320/7504 7448/7633 7449/7634 7321/7505
f 7321/7505 7449/7634 7450/7635 7322/7506
f 7322/7506 7450/7635 7451/7636 7323/7507
f 7323/7507 7451/7636 7452/7637 7324/7508
f 7324/7508 7452/7637 7453/7638 7325/7509
f 7325/7509 7453/7638 7454/7639 7326/7510
f 7326/7510 7454/7639 7455/7640 7327/7511
f 7327/7511 7455/7640 7456/7641 7328/7512
f 7328/7512 7456/7641 7457/7642 7329/7513
f 7329/7513 7457/7642 7458/7643 7330/7514
f 7330/7514 7458/7643 7459/7644 7331/7515
f 7331/7515 7459/7644 7460/7645 7332/7516
f 7332/7516 7460/7645 7461/7646 7333/7517
f 7333/7517 7461/7646 7462/7647 7334/7518
f 7334/7518 7462/7647 7463/7648 7335/7519
f 7335/7519 7463/7648 7464/7649 7336/7520
f 7336/7520 7464/7649 7465/7650 7337/7521
f 7337/7521 7465/7650 7466/7651 7338/7522
f 7338/7522 7466/7651 7467/7652 7339/7523
f 7339/7523 7467/7652 7468/7653 7340/7524
f 7340/7524 7468/7653 7469/7654 7341/7525
f 7341/7525 7469/7654 7470/7655 7342/7526
f 7342/7526 7470/7655 7471/7656 7343/7527
f 7343/7527 7471/7656 7472/7657 7344/7528
f 7344/7528 7472/7657 7473/7658 7345/7529
f 7345/7529 7473/7658 7474/7659 7346/7530
f 7346/7530 7474/7659 7475/7660 7347/7531
f 7347/7531 7475/7660 7476/7661 7348/7532
f 7348/7532 7476/7661 7477/7662 7349/7533
f 7349/7533 7477/7662 7478/7663 7350/7534
f 7350/7534 7478/7663 7479/7664 7351/7535
f 7351/7535 7479/7664 7480/7665 7352/7536
f 7352/7536 7480/7665 7481/7666 7353/7537
f 7353/7537 7481/7666 7482/7667 7354/7538
f 7354/7538 7482/7667 7483/7668 7355/7539
f 7355/7539 7483/7668 7484/7669 7356/7540
f 7356/7540 7484/7669 7485/7670 7357/7541
f 7357/7541 7485/7670 7486/7671 7358/7542
f 7358/7542 7486/7671 7487/7672 7359/7543
f 7359/7543 7487/7672 7488/7673 7360/7544
f 7360/7544 7488/7673 7489/7674 7361/7545
f 7361/7545 7489/7674 7490/7675 7362/7546
f 7362/7546 7490/7675 7491/7676 7363/7547
f 7363/7547 7491/7676 7492/7677 7364/7548
f 7364/7548 7492/7677 7493/7678 7365/7549
f 7365/7549 7493/7678 7494/7679 7366/7550
f 7366/7550 7494/7679 7495/7680 7367/7551
f 7367/7551 7495/7680 7496/7681 7368/7552
f 7368/7552 7496/7681 7497/7682 7369/7553
f 7369/7553 7497/7682 7498/7683 7370/7554
f 7370/7554 7498/7683 7499/7684 7371/7555
f 7371/7555 7499/7684 7500/7685 7372/7556
f 7372/7556 7500/7685 7501/7686 7373/7557
f 7373/7557 7501/7686 7502/7687 7374/7558
f 7374/7558 7502/7687 7503/7688 7375/7559
f 7375/7559 7503/7688 7504/7689 7376/7560
f 7376/7560 7504/7689 7505/7690 7377/7561
f 7377/7561 7505/7690 7506/7691 7378/7562
f 7378/7562 7506/7691 7507/7692 7379/7563
f 7379/7563 7507/7692 7508/7693 7380/7564
f 7380/7564 7508/7693 7509/7694 7381/7565
f 7381/7565 7509/7694 7510/7695 7382/7566
f 7382/7566 7510/7695 7511/7696 7383/7567
f 7383/7567 7511/7696 7512/7697 7384/7568
f 7384/7568 7512/7697 7513/7698 7385/7569
f 7385/7569 7513/7698 7514/7699 7386/7570
f 7386/7570 7514/7699 7515/7700 7387/7571
f 7387/7571 7515/7700 7516/7701 7388/7572
f 7388/7572 7516/7701 7517/7702 7389/7573
f 7389/7573 7517/7702 7518/7703 7390/7574
f 7390/7574 7518/7703 7519/7704 7391/7575
f 7391/7575 7519/7704 7520/7705 7392/7576
f 7392/7576 7520/7705 7521/7706 7393/7577
f 7393/7577 7521/7706 7522/7707 7394/7578
f 7394/7578 7522/7707 7523/7708 7395/7579
f 7395/7579 7523/7708 7524/7709 7396/7580
f 7396/7580 7524/7709 7525/7710 7397/7581
f 7397/7581 7525/7710 7526/7711 7398/7582
f 7398/7582 7526/7711 7527/7712 7399/7583
f 7399/7583 7527/7712 7528/7713 7400/7584
f 7400/7584 7528/7713 7529/7714 7401/7585
f 7401/7585 7529/7714 7530/7715 7402/7586
f 7402/7586 7530/7715 7531/7716 7403/7587
f 7403/7587 7531/7716 7532/7717 7404/7588
f 7404/7588 7532/7717 7533/7718 7405/7589
f 7405/7589 7533/7718 7534/7719 7406/7590
f 7406/7590 7534/7719 7535/7720 7407/7591
f 7407/7591 7535/7720 7536/7721 7408/7592
f 7408/7592 7536/7721 7537/7722 7409/7593
f 7409/7593 7537/7722 7538/7723 7410/7594
f 7410/7594 7538/7723 7539/7724 7411/7595
f 7411/7595 7539/7724 7540/7725 7412/7596
f 7412/7596 7540/7725 7541/7726 7413/7597
f 7413/7597 7541/7726 7542/7727 7414/7598
f 7414/7598 7542/7727 7543/7728 7415/7599
f 7415/7599 7543/7728 7544/7729 7416/7600
f 7416/7600 7544/7729 7545/7730 7417/7601
f 7417/7601 7545/7730 7546/7731 7418/7602
f 7418/7602 7546/7731 7547/7732 7419/7603
f 7419/7603 7547/7732 7548/7733 7420/7604
f 7420/7604 7548/7733 7549/7734 7421/7605
f 7421/7605 7549/7734 7550/7735 7422/7606
f 7422/7606 7550/7735 7551/7736 7423/7607
f 7423/7607 7551/7736 7552/7737 7424/7608
f 7424/7608 7552/7737 7553/7738 7425/7609
f 7425/7609 7553/7738 7426/7739 7298/7610
f 7426/7611 7554/7740 7555/7741 7427/7612
f 7427/7612 7555/7741 7556/7742 7428/7613
f 7428/7613 7556/7742 7557/7743 7429/7614
f 7429/7614 7557/7743 7558/7744 7430/7615
f 7430/7615 7558/7744 7559/7745 7431/7616
f 7431/7616 7559/7745 7560/7746 7432/7617
f 7432/7617 7560/7746 7561/7747 7433/7618
f 7433/7618 7561/7747 7562/7748 7434/7619
f 7434/7619 7562/7748 7563/7749 7435/7620
f 7435/7620 7563/7749 7564/7750 7436/7621
f 7436/7621 7564/7750 7565/7751 7437/7622
f 7437/7622 7565/7751 7566/7752 7438/7623
f 7438/7623 7566/7752 7567/7753 7439/7624
f 7439/7624 7567/7753 7568/7754 7440/7625
f 7440/7625 7568/7754 7569/7755 7441/7626
f 7441/7626 7569/7755 7570/7756 7442/7627
f 7442/7627 7570/7756 7571/7757 7443/7628
f 7443/7628 7571/7757 7572/7758 7444/7629
f 7444/7629 7572/7758 7573/7759 7445/7630
f 7445/7630 7573/7759 7574/7760 7446/7631
f 7446/7631 7574/7760 7575/7761 7447/7632
f 7447/7632 7575/7761 7576/7762 7448/7633
f 7448/7633 7576/7762 7577/7763 7449/7634
f 7449/7634 7577/7763 7578/7764 7450/7635
f 7450/7635 7578/7764 7579/7765 7451/7636
f 7451/7636 7579/7765 7580/7766 7452/7637
f 7452/7637 7580/7766 7581/7767 7453/7638
f 7453/7638 7581/7767 7582/7768 7454/7639
f 7454/7639 7582/7768 7583/7769 7455/7640
f 7455/7640 7583/7769 7584/7770 7456/7641
f 7456/7641 7584/7770 7585/7771 7457/7642
f 7457/7642 7585/7771 7586/7772 7458/7643
f 7458/7643 7586/7772 7587/7773 7459/7644
f 7459/7644 7587/7773 7588/7774 7460/7645
f 7460/7645 7588/7774 7589/7775 7461/7646
f 7461/7646 7589/7775 7590/7776 7462/7647
f 7462/7647 7590/7776 7591/7777 7463/7648
f 7463/7648 7591/7777 7592/7778 7464/7649
f 7464/7649 7592/7778 7593/7779 7465/7650
f 7465/7650 7593/7779 7594/7780 7466/7651
f 7466/7651 7594/7780 7595/7781 7467/7652
f 7467/7652 7595/7781 7596/7782 7468/7653
f 7468/7653 7596/7782 7597/7783 7469/7654
f 7469/7654 7597/7783 7598/7784 7470/7655
f 7470/7655 7598/7784 7599/7785 7471/7656
f 7471/7656 7599/7785 7600/7786 7472/7657
f 7472/7657 7600/7786 7601/7787 7473/7658
f 7473/7658 7601/7787 7602/7788 7474/7659
f 7474/7659 7602/7788 7603/7789 7475/7660
f 7475/7660 7603/7789 7604/7790 7476/7661
f 7476/7661 7604/7790 7605/7791 7477/7662
f 7477/7662 7605/7791 7606/7792 7478/7663
f 7478/7663 7606/7792 7607/7793 7479/7664
f 7479/7664 7607/7793 7608/7794 7480/7665
f 7480/7665 7608/7794 7609/7795 7481/7666
f 7481/7666 7609/7795 7610/7796 7482/7667
f 7482/7667 7610/7796 7611/7797 7483/7668
f 7483/7668 7611/7797 7612/7798 7484/7669
f 7484/7669 7612/7798 7613/7799 7485/7670
f 7485/7670 7613/7799 7614/7800 7486/7671
f 7486/7671 7614/7800 7615/7801 7487/7672
f 7487/7672 7615/7801 7616/7802 7488/7673
f 7488/7673 7616/7802 7617/7803 7489/7674
f 7489/7674 7617/7803 7618/7804 7490/7675
f 7490/7675 7618/7804 7619/7805 7491/7676
f 7491/7676 7619/7805 7620/7806 7492/7677
f 7492/7677 7620/7806 7621/7807 7493/7678
f 7493/7678 7621/7807 7622/7808 7494/7679
f 7494/7679 7622/7808 7623/7809 7495/7680
f 7495/7680 7623/7809 7624/7810 7496/7681
f 7496/7681 7624/7810 7625/7811 7497/7682
f 7497/7682 7625/7811 7626/7812 7498/7683
f 7498/7683 7626/7812 7627/7813 7499/7684
f 7499/7684 7627/7813 7628/7814 7500/7685
f 7500/7685 7628/7814 7629/7815 7501/7686
f 7501/7686 7629/7815 7630/7816 7502/7687
f 7502/7687 7630/7816 7631/7817 7503/7688
f 7503/7688 7631/7817 7632/7818 7504/7689
f 7504/7689 7632/7818 7633/7819 7505/7690
f 7505/7690 7633/7819 7634/7820 7506/7691
f 7506/7691 7634/7820 7635/7821 7507/7692
f 7507/7692 7635/7821 7636/7822 7508/7693
f 7508/7693 7636/7822 7637/7823 7509/7694
f 7509/7694 7637/7823 7638/7824 7510/7695
f 7510/7695 7638/7824 7639/7825 7511/7696
f 7511/7696 7639/7825 7640/7826 7512/7697
f 7512/7697 7640/7826 7641/7827 7513/7698
f 7513/7698 7641/7827 7642/7828 7514/7699
f 7514/7699 7642/7828 7643/7829 7515/7700
f 7515/7700 7643/7829 7644/7830 7516/7701
f 7516/7701 7644/7830 7645/7831 7517/7702
f 7517/7702 7645/7831 7646/7832 7518/7703
f 7518/7703 7646/7832 7647/7833 7519/7704
f 7519/7704 7647/7833 7648/7834 7520/7705
f 7520/7705 7648/7834 7649/7835 7521/7706
f 7521/7706 7649/7835 7650/7836 7522/7707
f 7522/7707 7650/7836 7651/7837 7523/7708
f 7523/7708 7651/7837 7652/7838 7524/7709
f 7524/7709 7652/7838 7653/7839 7525/7710
f 7525/7710 7653/7839 7654/7840 7526/7711
f 7526/7711 7654/7840 7655/7841 7527/7712
f 7527/7712 7655/7841 7656/7842 7528/7713
f 7528/7713 7656/7842 7657/7843 7529/7714
f 7529/7714 7657/7843 7658/7844 7530/7715
f 7530/7715 7658/7844 7659/7845 7531/7716
f 7531/7716 7659/7845 7660/7846 7532/7717
f 7532/7717 7660/7846 7661/7847 7533/7718
f 7533/7718 7661/7847 7662/7848 7534/7719
f 7534/7719 7662/7848 7663/7849 7535/7720
f 7535/7720 7663/7849 7664/7850 7536/7721
f 7536/7721 7664/7850 7665/7851 7537/7722
f 7537/7722 7665/7851 7666/7852 7538/7723
f 7538/7723 7666/7852 7667/7853 7539/7724
f 7539/7724 7667/7853 7668/7854 7540/7725
f 7540/7725 7668/7854 7669/7855 7541/7726
f 7541/7726 7669/7855 7670/7856 7542/7727
f 7542/7727 7670/7856 7671/7857 7543/7728
f 7543/7728 7671/7857 7672/7858 7544/7729
f 7544/7729 7672/7858 7673/7859 7545/7730
f 7545/7730 7673/7859 7674/7860 7546/7731
f 7546/7731 7674/7860 7675/7861 7547/7732
f 7547/7732 7675/7861 7676/7862 7548/7733
f 7548/7733 7676/7862 7677/7863 7549/7734
f 7549/7734 7677/7863 7678/7864 7550/7735
f 7550/7735 7678/7864 7679/7865 7551/7736
f 7551/7736 7679/7865 7680/7866 7552/7737
f 7552/7737 7680/7866 7681/7867 7553/7738
f 7553/7738 7681/7867 7554/7868 7426/7739
f 7554/7740 7682/7869 7683/7870 7555/7741
f 7555/7741 7683/7870 7684/7871 7556/7742
f 7556/7742 7684/7871 7685/7872 7557/7743
f 7557/7743 7685/7872 7686/7873 7558/7744
f 7558/7744 7686/7873 7687/7874 7559/7745
f 7559/7745 7687/7874 7688/7875 7560/7746
f 7560/7746 7688/7875 7689/7876 7561/7747
f 7561/7747 7689/7876 7690/7877 7562/7748
f 7562/7748 7690/7877 7691/7878 7563/7749
f 7563/7749 7691/7878 7692/7879 7564/7750
f 7564/7750 7692/7879 7693/7880 7565/7751
f 7565/7751 7693/7880 7694/7881 7566/7752
f 7566/7752 7694/7881 7695/7882 7567/7753
f 7567/7753 7695/7882 7696/7883 7568/7754
f 7568/7754 7696/7883 7697/7884 7569/7755
f 7569/7755 7697/7884 7698/7885 7570/7756
f 7570/7756 7698/7885 7699/7886 7571/7757
f 7571/7757 7699/7886 7700/7887 7572/7758
f 7572/7758 7700/7887 7701/7888 7573/7759
f 7573/7759 7701/7888 7702/7889 7574/7760
f 7574/7760 7702/7889 7703/7890 7575/7761
f 7575/7761 7703/7890 7704/7891 7576/7762
f 7576/7762 7704/7891 7705/7892 7577/7763
f 7577/7763 7705/7892 7706/7893 7578/7764
f 7578/7764 7706/7893 7707/7894 7579/7765
f 7579/7765 7707/7894 7708/7895 7580/7766
f 7580/7766 7708/7895 7709/7896 7581/7767
f 7581/7767 7709/7896 7710/7897 7582/7768
f 7582/7768 7710/7897 7711/7898 7583/7769
f 7583/7769 7711/7898 7712/7899 7584/7770
f 7584/7770 7712/7899 7713/7900 7585/7771
f 7585/7771 7713/7900 7714/7901 7586/7772
f 7586/7772 7714/7901 7715/7902 7587/7773
f 7587/7773 7715/7902 7716/7903 7588/7774
f 7588/7774 7716/7903 7717/7904 7589/7775
f 7589/7775 7717/7904 7718/7905 7590/7776
f 7590/7776 7718/7905 7719/7906 7591/7777
f 7591/7777 7719/7906 7720/7907 7592/7778
f 7592/7778 7720/7907 7721/7908 7593/7779
f 7593/7779 7721/7908 7722/7909 7594/7780
f 7594/7780 7722/7909 7723/7910 7595/7781
f 7595/7781 7723/7910 7724/7911 7596/7782
f 7596/7782 7724/7911 7725/7912 7597/7783
f 7597/7783 7725/7912 7726/7913 7598/7784
f 7598/7784 7726/7913 7727/7914 7599/7785
f 7599/7785 7727/7914 7728/7915 7600/7786
f 7600/7786 7728/7915 7729/7916 7601/7787
f 7601/7787 7729/7916 7730/7917 7602/7788
f 7602/7788 7730/7917 7731/7918 7603/7789
f 7603/7789 7731/7918 7732/7919 7604/7790
f 7604/7790 7732/7919 7733/7920 7605/7791
f 7605/7791 7733/7920 7734/7921 7606/7792
f 7606/7792 7734/7921 7735/7922 7607/7793
f 7607/7793 7735/7922 7736/7923 7608/7794
f 7608/7794 7736/7923 7737/7924 7609/7795
f 7609/7795 7737/7924 7738/7925 7610/7796
f 7610/7796 7738/7925 7739/7926 7611/7797
f 7611/7797 7739/7926 7740/7927 7612/7798
f 7612/7798 7740/7927 7741/7928 7613/7799
f 7613/7799 7741/7928 7742/7929 7614/7800
f 7614/7800 7742/7929 7743/7930 7615/7801
f 7615/7801 7743/7930 7744/7931 7616/7802
f 7616/7802 7744/7931 7745/7932 7617/7803
f 7617/7803 7745/7932 7746/7933 7618/7804
f 7618/7804 7746/7933 7747/7934 7619/7805
f 7619/7805 7747/7934 7748/7935 7620/7806
f 7620/7806 7748/7935 7749/7936 7621/7807
f 7621/7807 7749/7936 7750/7937 7622/7808
f 7622/7808 7750/7937 7751/7938 7623/7809
f 7623/7809 7751/7938 7752/7939 7624/7810
f 7624/7810 7752/7939 7753/7940 7625/7811
f 7625/7811 7753/7940 7754/7941 7626/7812
f 7626/7812 7754/7941 7755/7942 7627/7813
f 7627/7813 7755/7942 7756/7943 7628/7814
f 7628/7814 7756/7943 7757/7944 7629/7815
f 7629/7815 7757/7944 7758/7945 7630/7816
f 7630/7816 7758/7945 7759/7946 7631/7817
f 7631/7817 7759/7946 7760/7947 7632/7818
f 7632/7818 7760/7947 7761/7948 7633/7819
f 7633/7819 7761/7948 7762/7949 7634/7820
f 7634/7820 7762/7949 7763/7950 7635/7821
f 7635/7821 7763/7950 7764/7951 7636/7822
f 7636/7822 7764/7951 7765/7952 7637/7823
f 7637/7823 7765/7952 7766/7953 7638/7824
f 7638/7824 7766/7953 7767/7954 7639/7825
f 7639/7825 7767/7954 7768/7955 7640/7826
f 7640/7826 7768/7955 7769/7956 7641/7827
f 7641/7827 7769/7956 7770/7957 7642/7828
f 7642/7828 7770/7957 7771/7958 7643/7829
f 7643/7829 7771/7958 7772/7959 7644/7830
f 7644/7830 7772/7959 7773/7960 7645/7831
f 7645/7831 7773/7960 7774/7961 7646/7832
f 7646/7832 7774/7961 7775/7962 7647/7833
f 7647/7833 7775/7962 7776/7963 7648/7834
f 7648/7834 7776/7963 7777/7964 7649/7835
f 7649/7835 7777/7964 7778/7965 7650/7836
f 7650/7836 7778/7965 7779/7966 7651/7837
f 7651/7837 7779/7966 7780/7967 7652/7838
f 7652/7838 7780/7967 7781/7968 7653/7839
f 7653/7839 7781/7968 7782/7969 7654/7840
f 7654/7840 7782/7969 7783/7970 7655/7841
f 7655/7841 7783/7970 7784/7971 7656/7842
f 7656/7842 7784/7971 7785/7972 7657/7843
f 7657/7843 7785/7972 7786/7973 7658/7844
f 7658/7844 7786/7973 7787/7974 7659/7845
f 7659/7845 7787/7974 7788/7975 7660/7846
f 7660/7846 7788/7975 7789/7976 7661/7847
f 7661/7847 7789/7976 7790/7977 7662/7848
f 7662/7848 7790/7977 7791/7978 7663/7849
f 7663/7849 7791/7978 7792/7979 7664/7850
f 7664/7850 7792/7979 7793/7980 7665/7851
f 7665/7851 7793/7980 7794/7981 7666/7852
f 7666/7852 7794/7981 7795/7982 7667/7853
f 7667/7853 7795/7982 7796/7983 7668/7854
f 7668/7854 7796/7983 7797/7984 7669/7855
f 7669/7855 7797/7984 7798/7985 7670/7856
f 7670/7856 7798/7985 7799/7986 7671/7857
f 7671/7857 7799/7986 7800/7987 7672/7858
f 7672/7858 7800/7987 7801/7988 7673/7859
f 7673/7859 7801/7988 7802/7989 7674/7860
f 7674/7860 7802/7989 7803/7990 7675/7861
f 7675/7861 7803/7990 7804/7991 7676/7862
f 7676/7862 7804/7991 7805/7992 7677/7863
f 7677/7863 7805/7992 7806/7993 7678/7864
f 7678/7864 7806/7993 7807/7994 7679/7865
f 7679/7865 7807/7994 7808/7995 7680/7866
f 7680/7866 7808/7995 7809/7996 7681/7867
f 7681/7867 7809/7996 7682/7997 7554/7868
f 7682/7869 7810/7998 7811/7999 7683/7870
f 7683/7870 7811/7999 7812/8000 7684/7871
f 7684/7871 7812/8000 7813/8001 7685/7872
f 7685/7872 7813/8001 7814/8002 7686/7873
f 7686/7873 7814/8002 7815/8003 7687/7874
f 7687/7874 7815/8003 7816/8004 7688/7875
f 7688/7875 7816/8004 7817/8005 7689/7876
f 7689/7876 7817/8005 7818/8006 7690/7877
f 7690/7877 7818/8006 7819/8007 7691/7878
f 7691/7878 7819/8007 7820/8008 7692/7879
f 7692/7879 7820/8008 7821/8009 7693/7880
f 7693/7880 7821/8009 7822/8010 7694/7881
f 7694/7881 7822/8010 7823/8011 7695/7882
f 7695/7882 7823/8011 7824/8012 7696/7883
f 7696/7883 7824/8012 7825/8013 7697/7884
f 7697/7884 7825/8013 7826/8014 7698/7885
f 7698/7885 7826/8014 7827/8015 7699/7886
f 7699/7886 7827/8015 7828/8016 7700/7887
f 7700/7887 7828/8016 7829/8017 7701/7888
f 7701/7888 7829/8017 7830/8018 7702/7889
f 7702/7889 7830/8018 7831/8019 7703/7890
f 7703/7890 7831/8019 7832/8020 7704/7891
f 7704/7891 7832/8020 7833/8021 7705/7892
f 7705/7892 7833/8021 7834/8022 7706/7893
f 7706/7893 7834/8022 7835/8023 7707/7894
f 7707/7894 7835/8023 7836/8024 7708/7895
f 7708/7895 7836/8024 7837/8025 7709/7896
f 7709/7896 7837/8025 7838/8026 7710/7897
f 7710/7897 7838/8026 7839/8027 7711/7898
f 7711/7898 7839/8027 7840/8028 7712/7899
f 7712/7899 7840/8028 7841/8029 7713/7900
f 7713/7900 7841/8029 7842/8030 7714/7901
f 7714/7901 7842/8030 7843/8031 7715/7902
f 7715/7902 7843/8031 7844/8032 7716/7903
f 7716/7903 7844/8032 7845/8033 7717/7904
f 7717/7904 7845/8033 7846/8034 7718/7905
f 7718/7905 7846/8034 7847/8035 7719/7906
f 7719/7906 7847/8035 7848/8036 7720/7907
f 7720/7907 7848/8036 7849/8037 7721/7908
f 7721/7908 7849/8037 7850/8038 7722/7909
f 7722/7909 7850/8038 7851/8039 7723/7910
f 7723/7910 7851/8039 7852/8040 7724/7911
f 7724/7911 7852/8040 7853/8041 7725/7912
f 7725/7912 7853/8041 7854/8042 7726/7913
f 7726/7913 7854/8042 7855/8043 7727/7914
f 7727/7914 7855/8043 7856/8044 7728/7915
f 7728/7915 7856/8044 7857/8045 7729/7916
f 7729/7916 7857/8045 7858/8046 7730/7917
f 7730/7917 7858/8046 7859/8047 7731/7918
f 7731/7918 7859/8047 7860/8048 7732/7919
f 7732/7919 7860/8048 7861/8049 7733/7920
f 7733/7920 7861/8049 7862/8050 7734/7921
f 7734/7921 7862/8050 7863/8051 7735/7922
f 7735/7922 7863/8051 7864/8052 7736/7923
f 7736/7923 7864/8052 7865/8053 7737/7924
f 7737/7924 7865/8053 7866/8054 7738/7925
f 7738/7925 7866/8054 7867/8055 7739/7926
f 7739/7926 7867/8055 7868/8056 7740/7927
f 7740/7927 7868/8056 7869/8057 7741/7928
f 7741/7928 7869/8057 7870/8058 7742/7929
f 7742/7929 7870/8058 7871/8059 7743/7930
f 7743/7930 7871/8059 7872/8060 7744/7931
f 7744/7931 7872/8060 7873/8061 7745/7932
f 7745/7932 7873/8061 7874/8062 7746/7933
f 7746/7933 7874/8062 7875/8063 7747/7934
f 7747/7934 7875/8063 7876/8064 7748/7935
f 7748/7935 7876/8064 7877/8065 7749/7936
f 7749/7936 7877/8065 7878/8066 7750/7937
f 7750/7937 7878/8066 7879/8067 7751/7938
f 7751/7938 7879/8067 7880/8068 7752/7939
f 7752/7939 7880/8068 7881/8069 7753/7940
f 7753/7940 7881/8069 7882/8070 7754/7941
f 7754/7941 7882/8070 7883/8071 7755/7942
f 7755/7942 7883/8071 7884/8072 7756/7943
f 7756/7943 7884/8072 7885/8073 7757/7944
f 7757/7944 7885/8073 7886/8074 7758/7945
f 7758/7945 7886/8074 7887/8075 7759/7946
f 7759/7946 7887/8075 7888/8076 7760/7947
f 7760/7947 7888/8076 7889/8077 7761/7948
f 7761/7948 7889/8077 7890/8078 7762/7949
f 7762/7949 7890/8078 7891/8079 7763/7950
f 7763/7950 7891/8079 7892/8080 7764/7951
f 7764/7951 7892/8080 7893/8081 7765/7952
f 7765/7952 7893/8081 7894/8082 7766/7953
f 7766/7953 7894/8082 7895/8083 7767/7954
f 7767/7954 7895/8083 7896/8084 7768/7955
f 7768/7955 7896/8084 7897/8085 7769/7956
f 7769/7956 7897/8085 7898/8086 7770/7957
f 7770/7957 7898/8086 7899/8087 7771/7958
f 7771/7958 7899/8087 7900/8088 7772/7959
f 7772/7959 7900/8088 7901/8089 7773/7960
f 7773/7960 7901/8089 7902/8090 7774/7961
f 7774/7961 7902/8090 7903/8091 7775/7962
f 7775/7962 7903/8091 7904/8092 7776/7963
f 7776/7963 7904/8092 7905/8093 7777/7964
f 7777/7964 7905/8093 7906/8094 7778/7965
f 7778/7965 7906/8094 7907/8095 7779/7966
f 7779/7966 7907/8095 7908/8096 7780/7967
f 7780/7967 7908/8096 7909/8097 7781/7968
f 7781/7968 7909/8097 7910/8098 7782/7969
f 7782/7969 7910/8098 7911/8099 7783/7970
f 7783/7970 7911/8099 7912/8100 7784/7971
f 7784/7971 7912/8100 7913/8101 7785/7972
f 7785/7972 7913/8101 7914/8102 7786/7973
f 7786/7973 7914/8102 7915/8103 7787/7974
f 7787/7974 7915/8103 7916/8104 7788/7975
f 7788/7975 7916/8104 7917/8105 7789/7976
f 7789/7976 7917/8105 7918/8106 7790/7977
f 7790/7977 7918/8106 7919/8107 7791/7978
f 7791/7978 7919/8107 7920/8108 7792/7979
f 7792/7979 7920/8108 7921/8109 7793/7980
f 7793/7980 7921/8109 7922/8110 7794/7981
f 7794/7981 7922/8110 7923/8111 7795/7982
f 7795/7982 7923/8111 7924/8112 7796/7983
f 7796/7983 7924/8112 7925/8113 7797/7984
f 7797/7984 7925/8113 7926/8114 7798/7985
f 7798/7985 7926/8114 7927/8115 7799/7986
f 7799/7986 7927/8115 7928/8116 7800/7987
f 7800/7987 7928/8116 7929/8117 7801/7988
f 7801/7988 7929/8117 7930/8118 7802/7989
f 7802/7989 7930/8118 7931/8119 7803/7990
f 7803/7990 7931/8119 7932/8120 7804/7991
f 7804/7991 7932/8120 7933/8121 7805/7992
f 7805/7992 7933/8121 7934/8122 7806/7993
f 7806/7993 7934/8122 7935/8123 7807/7994
f 7807/7994 7935/8123 7936/8124 7808/7995
f 7808/7995 7936/8124 7937/8125 7809/7996
f 7809/7996 7937/8125 7810/8126 7682/7997
f 7810/7998 7938/8127 7939/8128 7811/7999
f 7811/7999 7939/8128 7940/8129 7812/8000
f 7812/8000 7940/8129 7941/8130 7813/8001
f 7813/8001 7941/8130 7942/8131 7814/8002
f 7814/8002 7942/8131 7943/8132 7815/8003
f 7815/8003 7943/8132 7944/8133 7816/8004
f 7816/8004 7944/8133 7945/8134 7817/8005
f 7817/8005 7945/8134 7946/8135 7818/8006
f 7818/8006 7946/8135 7947/8136 7819/8007
f 7819/8007 7947/8136 7948/8137 7820/8008
f 7820/8008 7948/8137 7949/8138 7821/8009
f 7821/8009 7949/8138 7950/8139 7822/8010
f 7822/8010 7950/8139 7951/8140 7823/8011
f 7823/8011 7951/8140 7952/8141 7824/8012
f 7824/8012 7952/8141 7953/8142 7825/8013
f 7825/8013 7953/8142 7954/8143 7826/8014
f 7826/8014 7954/8143 7955/8144 7827/8015
f 7827/8015 7955/8144 7956/8145 7828/8016
f 7828/8016 7956/8145 7957/8146 7829/8017
f 7829/8017 7957/8146 7958/8147 7830/8018
f 7830/8018 7958/8147 7959/8148 7831/8019
f 7831/8019 7959/8148 7960/8149 7832/8020
f 7832/8020 7960/8149 7961/8150 7833/8021
f 7833/8021 7961/8150 7962/8151 7834/8022
f 7834/8022 7962/8151 7963/8152 7835/8023
f 7835/8023 7963/8152 7964/8153 7836/8024
f 7836/8024 7964/8153 7965/8154 7837/8025
f 7837/8025 7965/8154 7966/8155 7838/8026
f 7838/8026 7966/8155 7967/8156 7839/8027
f 7839/8027 7967/8156 7968/8157 7840/8028
f 7840/8028 7968/8157 7969/8158 7841/8029
f 7841/8029 7969/8158 7970/8159 7842/8030
f 7842/8030 7970/8159 7971/8160 7843/8031
f 7843/8031 7971/8160 7972/8161 7844/8032
f 7844/8032 7972/8161 7973/8162 7845/8033
f 7845/8033 7973/8162 7974/8163 7846/8034
f 7846/8034 7974/8163 7975/8164 7847/8035
f 7847/8035 7975/8164 7976/8165 7848/8036
f 7848/8036 7976/8165 7977/8166 7849/8037
f 7849/8037 7977/8166 7978/8167 7850/8038
f 7850/8038 7978/8167 7979/8168 7851/8039
f 7851/8039 7979/8168 7980/8169 7852/8040
f 7852/8040 7980/8169 7981/8170 7853/8041
f 7853/8041 7981/8170 7982/8171 7854/8042
f 7854/8042 7982/8171 7983/8172 7855/8043
f 7855/8043 7983/8172 7984/8173 7856/8044
f 7856/8044 7984/8173 7985/8174 7857/8045
f 7857/8045 7985/8174 7986/8175 7858/8046
f 7858/8046 7986/8175 7987/8176 7859/8047
f 7859/8047 7987/8176 7988/8177 7860/8048
f 7860/8048 7988/8177 7989/8178 7861/8049
f 7861/8049 7989/8178 7990/8179 7862/8050
f 7862/8050 7990/8179 7991/8180 7863/8051
f 7863/8051 7991/8180 7992/8181 7864/8052
f 7864/8052 7992/8181 7993/8182 7865/8053
f 7865/8053 7993/8182 7994/8183 7866/8054
f 7866/8054 7994/8183 7995/8184 7867/8055
f 7867/8055 7995/8184 7996/8185 7868/8056
f 7868/8056 7996/8185 7997/8186 7869/8057
f 7869/8057 7997/8186 7998/8187 7870/8058
f 7870/8058 7998/8187 7999/8188 7871/8059
f 7871/8059 7999/8188 8000/8189 7872/8060
f 7872/8060 8000/8189 8001/8190 7873/8061
f 7873/8061 8001/8190 8002/8191 7874/8062
f 7874/8062 8002/8191 8003/8192 7875/8063
f 7875/8063 8003/8192 8004/8193 7876/8064
f 7876/8064 8004/8193 8005/8194 7877/8065
f 7877/8065 8005/8194 8006/8195 7878/8066
f 7878/8066 8006/8195 8007/8196 7879/8067
f 7879/8067 8007/8196 8008/8197 7880/8068
f 7880/8068 8008/8197 8009/8198 7881/8069
f 7881/8069 8009/8198 8010/8199 7882/8070
f 7882/8070 8010/8199 8011/8200 7883/8071
f 7883/8071 8011/8200 8012/8201 7884/8072
f 7884/8072 8012/8201 8013/8202 7885/8073
f 7885/8073 8013/8202 8014/8203 7886/8074
f 7886/8074 8014/8203 8015/8204 7887/8075
f 7887/8075 8015/8204 8016/8205 7888/8076
f 7888/8076 8016/8205 8017/8206 7889/8077
f 7889/8077 8017/8206 8018/8207 7890/8078
f 7890/8078 8018/8207 8019/8208 7891/8079
f 7891/8079 8019/8208 8020/8209 7892/8080
f 7892/8080 8020/8209 8021/8210 7893/8081
f 7893/8081 8021/8210 8022/8211 7894/8082
f 7894/8082 8022/8211 8023/8212 7895/8083
f 7895/8083 8023/8212 8024/8213 7896/8084
f 7896/8084 8024/8213 8025/8214 7897/8085
f 7897/8085 8025/8214 8026/8215 7898/8086
f 7898/8086 8026/8215 8027/8216 7899/8087
f 7899/8087 8027/8216 8028/8217 7900/8088
f 7900/8088 8028/8217 8029/8218 7901/8089
f 7901/8089 8029/8218 8030/8219 7902/8090
f 7902/8090 8030/8219 8031/8220 7903/8091
f 7903/8091 8031/8220 8032/8221 7904/8092
f 7904/8092 8032/8221 8033/8222 7905/8093
f 7905/8093 8033/8222 8034/8223 7906/8094
f 7906/8094 8034/8223 8035/8224 7907/8095
f 7907/8095 8035/8224 8036/8225 7908/8096
f 7908/8096 8036/8225 8037/8226 7909/8097
f 7909/8097 8037/8226 8038/8227 7910/8098
f 7910/8098 8038/8227 8039/8228 7911/8099
f 7911/8099 8039/8228 8040/8229 7912/8100
f 7912/8100 8040/8229 8041/8230 7913/8101
f 7913/8101 8041/8230 8042/8231 7914/8102
f 7914/8102 8042/8231 8043/8232 7915/8103
f 7915/8103 8043/8232 8044/8233 7916/8104
f 7916/8104 8044/8233 8045/8234 7917/8105
f 7917/8105 8045/8234 8046/8235 7918/8106
f 7918/8106 8046/8235 8047/8236 7919/8107
f 7919/8107 8047/8236 8048/8237 7920/8108
f 7920/8108 8048/8237 8049/8238 7921/8109
f 7921/8109 8049/8238 8050/8239 7922/8110
f 7922/8110 8050/8239 8051/8240 7923/8111
f 7923/8111 8051/8240 8052/8241 7924/8112
f 7924/8112 8052/8241 8053/8242 7925/8113
f 7925/8113 8053/8242 8054/8243 7926/8114
f 7926/8114 8054/8243 8055/8244 7927/8115
f 7927/8115 8055/8244 8056/8245 7928/8116
f 7928/8116 8056/8245 8057/8246 7929/8117
f 7929/8117 8057/8246 8058/8247 7930/8118
f 7930/8118 8058/8247 8059/8248 7931/8119
f 7931/8119 8059/8248 8060/8249 7932/8120
f 7932/8120 8060/8249 8061/8250 7933/8121
f 7933/8121 8061/8250 8062/8251 7934/8122
f 7934/8122 8062/8251 8063/8252 7935/8123
f 7935/8123 8063/8252 8064/8253 7936/8124
f 7936/8124 8064/8253 8065/8254 7937/8125
f 7937/8125 8065/8254 7938/8255 7810/8126
f 7938/8127 8066/8256 7939/8257
f 7939/8128 8066/8257 7940/8258
f 7940/8129 8066/8258 7941/8259
f 7941/8130 8066/8259 7942/8260
f 7942/8131 8066/8260 7943/8261
f 7943/8132 8066/8261 7944/8262
f 7944/8133 8066/8262 7945/8263
f 7945/8134 8066/8263 7946/8264
f 7946/8135 8066/8264 7947/8265
f 7947/8136 8066/8265 7948/8266
f 7948/8137 8066/8266 7949/8267
f 7949/8138 8066/8267 7950/8268
f 7950/8139 8066/8268 7951/8269
f 7951/8140 8066/8269 7952/8270
f 7952/8141 8066/8270 7953/8271
f 7953/8142 8066/8271 7954/8272
f 7954/8143 8066/8272 7955/8273
f 7955/8144 8066/8273 7956/8274
f 7956/8145 8066/8274 7957/8275
f 7957/8146 8066/8275 7958/8276
f 7958/8147 8066/8276 7959/8277
f 7959/8148 8066/8277 7960/8278
f 7960/8149 8066/8278 7961/8279
f 7961/8150 8066/8279 7962/8280
f 7962/8151 8066/8280 7963/8281
f 7963/8152 8066/8281 7964/8282
f 7964/8153 8066/8282 7965/8283
f 7965/8154 8066/8283 7966/8284
f 7966/8155 8066/8284 7967/8285
f 7967/8156 8066/8285 7968/8286
f 7968/8157 8066/8286 7969/8287
f 7969/8158 8066/8287 7970/8288
f 7970/8159 8066/8288 7971/8289
f 7971/8160 8066/8289 7972/8290
f 7972/8161 8066/8290 7973/8291
f 7973/8162 8066/8291 7974/8292
f 7974/8163 8066/8292 7975/8293
f 7975/8164 8066/8293 7976/8294
f 7976/8165 8066/8294 7977/8295
f 7977/8166 8066/8295 7978/8296
f 7978/8167 8066/8296 7979/8297
f 7979/8168 8066/8297 7980/8298
f 7980/8169 8066/8298 7981/8299
f 7981/8170 8066/8299 7982/8300
f 7982/8171 8066/8300 7983/8301
f 7983/8172 8066/8301 7984/8302
f 7984/8173 8066/8302 7985/8303
f 7985/8174 8066/8303 7986/8304
f 7986/8175 8066/8304 7987/8305
f 7987/8176 8066/8305 7988/8306
f 7988/8177 8066/8306 7989/8307
f 7989/8178 8066/8307 7990/8308
f 7990/8179 8066/8308 7991/8309
f 7991/8180 8066/8309 7992/8310
f 7992/8181 8066/8310 7993/8311
f 7993/8182 8066/8311 7994/8312
f 7994/8183 8066/8312 7995/8313
f 7995/8184 8066/8313 7996/8314
f 7996/8185 8066/8314 7997/8315
f 7997/8186 8066/8315 7998/8316
f 7998/8187 8066/8316 7999/8317
f 7999/8188 8066/8317 8000/8318
f 8000/8189 8066/8318 8001/8319
f 8001/8190 8066/8319 8002/8320
f 8002/8191 8066/8320 8003/8321
f 8003/8192 8066/8321 8004/8322
f 8004/8193 8066/8322 8005/8323
f 8005/8194 8066/8323 8006/8324
f 8006/8195 8066/8324 8007/8325
f 8007/8196 8066/8325 8008/8326
f 8008/8197 8066/8326 8009/8327
f 8009/8198 8066/8327 8010/8328
f 8010/8199 8066/8328 8011/8329
f 8011/8200 8066/8329 8012/8330
f 8012/8201 8066/8330 8013/8331
f 8013/8202 8066/8331 8014/8332
f 8014/8203 8066/8332 8015/8333
f 8015/8204 8066/8333 8016/8334
f 8016/8205 8066/8334 8017/8335
f 8017/8206 8066/8335 8018/8336
f 8018/8207 8066/8336 8019/8337
f 8019/8208 8066/8337 8020/8338
f 8020/8209 8066/8338 8021/8339
f 8021/8210 8066/8339 8022/8340
f 8022/8211 8066/8340 8023/8341
f 8023/8212 8066/8341 8024/8342
f 8024/8213 8066/8342 8025/8343
f 8025/8214 8066/8343 8026/8344
f 8026/8215 8066/8344 8027/8345
f 8027/8216 8066/8345 8028/8346
f 8028/8217 8066/8346 8029/8347
f 8029/8218 8066/8347 8030/8348
f 8030/8219 8066/8348 8031/8349
f 8031/8220 8066/8349 8032/8350
f 8032/8221 8066/8350 8033/8351
f 8033/8222 8066/8351 8034/8352
f 8034/8223 8066/8352 8035/8353
f 8035/8224 8066/8353 8036/8354
f 8036/8225 8066/8354 8037/8355
f 8037/8226 8066/8355 8038/8356
f 8038/8227 8066/8356 8039/8357
f 8039/8228 8066/8357 8040/8358
f 8040/8229 8066/8358 8041/8359
f 8041/8230 8066/8359 8042/8360
f 8042/8231 8066/8360 8043/8361
f 8043/8232 8066/8361 8044/8362
f 8044/8233 8066/8362 8045/8363
f 8045/8234 8066/8363 8046/8364
f 8046/8235 8066/8364 8047/8365
f 8047/8236 8066/8365 8048/8366
f 8048/8237 8066/8366 8049/8367
f 8049/8238 8066/8367 8050/8368
f 8050/8239 8066/8368 8051/8369
f 8051/8240 8066/8369 8052/8370
f 8052/8241 8066/8370 8053/8371
f 8053/8242 8066/8371 8054/8372
f 8054/8243 8066/8372 8055/8373
f 8055/8244 8066/8373 8056/8374
f 8056/8245 8066/8374 8057/8375
f 8057/8246 8066/8375 8058/8376
f 8058/8247 8066/8376 8059/8377
f 8059/8248 8066/8377 8060/8378
f 8060/8249 8066/8378 8061/8379
f 8061/8250 8066/8379 8062/8380
f 8062/8251 8066/8380 8063/8381
f 8063/8252 8066/8381 8064/8382
f 8064/8253 8066/8382 8065/8383
f 8065/8254 8066/8383 7938/8384

 